ISO-10303-21;
HEADER;
FILE_DESCRIPTION(('KiCad electronic assembly'),'2;1');
FILE_NAME('LilyCam.step','2026-09-10T15:26:11',('Pcbnew'),('Kicad'),
  'Open CASCADE STEP processor 7.9','KiCad to STEP converter','Unknown'
  );
FILE_SCHEMA(('AUTOMOTIVE_DESIGN { 1 0 10303 214 1 1 1 1 }'));
ENDSEC;
DATA;
#1 = APPLICATION_PROTOCOL_DEFINITION('international standard',
  'automotive_design',2000,#2);
#2 = APPLICATION_CONTEXT(
  'core data for automotive mechanical design processes');
#3 = SHAPE_DEFINITION_REPRESENTATION(#4,#10);
#4 = PRODUCT_DEFINITION_SHAPE('','',#5);
#5 = PRODUCT_DEFINITION('design','',#6,#9);
#6 = PRODUCT_DEFINITION_FORMATION('','',#7);
#7 = PRODUCT('LilyCam 1','LilyCam 1','',(#8));
#8 = PRODUCT_CONTEXT('',#2,'mechanical');
#9 = PRODUCT_DEFINITION_CONTEXT('part definition',#2,'design');
#10 = SHAPE_REPRESENTATION('',(#11,#15,#19,#23,#27,#31),#35);
#11 = AXIS2_PLACEMENT_3D('',#12,#13,#14);
#12 = CARTESIAN_POINT('',(0.,0.,0.));
#13 = DIRECTION('',(0.,0.,1.));
#14 = DIRECTION('',(1.,0.,-0.));
#15 = AXIS2_PLACEMENT_3D('',#16,#17,#18);
#16 = CARTESIAN_POINT('',(84.5,-116.75,-8.5E-02));
#17 = DIRECTION('',(1.499759782662E-32,1.224646799147E-16,-1.));
#18 = DIRECTION('',(-1.,1.224646799147E-16,0.));
#19 = AXIS2_PLACEMENT_3D('',#20,#21,#22);
#20 = CARTESIAN_POINT('',(67.5,-109.5,-8.5E-02));
#21 = DIRECTION('',(1.224646799147E-16,-1.359631073447E-32,-1.));
#22 = DIRECTION('',(1.110223024625E-16,1.,0.));
#23 = AXIS2_PLACEMENT_3D('',#24,#25,#26);
#24 = CARTESIAN_POINT('',(84.5,-95.,-8.5E-02));
#25 = DIRECTION('',(1.499759782662E-32,1.224646799147E-16,-1.));
#26 = DIRECTION('',(-1.,1.224646799147E-16,0.));
#27 = AXIS2_PLACEMENT_3D('',#28,#29,#30);
#28 = CARTESIAN_POINT('',(84.5,-105.5,-8.5E-02));
#29 = DIRECTION('',(1.499759782662E-32,1.224646799147E-16,-1.));
#30 = DIRECTION('',(-1.,1.224646799147E-16,0.));
#31 = AXIS2_PLACEMENT_3D('',#32,#33,#34);
#32 = CARTESIAN_POINT('',(0.,0.,0.));
#33 = DIRECTION('',(0.,0.,1.));
#34 = DIRECTION('',(1.,0.,-0.));
#35 = ( GEOMETRIC_REPRESENTATION_CONTEXT(3) 
GLOBAL_UNCERTAINTY_ASSIGNED_CONTEXT((#39)) GLOBAL_UNIT_ASSIGNED_CONTEXT(
(#36,#37,#38)) REPRESENTATION_CONTEXT('Context #1',
  '3D Context with UNIT and UNCERTAINTY') );
#36 = ( LENGTH_UNIT() NAMED_UNIT(*) SI_UNIT(.MILLI.,.METRE.) );
#37 = ( NAMED_UNIT(*) PLANE_ANGLE_UNIT() SI_UNIT($,.RADIAN.) );
#38 = ( NAMED_UNIT(*) SI_UNIT($,.STERADIAN.) SOLID_ANGLE_UNIT() );
#39 = UNCERTAINTY_MEASURE_WITH_UNIT(LENGTH_MEASURE(1.E-07),#36,
  'distance_accuracy_value','confusion accuracy');
#40 = PRODUCT_RELATED_PRODUCT_CATEGORY('part',$,(#7));
#41 = SHAPE_DEFINITION_REPRESENTATION(#42,#48);
#42 = PRODUCT_DEFINITION_SHAPE('','',#43);
#43 = PRODUCT_DEFINITION('design','',#44,#47);
#44 = PRODUCT_DEFINITION_FORMATION('','',#45);
#45 = PRODUCT('SW_PUSH_6mm','SW_PUSH_6mm','',(#46));
#46 = PRODUCT_CONTEXT('',#2,'mechanical');
#47 = PRODUCT_DEFINITION_CONTEXT('part definition',#2,'design');
#48 = SHAPE_REPRESENTATION('',(#11,#49),#53);
#49 = AXIS2_PLACEMENT_3D('',#50,#51,#52);
#50 = CARTESIAN_POINT('',(0.,0.,0.));
#51 = DIRECTION('',(0.,0.,1.));
#52 = DIRECTION('',(1.,0.,-0.));
#53 = ( GEOMETRIC_REPRESENTATION_CONTEXT(3) 
GLOBAL_UNCERTAINTY_ASSIGNED_CONTEXT((#57)) GLOBAL_UNIT_ASSIGNED_CONTEXT(
(#54,#55,#56)) REPRESENTATION_CONTEXT('Context #1',
  '3D Context with UNIT and UNCERTAINTY') );
#54 = ( LENGTH_UNIT() NAMED_UNIT(*) SI_UNIT(.MILLI.,.METRE.) );
#55 = ( NAMED_UNIT(*) PLANE_ANGLE_UNIT() SI_UNIT($,.RADIAN.) );
#56 = ( NAMED_UNIT(*) SI_UNIT($,.STERADIAN.) SOLID_ANGLE_UNIT() );
#57 = UNCERTAINTY_MEASURE_WITH_UNIT(LENGTH_MEASURE(1.E-07),#54,
  'distance_accuracy_value','confusion accuracy');
#58 = CONTEXT_DEPENDENT_SHAPE_REPRESENTATION(#59,#61);
#59 = ( REPRESENTATION_RELATIONSHIP('','',#48,#10) 
REPRESENTATION_RELATIONSHIP_WITH_TRANSFORMATION(#60) 
SHAPE_REPRESENTATION_RELATIONSHIP() );
#60 = ITEM_DEFINED_TRANSFORMATION('','',#11,#15);
#61 = PRODUCT_DEFINITION_SHAPE('Placement','Placement of an item',#62);
#62 = NEXT_ASSEMBLY_USAGE_OCCURRENCE('2','SW3','',#5,#43,$);
#63 = PRODUCT_RELATED_PRODUCT_CATEGORY('part',$,(#45));
#64 = SHAPE_DEFINITION_REPRESENTATION(#65,#71);
#65 = PRODUCT_DEFINITION_SHAPE('','',#66);
#66 = PRODUCT_DEFINITION('design','',#67,#70);
#67 = PRODUCT_DEFINITION_FORMATION('','',#68);
#68 = PRODUCT('SW_PUSH_6mm','SW_PUSH_6mm','',(#69));
#69 = PRODUCT_CONTEXT('',#2,'mechanical');
#70 = PRODUCT_DEFINITION_CONTEXT('part definition',#2,'design');
#71 = ADVANCED_BREP_SHAPE_REPRESENTATION('',(#11,#72),#3301);
#72 = MANIFOLD_SOLID_BREP('',#73);
#73 = CLOSED_SHELL('',(#74,#91,#116,#239,#270,#295,#320,#344,#368,#393,
    #418,#435,#460,#485,#510,#535,#566,#591,#616,#704,#792,#817,#842,
    #859,#868,#894,#903,#912,#956,#1106,#1130,#1273,#1423,#1573,#1590,
    #1740,#1764,#1907,#2057,#2207,#2224,#2233,#2250,#2267,#2284,#2301,
    #2323,#2340,#2357,#2374,#2391,#2403,#2420,#2437,#2454,#2471,#2488,
    #2505,#2522,#2539,#2551,#2573,#2590,#2607,#2624,#2641,#2653,#2670,
    #2687,#2704,#2721,#2738,#2755,#2772,#2789,#2801,#2823,#2840,#2857,
    #2874,#2891,#2903,#2920,#2937,#2954,#2971,#2988,#3005,#3022,#3039,
    #3051,#3073,#3090,#3107,#3124,#3141,#3153,#3170,#3187,#3204,#3221,
    #3238,#3255,#3272,#3289));
#74 = ADVANCED_FACE('',(#75),#86,.F.);
#75 = FACE_BOUND('',#76,.T.);
#76 = EDGE_LOOP('',(#77));
#77 = ORIENTED_EDGE('',*,*,#78,.T.);
#78 = EDGE_CURVE('',#79,#79,#81,.T.);
#79 = VERTEX_POINT('',#80);
#80 = CARTESIAN_POINT('',(1.65,-4.25,4.1));
#81 = CIRCLE('',#82,0.5);
#82 = AXIS2_PLACEMENT_3D('',#83,#84,#85);
#83 = CARTESIAN_POINT('',(1.15,-4.25,4.1));
#84 = DIRECTION('',(0.,0.,1.));
#85 = DIRECTION('',(1.,0.,-0.));
#86 = PLANE('',#87);
#87 = AXIS2_PLACEMENT_3D('',#88,#89,#90);
#88 = CARTESIAN_POINT('',(1.65,-4.25,4.1));
#89 = DIRECTION('',(0.,0.,-1.));
#90 = DIRECTION('',(-1.,0.,0.));
#91 = ADVANCED_FACE('',(#92),#111,.T.);
#92 = FACE_BOUND('',#93,.T.);
#93 = EDGE_LOOP('',(#94,#102,#103,#104));
#94 = ORIENTED_EDGE('',*,*,#95,.T.);
#95 = EDGE_CURVE('',#96,#79,#98,.T.);
#96 = VERTEX_POINT('',#97);
#97 = CARTESIAN_POINT('',(1.65,-4.25,3.6));
#98 = LINE('',#99,#100);
#99 = CARTESIAN_POINT('',(1.65,-4.25,3.5));
#100 = VECTOR('',#101,1.);
#101 = DIRECTION('',(0.,0.,1.));
#102 = ORIENTED_EDGE('',*,*,#78,.F.);
#103 = ORIENTED_EDGE('',*,*,#95,.F.);
#104 = ORIENTED_EDGE('',*,*,#105,.F.);
#105 = EDGE_CURVE('',#96,#96,#106,.T.);
#106 = CIRCLE('',#107,0.5);
#107 = AXIS2_PLACEMENT_3D('',#108,#109,#110);
#108 = CARTESIAN_POINT('',(1.15,-4.25,3.6));
#109 = DIRECTION('',(0.,0.,-1.));
#110 = DIRECTION('',(1.,0.,0.));
#111 = CYLINDRICAL_SURFACE('',#112,0.5);
#112 = AXIS2_PLACEMENT_3D('',#113,#114,#115);
#113 = CARTESIAN_POINT('',(1.15,-4.25,3.5));
#114 = DIRECTION('',(-0.,-0.,-1.));
#115 = DIRECTION('',(1.,0.,0.));
#116 = ADVANCED_FACE('',(#117,#187,#198,#209,#220,#231),#234,.F.);
#117 = FACE_BOUND('',#118,.F.);
#118 = EDGE_LOOP('',(#119,#129,#138,#146,#155,#163,#172,#180));
#119 = ORIENTED_EDGE('',*,*,#120,.F.);
#120 = EDGE_CURVE('',#121,#123,#125,.T.);
#121 = VERTEX_POINT('',#122);
#122 = CARTESIAN_POINT('',(0.45,-5.25,3.6));
#123 = VERTEX_POINT('',#124);
#124 = CARTESIAN_POINT('',(5.85,-5.25,3.6));
#125 = LINE('',#126,#127);
#126 = CARTESIAN_POINT('',(0.15,-5.25,3.6));
#127 = VECTOR('',#128,1.);
#128 = DIRECTION('',(1.,0.,0.));
#129 = ORIENTED_EDGE('',*,*,#130,.T.);
#130 = EDGE_CURVE('',#121,#131,#133,.T.);
#131 = VERTEX_POINT('',#132);
#132 = CARTESIAN_POINT('',(0.15,-4.95,3.6));
#133 = CIRCLE('',#134,0.3);
#134 = AXIS2_PLACEMENT_3D('',#135,#136,#137);
#135 = CARTESIAN_POINT('',(0.45,-4.95,3.6));
#136 = DIRECTION('',(-0.,-0.,-1.));
#137 = DIRECTION('',(0.,-1.,0.));
#138 = ORIENTED_EDGE('',*,*,#139,.F.);
#139 = EDGE_CURVE('',#140,#131,#142,.T.);
#140 = VERTEX_POINT('',#141);
#141 = CARTESIAN_POINT('',(0.15,0.45,3.6));
#142 = LINE('',#143,#144);
#143 = CARTESIAN_POINT('',(0.15,0.75,3.6));
#144 = VECTOR('',#145,1.);
#145 = DIRECTION('',(0.,-1.,0.));
#146 = ORIENTED_EDGE('',*,*,#147,.F.);
#147 = EDGE_CURVE('',#148,#140,#150,.T.);
#148 = VERTEX_POINT('',#149);
#149 = CARTESIAN_POINT('',(0.45,0.75,3.6));
#150 = CIRCLE('',#151,0.3);
#151 = AXIS2_PLACEMENT_3D('',#152,#153,#154);
#152 = CARTESIAN_POINT('',(0.45,0.45,3.6));
#153 = DIRECTION('',(-0.,0.,1.));
#154 = DIRECTION('',(0.,-1.,0.));
#155 = ORIENTED_EDGE('',*,*,#156,.F.);
#156 = EDGE_CURVE('',#157,#148,#159,.T.);
#157 = VERTEX_POINT('',#158);
#158 = CARTESIAN_POINT('',(5.85,0.75,3.6));
#159 = LINE('',#160,#161);
#160 = CARTESIAN_POINT('',(6.15,0.75,3.6));
#161 = VECTOR('',#162,1.);
#162 = DIRECTION('',(-1.,0.,0.));
#163 = ORIENTED_EDGE('',*,*,#164,.F.);
#164 = EDGE_CURVE('',#165,#157,#167,.T.);
#165 = VERTEX_POINT('',#166);
#166 = CARTESIAN_POINT('',(6.15,0.45,3.6));
#167 = CIRCLE('',#168,0.3);
#168 = AXIS2_PLACEMENT_3D('',#169,#170,#171);
#169 = CARTESIAN_POINT('',(5.85,0.45,3.6));
#170 = DIRECTION('',(-0.,0.,1.));
#171 = DIRECTION('',(0.,-1.,0.));
#172 = ORIENTED_EDGE('',*,*,#173,.F.);
#173 = EDGE_CURVE('',#174,#165,#176,.T.);
#174 = VERTEX_POINT('',#175);
#175 = CARTESIAN_POINT('',(6.15,-4.95,3.6));
#176 = LINE('',#177,#178);
#177 = CARTESIAN_POINT('',(6.15,-5.25,3.6));
#178 = VECTOR('',#179,1.);
#179 = DIRECTION('',(0.,1.,0.));
#180 = ORIENTED_EDGE('',*,*,#181,.F.);
#181 = EDGE_CURVE('',#123,#174,#182,.T.);
#182 = CIRCLE('',#183,0.3);
#183 = AXIS2_PLACEMENT_3D('',#184,#185,#186);
#184 = CARTESIAN_POINT('',(5.85,-4.95,3.6));
#185 = DIRECTION('',(-0.,0.,1.));
#186 = DIRECTION('',(0.,-1.,0.));
#187 = FACE_BOUND('',#188,.F.);
#188 = EDGE_LOOP('',(#189));
#189 = ORIENTED_EDGE('',*,*,#190,.F.);
#190 = EDGE_CURVE('',#191,#191,#193,.T.);
#191 = VERTEX_POINT('',#192);
#192 = CARTESIAN_POINT('',(5.65,-4.25,3.6));
#193 = CIRCLE('',#194,0.5);
#194 = AXIS2_PLACEMENT_3D('',#195,#196,#197);
#195 = CARTESIAN_POINT('',(5.15,-4.25,3.6));
#196 = DIRECTION('',(0.,0.,-1.));
#197 = DIRECTION('',(1.,0.,0.));
#198 = FACE_BOUND('',#199,.F.);
#199 = EDGE_LOOP('',(#200));
#200 = ORIENTED_EDGE('',*,*,#201,.F.);
#201 = EDGE_CURVE('',#202,#202,#204,.T.);
#202 = VERTEX_POINT('',#203);
#203 = CARTESIAN_POINT('',(4.9,-2.25,3.6));
#204 = CIRCLE('',#205,1.75);
#205 = AXIS2_PLACEMENT_3D('',#206,#207,#208);
#206 = CARTESIAN_POINT('',(3.15,-2.25,3.6));
#207 = DIRECTION('',(0.,0.,-1.));
#208 = DIRECTION('',(1.,0.,0.));
#209 = FACE_BOUND('',#210,.F.);
#210 = EDGE_LOOP('',(#211));
#211 = ORIENTED_EDGE('',*,*,#212,.F.);
#212 = EDGE_CURVE('',#213,#213,#215,.T.);
#213 = VERTEX_POINT('',#214);
#214 = CARTESIAN_POINT('',(1.65,-0.25,3.6));
#215 = CIRCLE('',#216,0.5);
#216 = AXIS2_PLACEMENT_3D('',#217,#218,#219);
#217 = CARTESIAN_POINT('',(1.15,-0.25,3.6));
#218 = DIRECTION('',(0.,0.,-1.));
#219 = DIRECTION('',(1.,0.,0.));
#220 = FACE_BOUND('',#221,.F.);
#221 = EDGE_LOOP('',(#222));
#222 = ORIENTED_EDGE('',*,*,#223,.F.);
#223 = EDGE_CURVE('',#224,#224,#226,.T.);
#224 = VERTEX_POINT('',#225);
#225 = CARTESIAN_POINT('',(5.65,-0.25,3.6));
#226 = CIRCLE('',#227,0.5);
#227 = AXIS2_PLACEMENT_3D('',#228,#229,#230);
#228 = CARTESIAN_POINT('',(5.15,-0.25,3.6));
#229 = DIRECTION('',(0.,0.,-1.));
#230 = DIRECTION('',(1.,0.,0.));
#231 = FACE_BOUND('',#232,.F.);
#232 = EDGE_LOOP('',(#233));
#233 = ORIENTED_EDGE('',*,*,#105,.F.);
#234 = PLANE('',#235);
#235 = AXIS2_PLACEMENT_3D('',#236,#237,#238);
#236 = CARTESIAN_POINT('',(0.15,-5.25,3.6));
#237 = DIRECTION('',(0.,0.,-1.));
#238 = DIRECTION('',(-1.,0.,0.));
#239 = ADVANCED_FACE('',(#240),#265,.F.);
#240 = FACE_BOUND('',#241,.F.);
#241 = EDGE_LOOP('',(#242,#252,#258,#259));
#242 = ORIENTED_EDGE('',*,*,#243,.F.);
#243 = EDGE_CURVE('',#244,#246,#248,.T.);
#244 = VERTEX_POINT('',#245);
#245 = CARTESIAN_POINT('',(0.45,-5.25,3.5));
#246 = VERTEX_POINT('',#247);
#247 = CARTESIAN_POINT('',(5.85,-5.25,3.5));
#248 = LINE('',#249,#250);
#249 = CARTESIAN_POINT('',(0.15,-5.25,3.5));
#250 = VECTOR('',#251,1.);
#251 = DIRECTION('',(1.,0.,0.));
#252 = ORIENTED_EDGE('',*,*,#253,.T.);
#253 = EDGE_CURVE('',#244,#121,#254,.T.);
#254 = LINE('',#255,#256);
#255 = CARTESIAN_POINT('',(0.45,-5.25,3.5));
#256 = VECTOR('',#257,1.);
#257 = DIRECTION('',(0.,0.,1.));
#258 = ORIENTED_EDGE('',*,*,#120,.T.);
#259 = ORIENTED_EDGE('',*,*,#260,.F.);
#260 = EDGE_CURVE('',#246,#123,#261,.T.);
#261 = LINE('',#262,#263);
#262 = CARTESIAN_POINT('',(5.85,-5.25,3.5));
#263 = VECTOR('',#264,1.);
#264 = DIRECTION('',(0.,0.,1.));
#265 = PLANE('',#266);
#266 = AXIS2_PLACEMENT_3D('',#267,#268,#269);
#267 = CARTESIAN_POINT('',(0.15,-5.25,3.5));
#268 = DIRECTION('',(0.,1.,0.));
#269 = DIRECTION('',(1.,0.,0.));
#270 = ADVANCED_FACE('',(#271),#290,.T.);
#271 = FACE_BOUND('',#272,.T.);
#272 = EDGE_LOOP('',(#273,#274,#275,#283));
#273 = ORIENTED_EDGE('',*,*,#253,.T.);
#274 = ORIENTED_EDGE('',*,*,#130,.T.);
#275 = ORIENTED_EDGE('',*,*,#276,.F.);
#276 = EDGE_CURVE('',#277,#131,#279,.T.);
#277 = VERTEX_POINT('',#278);
#278 = CARTESIAN_POINT('',(0.15,-4.95,3.5));
#279 = LINE('',#280,#281);
#280 = CARTESIAN_POINT('',(0.15,-4.95,3.5));
#281 = VECTOR('',#282,1.);
#282 = DIRECTION('',(0.,0.,1.));
#283 = ORIENTED_EDGE('',*,*,#284,.F.);
#284 = EDGE_CURVE('',#244,#277,#285,.T.);
#285 = CIRCLE('',#286,0.3);
#286 = AXIS2_PLACEMENT_3D('',#287,#288,#289);
#287 = CARTESIAN_POINT('',(0.45,-4.95,3.5));
#288 = DIRECTION('',(-0.,-0.,-1.));
#289 = DIRECTION('',(0.,-1.,0.));
#290 = CYLINDRICAL_SURFACE('',#291,0.3);
#291 = AXIS2_PLACEMENT_3D('',#292,#293,#294);
#292 = CARTESIAN_POINT('',(0.45,-4.95,3.5));
#293 = DIRECTION('',(0.,0.,1.));
#294 = DIRECTION('',(0.,-1.,0.));
#295 = ADVANCED_FACE('',(#296),#315,.T.);
#296 = FACE_BOUND('',#297,.T.);
#297 = EDGE_LOOP('',(#298,#307,#313,#314));
#298 = ORIENTED_EDGE('',*,*,#299,.T.);
#299 = EDGE_CURVE('',#246,#300,#302,.T.);
#300 = VERTEX_POINT('',#301);
#301 = CARTESIAN_POINT('',(6.15,-4.95,3.5));
#302 = CIRCLE('',#303,0.3);
#303 = AXIS2_PLACEMENT_3D('',#304,#305,#306);
#304 = CARTESIAN_POINT('',(5.85,-4.95,3.5));
#305 = DIRECTION('',(-0.,0.,1.));
#306 = DIRECTION('',(0.,-1.,0.));
#307 = ORIENTED_EDGE('',*,*,#308,.T.);
#308 = EDGE_CURVE('',#300,#174,#309,.T.);
#309 = LINE('',#310,#311);
#310 = CARTESIAN_POINT('',(6.15,-4.95,3.5));
#311 = VECTOR('',#312,1.);
#312 = DIRECTION('',(0.,0.,1.));
#313 = ORIENTED_EDGE('',*,*,#181,.F.);
#314 = ORIENTED_EDGE('',*,*,#260,.F.);
#315 = CYLINDRICAL_SURFACE('',#316,0.3);
#316 = AXIS2_PLACEMENT_3D('',#317,#318,#319);
#317 = CARTESIAN_POINT('',(5.85,-4.95,3.5));
#318 = DIRECTION('',(0.,0.,1.));
#319 = DIRECTION('',(0.,-1.,0.));
#320 = ADVANCED_FACE('',(#321),#339,.F.);
#321 = FACE_BOUND('',#322,.F.);
#322 = EDGE_LOOP('',(#323,#331,#337,#338));
#323 = ORIENTED_EDGE('',*,*,#324,.F.);
#324 = EDGE_CURVE('',#325,#277,#327,.T.);
#325 = VERTEX_POINT('',#326);
#326 = CARTESIAN_POINT('',(0.15,0.45,3.5));
#327 = LINE('',#328,#329);
#328 = CARTESIAN_POINT('',(0.15,0.75,3.5));
#329 = VECTOR('',#330,1.);
#330 = DIRECTION('',(0.,-1.,0.));
#331 = ORIENTED_EDGE('',*,*,#332,.T.);
#332 = EDGE_CURVE('',#325,#140,#333,.T.);
#333 = LINE('',#334,#335);
#334 = CARTESIAN_POINT('',(0.15,0.45,3.5));
#335 = VECTOR('',#336,1.);
#336 = DIRECTION('',(0.,0.,1.));
#337 = ORIENTED_EDGE('',*,*,#139,.T.);
#338 = ORIENTED_EDGE('',*,*,#276,.F.);
#339 = PLANE('',#340);
#340 = AXIS2_PLACEMENT_3D('',#341,#342,#343);
#341 = CARTESIAN_POINT('',(0.15,0.75,3.5));
#342 = DIRECTION('',(1.,0.,0.));
#343 = DIRECTION('',(0.,-1.,0.));
#344 = ADVANCED_FACE('',(#345),#363,.F.);
#345 = FACE_BOUND('',#346,.F.);
#346 = EDGE_LOOP('',(#347,#355,#356,#357));
#347 = ORIENTED_EDGE('',*,*,#348,.F.);
#348 = EDGE_CURVE('',#300,#349,#351,.T.);
#349 = VERTEX_POINT('',#350);
#350 = CARTESIAN_POINT('',(6.15,0.45,3.5));
#351 = LINE('',#352,#353);
#352 = CARTESIAN_POINT('',(6.15,-5.25,3.5));
#353 = VECTOR('',#354,1.);
#354 = DIRECTION('',(0.,1.,0.));
#355 = ORIENTED_EDGE('',*,*,#308,.T.);
#356 = ORIENTED_EDGE('',*,*,#173,.T.);
#357 = ORIENTED_EDGE('',*,*,#358,.F.);
#358 = EDGE_CURVE('',#349,#165,#359,.T.);
#359 = LINE('',#360,#361);
#360 = CARTESIAN_POINT('',(6.15,0.45,3.5));
#361 = VECTOR('',#362,1.);
#362 = DIRECTION('',(0.,0.,1.));
#363 = PLANE('',#364);
#364 = AXIS2_PLACEMENT_3D('',#365,#366,#367);
#365 = CARTESIAN_POINT('',(6.15,-5.25,3.5));
#366 = DIRECTION('',(-1.,0.,0.));
#367 = DIRECTION('',(0.,1.,0.));
#368 = ADVANCED_FACE('',(#369),#388,.T.);
#369 = FACE_BOUND('',#370,.T.);
#370 = EDGE_LOOP('',(#371,#380,#381,#382));
#371 = ORIENTED_EDGE('',*,*,#372,.T.);
#372 = EDGE_CURVE('',#373,#325,#375,.T.);
#373 = VERTEX_POINT('',#374);
#374 = CARTESIAN_POINT('',(0.45,0.75,3.5));
#375 = CIRCLE('',#376,0.3);
#376 = AXIS2_PLACEMENT_3D('',#377,#378,#379);
#377 = CARTESIAN_POINT('',(0.45,0.45,3.5));
#378 = DIRECTION('',(-0.,0.,1.));
#379 = DIRECTION('',(0.,-1.,0.));
#380 = ORIENTED_EDGE('',*,*,#332,.T.);
#381 = ORIENTED_EDGE('',*,*,#147,.F.);
#382 = ORIENTED_EDGE('',*,*,#383,.F.);
#383 = EDGE_CURVE('',#373,#148,#384,.T.);
#384 = LINE('',#385,#386);
#385 = CARTESIAN_POINT('',(0.45,0.75,3.5));
#386 = VECTOR('',#387,1.);
#387 = DIRECTION('',(0.,0.,1.));
#388 = CYLINDRICAL_SURFACE('',#389,0.3);
#389 = AXIS2_PLACEMENT_3D('',#390,#391,#392);
#390 = CARTESIAN_POINT('',(0.45,0.45,3.5));
#391 = DIRECTION('',(0.,0.,1.));
#392 = DIRECTION('',(0.,1.,0.));
#393 = ADVANCED_FACE('',(#394),#413,.T.);
#394 = FACE_BOUND('',#395,.T.);
#395 = EDGE_LOOP('',(#396,#405,#411,#412));
#396 = ORIENTED_EDGE('',*,*,#397,.T.);
#397 = EDGE_CURVE('',#349,#398,#400,.T.);
#398 = VERTEX_POINT('',#399);
#399 = CARTESIAN_POINT('',(5.85,0.75,3.5));
#400 = CIRCLE('',#401,0.3);
#401 = AXIS2_PLACEMENT_3D('',#402,#403,#404);
#402 = CARTESIAN_POINT('',(5.85,0.45,3.5));
#403 = DIRECTION('',(-0.,0.,1.));
#404 = DIRECTION('',(0.,-1.,0.));
#405 = ORIENTED_EDGE('',*,*,#406,.T.);
#406 = EDGE_CURVE('',#398,#157,#407,.T.);
#407 = LINE('',#408,#409);
#408 = CARTESIAN_POINT('',(5.85,0.75,3.5));
#409 = VECTOR('',#410,1.);
#410 = DIRECTION('',(0.,0.,1.));
#411 = ORIENTED_EDGE('',*,*,#164,.F.);
#412 = ORIENTED_EDGE('',*,*,#358,.F.);
#413 = CYLINDRICAL_SURFACE('',#414,0.3);
#414 = AXIS2_PLACEMENT_3D('',#415,#416,#417);
#415 = CARTESIAN_POINT('',(5.85,0.45,3.5));
#416 = DIRECTION('',(0.,0.,1.));
#417 = DIRECTION('',(1.,0.,-0.));
#418 = ADVANCED_FACE('',(#419),#430,.F.);
#419 = FACE_BOUND('',#420,.F.);
#420 = EDGE_LOOP('',(#421,#427,#428,#429));
#421 = ORIENTED_EDGE('',*,*,#422,.F.);
#422 = EDGE_CURVE('',#398,#373,#423,.T.);
#423 = LINE('',#424,#425);
#424 = CARTESIAN_POINT('',(6.15,0.75,3.5));
#425 = VECTOR('',#426,1.);
#426 = DIRECTION('',(-1.,0.,0.));
#427 = ORIENTED_EDGE('',*,*,#406,.T.);
#428 = ORIENTED_EDGE('',*,*,#156,.T.);
#429 = ORIENTED_EDGE('',*,*,#383,.F.);
#430 = PLANE('',#431);
#431 = AXIS2_PLACEMENT_3D('',#432,#433,#434);
#432 = CARTESIAN_POINT('',(6.15,0.75,3.5));
#433 = DIRECTION('',(0.,-1.,0.));
#434 = DIRECTION('',(-1.,0.,0.));
#435 = ADVANCED_FACE('',(#436),#455,.T.);
#436 = FACE_BOUND('',#437,.T.);
#437 = EDGE_LOOP('',(#438,#446,#453,#454));
#438 = ORIENTED_EDGE('',*,*,#439,.T.);
#439 = EDGE_CURVE('',#191,#440,#442,.T.);
#440 = VERTEX_POINT('',#441);
#441 = CARTESIAN_POINT('',(5.65,-4.25,4.1));
#442 = LINE('',#443,#444);
#443 = CARTESIAN_POINT('',(5.65,-4.25,3.5));
#444 = VECTOR('',#445,1.);
#445 = DIRECTION('',(0.,0.,1.));
#446 = ORIENTED_EDGE('',*,*,#447,.F.);
#447 = EDGE_CURVE('',#440,#440,#448,.T.);
#448 = CIRCLE('',#449,0.5);
#449 = AXIS2_PLACEMENT_3D('',#450,#451,#452);
#450 = CARTESIAN_POINT('',(5.15,-4.25,4.1));
#451 = DIRECTION('',(0.,0.,1.));
#452 = DIRECTION('',(1.,0.,-0.));
#453 = ORIENTED_EDGE('',*,*,#439,.F.);
#454 = ORIENTED_EDGE('',*,*,#190,.F.);
#455 = CYLINDRICAL_SURFACE('',#456,0.5);
#456 = AXIS2_PLACEMENT_3D('',#457,#458,#459);
#457 = CARTESIAN_POINT('',(5.15,-4.25,3.5));
#458 = DIRECTION('',(-0.,-0.,-1.));
#459 = DIRECTION('',(1.,0.,0.));
#460 = ADVANCED_FACE('',(#461),#480,.T.);
#461 = FACE_BOUND('',#462,.T.);
#462 = EDGE_LOOP('',(#463,#471,#478,#479));
#463 = ORIENTED_EDGE('',*,*,#464,.T.);
#464 = EDGE_CURVE('',#202,#465,#467,.T.);
#465 = VERTEX_POINT('',#466);
#466 = CARTESIAN_POINT('',(4.9,-2.25,4.2));
#467 = LINE('',#468,#469);
#468 = CARTESIAN_POINT('',(4.9,-2.25,3.5));
#469 = VECTOR('',#470,1.);
#470 = DIRECTION('',(0.,0.,1.));
#471 = ORIENTED_EDGE('',*,*,#472,.F.);
#472 = EDGE_CURVE('',#465,#465,#473,.T.);
#473 = CIRCLE('',#474,1.75);
#474 = AXIS2_PLACEMENT_3D('',#475,#476,#477);
#475 = CARTESIAN_POINT('',(3.15,-2.25,4.2));
#476 = DIRECTION('',(0.,0.,1.));
#477 = DIRECTION('',(1.,0.,-0.));
#478 = ORIENTED_EDGE('',*,*,#464,.F.);
#479 = ORIENTED_EDGE('',*,*,#201,.F.);
#480 = CYLINDRICAL_SURFACE('',#481,1.75);
#481 = AXIS2_PLACEMENT_3D('',#482,#483,#484);
#482 = CARTESIAN_POINT('',(3.15,-2.25,3.5));
#483 = DIRECTION('',(-0.,-0.,-1.));
#484 = DIRECTION('',(1.,0.,0.));
#485 = ADVANCED_FACE('',(#486),#505,.T.);
#486 = FACE_BOUND('',#487,.T.);
#487 = EDGE_LOOP('',(#488,#496,#503,#504));
#488 = ORIENTED_EDGE('',*,*,#489,.T.);
#489 = EDGE_CURVE('',#213,#490,#492,.T.);
#490 = VERTEX_POINT('',#491);
#491 = CARTESIAN_POINT('',(1.65,-0.25,4.1));
#492 = LINE('',#493,#494);
#493 = CARTESIAN_POINT('',(1.65,-0.25,3.5));
#494 = VECTOR('',#495,1.);
#495 = DIRECTION('',(0.,0.,1.));
#496 = ORIENTED_EDGE('',*,*,#497,.F.);
#497 = EDGE_CURVE('',#490,#490,#498,.T.);
#498 = CIRCLE('',#499,0.5);
#499 = AXIS2_PLACEMENT_3D('',#500,#501,#502);
#500 = CARTESIAN_POINT('',(1.15,-0.25,4.1));
#501 = DIRECTION('',(0.,0.,1.));
#502 = DIRECTION('',(1.,0.,-0.));
#503 = ORIENTED_EDGE('',*,*,#489,.F.);
#504 = ORIENTED_EDGE('',*,*,#212,.F.);
#505 = CYLINDRICAL_SURFACE('',#506,0.5);
#506 = AXIS2_PLACEMENT_3D('',#507,#508,#509);
#507 = CARTESIAN_POINT('',(1.15,-0.25,3.5));
#508 = DIRECTION('',(-0.,-0.,-1.));
#509 = DIRECTION('',(1.,0.,0.));
#510 = ADVANCED_FACE('',(#511),#530,.T.);
#511 = FACE_BOUND('',#512,.T.);
#512 = EDGE_LOOP('',(#513,#521,#528,#529));
#513 = ORIENTED_EDGE('',*,*,#514,.T.);
#514 = EDGE_CURVE('',#224,#515,#517,.T.);
#515 = VERTEX_POINT('',#516);
#516 = CARTESIAN_POINT('',(5.65,-0.25,4.1));
#517 = LINE('',#518,#519);
#518 = CARTESIAN_POINT('',(5.65,-0.25,3.5));
#519 = VECTOR('',#520,1.);
#520 = DIRECTION('',(0.,0.,1.));
#521 = ORIENTED_EDGE('',*,*,#522,.F.);
#522 = EDGE_CURVE('',#515,#515,#523,.T.);
#523 = CIRCLE('',#524,0.5);
#524 = AXIS2_PLACEMENT_3D('',#525,#526,#527);
#525 = CARTESIAN_POINT('',(5.15,-0.25,4.1));
#526 = DIRECTION('',(0.,0.,1.));
#527 = DIRECTION('',(1.,0.,-0.));
#528 = ORIENTED_EDGE('',*,*,#514,.F.);
#529 = ORIENTED_EDGE('',*,*,#223,.F.);
#530 = CYLINDRICAL_SURFACE('',#531,0.5);
#531 = AXIS2_PLACEMENT_3D('',#532,#533,#534);
#532 = CARTESIAN_POINT('',(5.15,-0.25,3.5));
#533 = DIRECTION('',(-0.,-0.,-1.));
#534 = DIRECTION('',(1.,0.,0.));
#535 = ADVANCED_FACE('',(#536),#561,.F.);
#536 = FACE_BOUND('',#537,.F.);
#537 = EDGE_LOOP('',(#538,#548,#554,#555));
#538 = ORIENTED_EDGE('',*,*,#539,.F.);
#539 = EDGE_CURVE('',#540,#542,#544,.T.);
#540 = VERTEX_POINT('',#541);
#541 = CARTESIAN_POINT('',(0.45,-5.25,0.));
#542 = VERTEX_POINT('',#543);
#543 = CARTESIAN_POINT('',(5.85,-5.25,0.));
#544 = LINE('',#545,#546);
#545 = CARTESIAN_POINT('',(0.15,-5.25,0.));
#546 = VECTOR('',#547,1.);
#547 = DIRECTION('',(1.,0.,0.));
#548 = ORIENTED_EDGE('',*,*,#549,.T.);
#549 = EDGE_CURVE('',#540,#244,#550,.T.);
#550 = LINE('',#551,#552);
#551 = CARTESIAN_POINT('',(0.45,-5.25,0.));
#552 = VECTOR('',#553,1.);
#553 = DIRECTION('',(0.,0.,1.));
#554 = ORIENTED_EDGE('',*,*,#243,.T.);
#555 = ORIENTED_EDGE('',*,*,#556,.F.);
#556 = EDGE_CURVE('',#542,#246,#557,.T.);
#557 = LINE('',#558,#559);
#558 = CARTESIAN_POINT('',(5.85,-5.25,0.));
#559 = VECTOR('',#560,1.);
#560 = DIRECTION('',(0.,0.,1.));
#561 = PLANE('',#562);
#562 = AXIS2_PLACEMENT_3D('',#563,#564,#565);
#563 = CARTESIAN_POINT('',(0.15,-5.25,0.));
#564 = DIRECTION('',(0.,1.,0.));
#565 = DIRECTION('',(1.,0.,0.));
#566 = ADVANCED_FACE('',(#567),#586,.T.);
#567 = FACE_BOUND('',#568,.T.);
#568 = EDGE_LOOP('',(#569,#570,#571,#579));
#569 = ORIENTED_EDGE('',*,*,#549,.T.);
#570 = ORIENTED_EDGE('',*,*,#284,.T.);
#571 = ORIENTED_EDGE('',*,*,#572,.F.);
#572 = EDGE_CURVE('',#573,#277,#575,.T.);
#573 = VERTEX_POINT('',#574);
#574 = CARTESIAN_POINT('',(0.15,-4.95,0.));
#575 = LINE('',#576,#577);
#576 = CARTESIAN_POINT('',(0.15,-4.95,0.));
#577 = VECTOR('',#578,1.);
#578 = DIRECTION('',(0.,0.,1.));
#579 = ORIENTED_EDGE('',*,*,#580,.F.);
#580 = EDGE_CURVE('',#540,#573,#581,.T.);
#581 = CIRCLE('',#582,0.3);
#582 = AXIS2_PLACEMENT_3D('',#583,#584,#585);
#583 = CARTESIAN_POINT('',(0.45,-4.95,0.));
#584 = DIRECTION('',(-0.,-0.,-1.));
#585 = DIRECTION('',(0.,-1.,0.));
#586 = CYLINDRICAL_SURFACE('',#587,0.3);
#587 = AXIS2_PLACEMENT_3D('',#588,#589,#590);
#588 = CARTESIAN_POINT('',(0.45,-4.95,0.));
#589 = DIRECTION('',(0.,0.,1.));
#590 = DIRECTION('',(0.,-1.,0.));
#591 = ADVANCED_FACE('',(#592),#611,.T.);
#592 = FACE_BOUND('',#593,.T.);
#593 = EDGE_LOOP('',(#594,#603,#609,#610));
#594 = ORIENTED_EDGE('',*,*,#595,.T.);
#595 = EDGE_CURVE('',#542,#596,#598,.T.);
#596 = VERTEX_POINT('',#597);
#597 = CARTESIAN_POINT('',(6.15,-4.95,0.));
#598 = CIRCLE('',#599,0.3);
#599 = AXIS2_PLACEMENT_3D('',#600,#601,#602);
#600 = CARTESIAN_POINT('',(5.85,-4.95,0.));
#601 = DIRECTION('',(-0.,0.,1.));
#602 = DIRECTION('',(0.,-1.,0.));
#603 = ORIENTED_EDGE('',*,*,#604,.T.);
#604 = EDGE_CURVE('',#596,#300,#605,.T.);
#605 = LINE('',#606,#607);
#606 = CARTESIAN_POINT('',(6.15,-4.95,0.));
#607 = VECTOR('',#608,1.);
#608 = DIRECTION('',(0.,0.,1.));
#609 = ORIENTED_EDGE('',*,*,#299,.F.);
#610 = ORIENTED_EDGE('',*,*,#556,.F.);
#611 = CYLINDRICAL_SURFACE('',#612,0.3);
#612 = AXIS2_PLACEMENT_3D('',#613,#614,#615);
#613 = CARTESIAN_POINT('',(5.85,-4.95,0.));
#614 = DIRECTION('',(0.,0.,1.));
#615 = DIRECTION('',(0.,-1.,0.));
#616 = ADVANCED_FACE('',(#617),#699,.F.);
#617 = FACE_BOUND('',#618,.F.);
#618 = EDGE_LOOP('',(#619,#629,#635,#636,#637,#645,#653,#661,#669,#677,
    #685,#693));
#619 = ORIENTED_EDGE('',*,*,#620,.F.);
#620 = EDGE_CURVE('',#621,#623,#625,.T.);
#621 = VERTEX_POINT('',#622);
#622 = CARTESIAN_POINT('',(0.15,0.45,0.));
#623 = VERTEX_POINT('',#624);
#624 = CARTESIAN_POINT('',(0.15,0.35,0.));
#625 = LINE('',#626,#627);
#626 = CARTESIAN_POINT('',(0.15,0.75,0.));
#627 = VECTOR('',#628,1.);
#628 = DIRECTION('',(0.,-1.,0.));
#629 = ORIENTED_EDGE('',*,*,#630,.T.);
#630 = EDGE_CURVE('',#621,#325,#631,.T.);
#631 = LINE('',#632,#633);
#632 = CARTESIAN_POINT('',(0.15,0.45,0.));
#633 = VECTOR('',#634,1.);
#634 = DIRECTION('',(0.,0.,1.));
#635 = ORIENTED_EDGE('',*,*,#324,.T.);
#636 = ORIENTED_EDGE('',*,*,#572,.F.);
#637 = ORIENTED_EDGE('',*,*,#638,.F.);
#638 = EDGE_CURVE('',#639,#573,#641,.T.);
#639 = VERTEX_POINT('',#640);
#640 = CARTESIAN_POINT('',(0.15,-4.85,0.));
#641 = LINE('',#642,#643);
#642 = CARTESIAN_POINT('',(0.15,0.75,0.));
#643 = VECTOR('',#644,1.);
#644 = DIRECTION('',(0.,-1.,0.));
#645 = ORIENTED_EDGE('',*,*,#646,.F.);
#646 = EDGE_CURVE('',#647,#639,#649,.T.);
#647 = VERTEX_POINT('',#648);
#648 = CARTESIAN_POINT('',(0.15,-4.85,1.5));
#649 = LINE('',#650,#651);
#650 = CARTESIAN_POINT('',(0.15,-4.85,1.5));
#651 = VECTOR('',#652,1.);
#652 = DIRECTION('',(0.,5.551115123126E-16,-1.));
#653 = ORIENTED_EDGE('',*,*,#654,.T.);
#654 = EDGE_CURVE('',#647,#655,#657,.T.);
#655 = VERTEX_POINT('',#656);
#656 = CARTESIAN_POINT('',(0.15,-4.15,1.5));
#657 = LINE('',#658,#659);
#658 = CARTESIAN_POINT('',(0.15,-4.85,1.5));
#659 = VECTOR('',#660,1.);
#660 = DIRECTION('',(0.,1.,3.330669073875E-16));
#661 = ORIENTED_EDGE('',*,*,#662,.T.);
#662 = EDGE_CURVE('',#655,#663,#665,.T.);
#663 = VERTEX_POINT('',#664);
#664 = CARTESIAN_POINT('',(0.15,-4.15,0.));
#665 = LINE('',#666,#667);
#666 = CARTESIAN_POINT('',(0.15,-4.15,1.5));
#667 = VECTOR('',#668,1.);
#668 = DIRECTION('',(0.,5.551115123126E-16,-1.));
#669 = ORIENTED_EDGE('',*,*,#670,.F.);
#670 = EDGE_CURVE('',#671,#663,#673,.T.);
#671 = VERTEX_POINT('',#672);
#672 = CARTESIAN_POINT('',(0.15,-0.35,0.));
#673 = LINE('',#674,#675);
#674 = CARTESIAN_POINT('',(0.15,0.75,0.));
#675 = VECTOR('',#676,1.);
#676 = DIRECTION('',(0.,-1.,0.));
#677 = ORIENTED_EDGE('',*,*,#678,.F.);
#678 = EDGE_CURVE('',#679,#671,#681,.T.);
#679 = VERTEX_POINT('',#680);
#680 = CARTESIAN_POINT('',(0.15,-0.35,1.5));
#681 = LINE('',#682,#683);
#682 = CARTESIAN_POINT('',(0.15,-0.35,1.5));
#683 = VECTOR('',#684,1.);
#684 = DIRECTION('',(0.,5.551115123126E-16,-1.));
#685 = ORIENTED_EDGE('',*,*,#686,.T.);
#686 = EDGE_CURVE('',#679,#687,#689,.T.);
#687 = VERTEX_POINT('',#688);
#688 = CARTESIAN_POINT('',(0.15,0.35,1.5));
#689 = LINE('',#690,#691);
#690 = CARTESIAN_POINT('',(0.15,-0.35,1.5));
#691 = VECTOR('',#692,1.);
#692 = DIRECTION('',(0.,1.,3.330669073875E-16));
#693 = ORIENTED_EDGE('',*,*,#694,.T.);
#694 = EDGE_CURVE('',#687,#623,#695,.T.);
#695 = LINE('',#696,#697);
#696 = CARTESIAN_POINT('',(0.15,0.35,1.5));
#697 = VECTOR('',#698,1.);
#698 = DIRECTION('',(0.,5.551115123126E-16,-1.));
#699 = PLANE('',#700);
#700 = AXIS2_PLACEMENT_3D('',#701,#702,#703);
#701 = CARTESIAN_POINT('',(0.15,0.75,0.));
#702 = DIRECTION('',(1.,0.,0.));
#703 = DIRECTION('',(0.,-1.,0.));
#704 = ADVANCED_FACE('',(#705),#787,.F.);
#705 = FACE_BOUND('',#706,.F.);
#706 = EDGE_LOOP('',(#707,#715,#716,#717,#725,#733,#741,#749,#757,#765,
    #773,#781));
#707 = ORIENTED_EDGE('',*,*,#708,.F.);
#708 = EDGE_CURVE('',#596,#709,#711,.T.);
#709 = VERTEX_POINT('',#710);
#710 = CARTESIAN_POINT('',(6.15,-4.85,0.));
#711 = LINE('',#712,#713);
#712 = CARTESIAN_POINT('',(6.15,-5.25,0.));
#713 = VECTOR('',#714,1.);
#714 = DIRECTION('',(0.,1.,0.));
#715 = ORIENTED_EDGE('',*,*,#604,.T.);
#716 = ORIENTED_EDGE('',*,*,#348,.T.);
#717 = ORIENTED_EDGE('',*,*,#718,.F.);
#718 = EDGE_CURVE('',#719,#349,#721,.T.);
#719 = VERTEX_POINT('',#720);
#720 = CARTESIAN_POINT('',(6.15,0.45,0.));
#721 = LINE('',#722,#723);
#722 = CARTESIAN_POINT('',(6.15,0.45,0.));
#723 = VECTOR('',#724,1.);
#724 = DIRECTION('',(0.,0.,1.));
#725 = ORIENTED_EDGE('',*,*,#726,.F.);
#726 = EDGE_CURVE('',#727,#719,#729,.T.);
#727 = VERTEX_POINT('',#728);
#728 = CARTESIAN_POINT('',(6.15,0.35,0.));
#729 = LINE('',#730,#731);
#730 = CARTESIAN_POINT('',(6.15,-5.25,0.));
#731 = VECTOR('',#732,1.);
#732 = DIRECTION('',(0.,1.,0.));
#733 = ORIENTED_EDGE('',*,*,#734,.F.);
#734 = EDGE_CURVE('',#735,#727,#737,.T.);
#735 = VERTEX_POINT('',#736);
#736 = CARTESIAN_POINT('',(6.15,0.35,1.5));
#737 = LINE('',#738,#739);
#738 = CARTESIAN_POINT('',(6.15,0.35,1.5));
#739 = VECTOR('',#740,1.);
#740 = DIRECTION('',(0.,5.551115123126E-16,-1.));
#741 = ORIENTED_EDGE('',*,*,#742,.F.);
#742 = EDGE_CURVE('',#743,#735,#745,.T.);
#743 = VERTEX_POINT('',#744);
#744 = CARTESIAN_POINT('',(6.15,-0.35,1.5));
#745 = LINE('',#746,#747);
#746 = CARTESIAN_POINT('',(6.15,-0.35,1.5));
#747 = VECTOR('',#748,1.);
#748 = DIRECTION('',(0.,1.,3.330669073875E-16));
#749 = ORIENTED_EDGE('',*,*,#750,.T.);
#750 = EDGE_CURVE('',#743,#751,#753,.T.);
#751 = VERTEX_POINT('',#752);
#752 = CARTESIAN_POINT('',(6.15,-0.35,0.));
#753 = LINE('',#754,#755);
#754 = CARTESIAN_POINT('',(6.15,-0.35,1.5));
#755 = VECTOR('',#756,1.);
#756 = DIRECTION('',(0.,5.551115123126E-16,-1.));
#757 = ORIENTED_EDGE('',*,*,#758,.F.);
#758 = EDGE_CURVE('',#759,#751,#761,.T.);
#759 = VERTEX_POINT('',#760);
#760 = CARTESIAN_POINT('',(6.15,-4.15,0.));
#761 = LINE('',#762,#763);
#762 = CARTESIAN_POINT('',(6.15,-5.25,0.));
#763 = VECTOR('',#764,1.);
#764 = DIRECTION('',(0.,1.,0.));
#765 = ORIENTED_EDGE('',*,*,#766,.F.);
#766 = EDGE_CURVE('',#767,#759,#769,.T.);
#767 = VERTEX_POINT('',#768);
#768 = CARTESIAN_POINT('',(6.15,-4.15,1.5));
#769 = LINE('',#770,#771);
#770 = CARTESIAN_POINT('',(6.15,-4.15,1.5));
#771 = VECTOR('',#772,1.);
#772 = DIRECTION('',(0.,5.551115123126E-16,-1.));
#773 = ORIENTED_EDGE('',*,*,#774,.F.);
#774 = EDGE_CURVE('',#775,#767,#777,.T.);
#775 = VERTEX_POINT('',#776);
#776 = CARTESIAN_POINT('',(6.15,-4.85,1.5));
#777 = LINE('',#778,#779);
#778 = CARTESIAN_POINT('',(6.15,-4.85,1.5));
#779 = VECTOR('',#780,1.);
#780 = DIRECTION('',(0.,1.,3.330669073875E-16));
#781 = ORIENTED_EDGE('',*,*,#782,.T.);
#782 = EDGE_CURVE('',#775,#709,#783,.T.);
#783 = LINE('',#784,#785);
#784 = CARTESIAN_POINT('',(6.15,-4.85,1.5));
#785 = VECTOR('',#786,1.);
#786 = DIRECTION('',(0.,5.551115123126E-16,-1.));
#787 = PLANE('',#788);
#788 = AXIS2_PLACEMENT_3D('',#789,#790,#791);
#789 = CARTESIAN_POINT('',(6.15,-5.25,0.));
#790 = DIRECTION('',(-1.,0.,0.));
#791 = DIRECTION('',(0.,1.,0.));
#792 = ADVANCED_FACE('',(#793),#812,.T.);
#793 = FACE_BOUND('',#794,.T.);
#794 = EDGE_LOOP('',(#795,#804,#805,#806));
#795 = ORIENTED_EDGE('',*,*,#796,.T.);
#796 = EDGE_CURVE('',#797,#621,#799,.T.);
#797 = VERTEX_POINT('',#798);
#798 = CARTESIAN_POINT('',(0.45,0.75,0.));
#799 = CIRCLE('',#800,0.3);
#800 = AXIS2_PLACEMENT_3D('',#801,#802,#803);
#801 = CARTESIAN_POINT('',(0.45,0.45,0.));
#802 = DIRECTION('',(-0.,0.,1.));
#803 = DIRECTION('',(0.,-1.,0.));
#804 = ORIENTED_EDGE('',*,*,#630,.T.);
#805 = ORIENTED_EDGE('',*,*,#372,.F.);
#806 = ORIENTED_EDGE('',*,*,#807,.F.);
#807 = EDGE_CURVE('',#797,#373,#808,.T.);
#808 = LINE('',#809,#810);
#809 = CARTESIAN_POINT('',(0.45,0.75,0.));
#810 = VECTOR('',#811,1.);
#811 = DIRECTION('',(0.,0.,1.));
#812 = CYLINDRICAL_SURFACE('',#813,0.3);
#813 = AXIS2_PLACEMENT_3D('',#814,#815,#816);
#814 = CARTESIAN_POINT('',(0.45,0.45,0.));
#815 = DIRECTION('',(0.,0.,1.));
#816 = DIRECTION('',(0.,1.,0.));
#817 = ADVANCED_FACE('',(#818),#837,.T.);
#818 = FACE_BOUND('',#819,.T.);
#819 = EDGE_LOOP('',(#820,#829,#835,#836));
#820 = ORIENTED_EDGE('',*,*,#821,.T.);
#821 = EDGE_CURVE('',#719,#822,#824,.T.);
#822 = VERTEX_POINT('',#823);
#823 = CARTESIAN_POINT('',(5.85,0.75,0.));
#824 = CIRCLE('',#825,0.3);
#825 = AXIS2_PLACEMENT_3D('',#826,#827,#828);
#826 = CARTESIAN_POINT('',(5.85,0.45,0.));
#827 = DIRECTION('',(-0.,0.,1.));
#828 = DIRECTION('',(0.,-1.,0.));
#829 = ORIENTED_EDGE('',*,*,#830,.T.);
#830 = EDGE_CURVE('',#822,#398,#831,.T.);
#831 = LINE('',#832,#833);
#832 = CARTESIAN_POINT('',(5.85,0.75,0.));
#833 = VECTOR('',#834,1.);
#834 = DIRECTION('',(0.,0.,1.));
#835 = ORIENTED_EDGE('',*,*,#397,.F.);
#836 = ORIENTED_EDGE('',*,*,#718,.F.);
#837 = CYLINDRICAL_SURFACE('',#838,0.3);
#838 = AXIS2_PLACEMENT_3D('',#839,#840,#841);
#839 = CARTESIAN_POINT('',(5.85,0.45,0.));
#840 = DIRECTION('',(0.,0.,1.));
#841 = DIRECTION('',(1.,0.,-0.));
#842 = ADVANCED_FACE('',(#843),#854,.F.);
#843 = FACE_BOUND('',#844,.F.);
#844 = EDGE_LOOP('',(#845,#851,#852,#853));
#845 = ORIENTED_EDGE('',*,*,#846,.F.);
#846 = EDGE_CURVE('',#822,#797,#847,.T.);
#847 = LINE('',#848,#849);
#848 = CARTESIAN_POINT('',(6.15,0.75,0.));
#849 = VECTOR('',#850,1.);
#850 = DIRECTION('',(-1.,0.,0.));
#851 = ORIENTED_EDGE('',*,*,#830,.T.);
#852 = ORIENTED_EDGE('',*,*,#422,.T.);
#853 = ORIENTED_EDGE('',*,*,#807,.F.);
#854 = PLANE('',#855);
#855 = AXIS2_PLACEMENT_3D('',#856,#857,#858);
#856 = CARTESIAN_POINT('',(6.15,0.75,0.));
#857 = DIRECTION('',(0.,-1.,0.));
#858 = DIRECTION('',(-1.,0.,0.));
#859 = ADVANCED_FACE('',(#860),#863,.F.);
#860 = FACE_BOUND('',#861,.T.);
#861 = EDGE_LOOP('',(#862));
#862 = ORIENTED_EDGE('',*,*,#447,.T.);
#863 = PLANE('',#864);
#864 = AXIS2_PLACEMENT_3D('',#865,#866,#867);
#865 = CARTESIAN_POINT('',(5.65,-4.25,4.1));
#866 = DIRECTION('',(0.,0.,-1.));
#867 = DIRECTION('',(-1.,0.,0.));
#868 = ADVANCED_FACE('',(#869),#889,.T.);
#869 = FACE_BOUND('',#870,.T.);
#870 = EDGE_LOOP('',(#871,#872,#881,#888));
#871 = ORIENTED_EDGE('',*,*,#472,.T.);
#872 = ORIENTED_EDGE('',*,*,#873,.F.);
#873 = EDGE_CURVE('',#874,#465,#876,.T.);
#874 = VERTEX_POINT('',#875);
#875 = CARTESIAN_POINT('',(4.8,-2.25,4.3));
#876 = CIRCLE('',#877,0.1);
#877 = AXIS2_PLACEMENT_3D('',#878,#879,#880);
#878 = CARTESIAN_POINT('',(4.8,-2.25,4.2));
#879 = DIRECTION('',(-0.,1.,0.));
#880 = DIRECTION('',(1.,0.,0.));
#881 = ORIENTED_EDGE('',*,*,#882,.F.);
#882 = EDGE_CURVE('',#874,#874,#883,.T.);
#883 = CIRCLE('',#884,1.65);
#884 = AXIS2_PLACEMENT_3D('',#885,#886,#887);
#885 = CARTESIAN_POINT('',(3.15,-2.25,4.3));
#886 = DIRECTION('',(0.,0.,1.));
#887 = DIRECTION('',(1.,0.,-0.));
#888 = ORIENTED_EDGE('',*,*,#873,.T.);
#889 = TOROIDAL_SURFACE('',#890,1.65,0.1);
#890 = AXIS2_PLACEMENT_3D('',#891,#892,#893);
#891 = CARTESIAN_POINT('',(3.15,-2.25,4.2));
#892 = DIRECTION('',(0.,0.,-1.));
#893 = DIRECTION('',(1.,0.,0.));
#894 = ADVANCED_FACE('',(#895),#898,.F.);
#895 = FACE_BOUND('',#896,.T.);
#896 = EDGE_LOOP('',(#897));
#897 = ORIENTED_EDGE('',*,*,#497,.T.);
#898 = PLANE('',#899);
#899 = AXIS2_PLACEMENT_3D('',#900,#901,#902);
#900 = CARTESIAN_POINT('',(1.65,-0.25,4.1));
#901 = DIRECTION('',(0.,0.,-1.));
#902 = DIRECTION('',(-1.,0.,0.));
#903 = ADVANCED_FACE('',(#904),#907,.F.);
#904 = FACE_BOUND('',#905,.T.);
#905 = EDGE_LOOP('',(#906));
#906 = ORIENTED_EDGE('',*,*,#522,.T.);
#907 = PLANE('',#908);
#908 = AXIS2_PLACEMENT_3D('',#909,#910,#911);
#909 = CARTESIAN_POINT('',(5.65,-0.25,4.1));
#910 = DIRECTION('',(0.,0.,-1.));
#911 = DIRECTION('',(-1.,0.,0.));
#912 = ADVANCED_FACE('',(#913),#951,.T.);
#913 = FACE_BOUND('',#914,.T.);
#914 = EDGE_LOOP('',(#915,#916,#917,#918,#924,#925,#931,#932,#933,#934,
    #935,#936,#942,#943,#949,#950));
#915 = ORIENTED_EDGE('',*,*,#539,.F.);
#916 = ORIENTED_EDGE('',*,*,#580,.T.);
#917 = ORIENTED_EDGE('',*,*,#638,.F.);
#918 = ORIENTED_EDGE('',*,*,#919,.F.);
#919 = EDGE_CURVE('',#663,#639,#920,.T.);
#920 = LINE('',#921,#922);
#921 = CARTESIAN_POINT('',(0.15,0.75,0.));
#922 = VECTOR('',#923,1.);
#923 = DIRECTION('',(0.,-1.,0.));
#924 = ORIENTED_EDGE('',*,*,#670,.F.);
#925 = ORIENTED_EDGE('',*,*,#926,.F.);
#926 = EDGE_CURVE('',#623,#671,#927,.T.);
#927 = LINE('',#928,#929);
#928 = CARTESIAN_POINT('',(0.15,0.75,0.));
#929 = VECTOR('',#930,1.);
#930 = DIRECTION('',(0.,-1.,0.));
#931 = ORIENTED_EDGE('',*,*,#620,.F.);
#932 = ORIENTED_EDGE('',*,*,#796,.F.);
#933 = ORIENTED_EDGE('',*,*,#846,.F.);
#934 = ORIENTED_EDGE('',*,*,#821,.F.);
#935 = ORIENTED_EDGE('',*,*,#726,.F.);
#936 = ORIENTED_EDGE('',*,*,#937,.F.);
#937 = EDGE_CURVE('',#751,#727,#938,.T.);
#938 = LINE('',#939,#940);
#939 = CARTESIAN_POINT('',(6.15,-5.25,0.));
#940 = VECTOR('',#941,1.);
#941 = DIRECTION('',(0.,1.,0.));
#942 = ORIENTED_EDGE('',*,*,#758,.F.);
#943 = ORIENTED_EDGE('',*,*,#944,.F.);
#944 = EDGE_CURVE('',#709,#759,#945,.T.);
#945 = LINE('',#946,#947);
#946 = CARTESIAN_POINT('',(6.15,-5.25,0.));
#947 = VECTOR('',#948,1.);
#948 = DIRECTION('',(0.,1.,0.));
#949 = ORIENTED_EDGE('',*,*,#708,.F.);
#950 = ORIENTED_EDGE('',*,*,#595,.F.);
#951 = PLANE('',#952);
#952 = AXIS2_PLACEMENT_3D('',#953,#954,#955);
#953 = CARTESIAN_POINT('',(0.15,-5.25,0.));
#954 = DIRECTION('',(0.,0.,-1.));
#955 = DIRECTION('',(-1.,0.,0.));
#956 = ADVANCED_FACE('',(#957),#1101,.F.);
#957 = FACE_BOUND('',#958,.F.);
#958 = EDGE_LOOP('',(#959,#969,#978,#986,#995,#1003,#1011,#1019,#1028,
    #1036,#1045,#1053,#1062,#1068,#1069,#1077,#1086,#1094));
#959 = ORIENTED_EDGE('',*,*,#960,.T.);
#960 = EDGE_CURVE('',#961,#963,#965,.T.);
#961 = VERTEX_POINT('',#962);
#962 = CARTESIAN_POINT('',(-0.162230377286,0.35,-0.540767924286));
#963 = VERTEX_POINT('',#964);
#964 = CARTESIAN_POINT('',(-0.425000733956,0.35,-1.416669113186));
#965 = LINE('',#966,#967);
#966 = CARTESIAN_POINT('',(-0.15,0.35,-0.5));
#967 = VECTOR('',#968,1.);
#968 = DIRECTION('',(-0.287347885566,5.31700397722E-16,-0.957826285221)
  );
#969 = ORIENTED_EDGE('',*,*,#970,.T.);
#970 = EDGE_CURVE('',#963,#971,#973,.T.);
#971 = VERTEX_POINT('',#972);
#972 = CARTESIAN_POINT('',(-0.425000733956,0.35,-1.583330886814));
#973 = CIRCLE('',#974,0.29);
#974 = AXIS2_PLACEMENT_3D('',#975,#976,#977);
#975 = CARTESIAN_POINT('',(-0.147231111242,0.35,-1.5));
#976 = DIRECTION('',(0.,-1.,-3.330669073875E-16));
#977 = DIRECTION('',(0.,-3.330669073875E-16,1.));
#978 = ORIENTED_EDGE('',*,*,#979,.T.);
#979 = EDGE_CURVE('',#971,#980,#982,.T.);
#980 = VERTEX_POINT('',#981);
#981 = CARTESIAN_POINT('',(-0.162230377286,0.35,-2.459232075714));
#982 = LINE('',#983,#984);
#983 = CARTESIAN_POINT('',(-0.45,0.35,-1.5));
#984 = VECTOR('',#985,1.);
#985 = DIRECTION('',(0.287347885566,5.31700397722E-16,-0.957826285221));
#986 = ORIENTED_EDGE('',*,*,#987,.F.);
#987 = EDGE_CURVE('',#988,#980,#990,.T.);
#988 = VERTEX_POINT('',#989);
#989 = CARTESIAN_POINT('',(-0.15,0.35,-2.542562962528));
#990 = CIRCLE('',#991,0.29);
#991 = AXIS2_PLACEMENT_3D('',#992,#993,#994);
#992 = CARTESIAN_POINT('',(-0.44,0.35,-2.542562962528));
#993 = DIRECTION('',(0.,-1.,-3.330669073875E-16));
#994 = DIRECTION('',(0.,-3.330669073875E-16,1.));
#995 = ORIENTED_EDGE('',*,*,#996,.F.);
#996 = EDGE_CURVE('',#997,#988,#999,.T.);
#997 = VERTEX_POINT('',#998);
#998 = CARTESIAN_POINT('',(-0.15,0.35,-3.5));
#999 = LINE('',#1000,#1001);
#1000 = CARTESIAN_POINT('',(-0.15,0.35,-3.5));
#1001 = VECTOR('',#1002,1.);
#1002 = DIRECTION('',(0.,-5.551115123126E-16,1.));
#1003 = ORIENTED_EDGE('',*,*,#1004,.F.);
#1004 = EDGE_CURVE('',#1005,#997,#1007,.T.);
#1005 = VERTEX_POINT('',#1006);
#1006 = CARTESIAN_POINT('',(0.15,0.35,-3.5));
#1007 = LINE('',#1008,#1009);
#1008 = CARTESIAN_POINT('',(0.15,0.35,-3.5));
#1009 = VECTOR('',#1010,1.);
#1010 = DIRECTION('',(-1.,-0.,0.));
#1011 = ORIENTED_EDGE('',*,*,#1012,.F.);
#1012 = EDGE_CURVE('',#1013,#1005,#1015,.T.);
#1013 = VERTEX_POINT('',#1014);
#1014 = CARTESIAN_POINT('',(0.15,0.35,-2.542562962528));
#1015 = LINE('',#1016,#1017);
#1016 = CARTESIAN_POINT('',(0.15,0.35,-2.5));
#1017 = VECTOR('',#1018,1.);
#1018 = DIRECTION('',(0.,5.551115123126E-16,-1.));
#1019 = ORIENTED_EDGE('',*,*,#1020,.F.);
#1020 = EDGE_CURVE('',#1021,#1013,#1023,.T.);
#1021 = VERTEX_POINT('',#1022);
#1022 = CARTESIAN_POINT('',(0.137769622714,0.35,-2.459232075714));
#1023 = CIRCLE('',#1024,0.29);
#1024 = AXIS2_PLACEMENT_3D('',#1025,#1026,#1027);
#1025 = CARTESIAN_POINT('',(-0.14,0.35,-2.542562962528));
#1026 = DIRECTION('',(-0.,1.,3.330669073875E-16));
#1027 = DIRECTION('',(0.,-3.330669073875E-16,1.));
#1028 = ORIENTED_EDGE('',*,*,#1029,.T.);
#1029 = EDGE_CURVE('',#1021,#1030,#1032,.T.);
#1030 = VERTEX_POINT('',#1031);
#1031 = CARTESIAN_POINT('',(-0.125000733956,0.35,-1.583330886814));
#1032 = LINE('',#1033,#1034);
#1033 = CARTESIAN_POINT('',(0.15,0.35,-2.5));
#1034 = VECTOR('',#1035,1.);
#1035 = DIRECTION('',(-0.287347885566,-5.31700397722E-16,0.957826285221)
  );
#1036 = ORIENTED_EDGE('',*,*,#1037,.F.);
#1037 = EDGE_CURVE('',#1038,#1030,#1040,.T.);
#1038 = VERTEX_POINT('',#1039);
#1039 = CARTESIAN_POINT('',(-0.125000733956,0.35,-1.416669113186));
#1040 = CIRCLE('',#1041,0.29);
#1041 = AXIS2_PLACEMENT_3D('',#1042,#1043,#1044);
#1042 = CARTESIAN_POINT('',(0.152768888758,0.35,-1.5));
#1043 = DIRECTION('',(0.,-1.,-3.330669073875E-16));
#1044 = DIRECTION('',(0.,-3.330669073875E-16,1.));
#1045 = ORIENTED_EDGE('',*,*,#1046,.T.);
#1046 = EDGE_CURVE('',#1038,#1047,#1049,.T.);
#1047 = VERTEX_POINT('',#1048);
#1048 = CARTESIAN_POINT('',(0.137769622714,0.35,-0.540767924286));
#1049 = LINE('',#1050,#1051);
#1050 = CARTESIAN_POINT('',(-0.15,0.35,-1.5));
#1051 = VECTOR('',#1052,1.);
#1052 = DIRECTION('',(0.287347885566,-5.31700397722E-16,0.957826285221)
  );
#1053 = ORIENTED_EDGE('',*,*,#1054,.F.);
#1054 = EDGE_CURVE('',#1055,#1047,#1057,.T.);
#1055 = VERTEX_POINT('',#1056);
#1056 = CARTESIAN_POINT('',(0.15,0.35,-0.457437037472));
#1057 = CIRCLE('',#1058,0.29);
#1058 = AXIS2_PLACEMENT_3D('',#1059,#1060,#1061);
#1059 = CARTESIAN_POINT('',(-0.14,0.35,-0.457437037472));
#1060 = DIRECTION('',(-0.,1.,3.330669073875E-16));
#1061 = DIRECTION('',(0.,-3.330669073875E-16,1.));
#1062 = ORIENTED_EDGE('',*,*,#1063,.F.);
#1063 = EDGE_CURVE('',#623,#1055,#1064,.T.);
#1064 = LINE('',#1065,#1066);
#1065 = CARTESIAN_POINT('',(0.15,0.35,1.5));
#1066 = VECTOR('',#1067,1.);
#1067 = DIRECTION('',(0.,5.551115123126E-16,-1.));
#1068 = ORIENTED_EDGE('',*,*,#694,.F.);
#1069 = ORIENTED_EDGE('',*,*,#1070,.F.);
#1070 = EDGE_CURVE('',#1071,#687,#1073,.T.);
#1071 = VERTEX_POINT('',#1072);
#1072 = CARTESIAN_POINT('',(0.14,0.35,1.5));
#1073 = LINE('',#1074,#1075);
#1074 = CARTESIAN_POINT('',(-0.15,0.35,1.5));
#1075 = VECTOR('',#1076,1.);
#1076 = DIRECTION('',(1.,0.,0.));
#1077 = ORIENTED_EDGE('',*,*,#1078,.F.);
#1078 = EDGE_CURVE('',#1079,#1071,#1081,.T.);
#1079 = VERTEX_POINT('',#1080);
#1080 = CARTESIAN_POINT('',(-0.15,0.35,1.21));
#1081 = CIRCLE('',#1082,0.29);
#1082 = AXIS2_PLACEMENT_3D('',#1083,#1084,#1085);
#1083 = CARTESIAN_POINT('',(0.14,0.35,1.21));
#1084 = DIRECTION('',(-0.,1.,3.330669073875E-16));
#1085 = DIRECTION('',(0.,-3.330669073875E-16,1.));
#1086 = ORIENTED_EDGE('',*,*,#1087,.F.);
#1087 = EDGE_CURVE('',#1088,#1079,#1090,.T.);
#1088 = VERTEX_POINT('',#1089);
#1089 = CARTESIAN_POINT('',(-0.15,0.35,-0.457437037472));
#1090 = LINE('',#1091,#1092);
#1091 = CARTESIAN_POINT('',(-0.15,0.35,-0.5));
#1092 = VECTOR('',#1093,1.);
#1093 = DIRECTION('',(0.,-5.551115123126E-16,1.));
#1094 = ORIENTED_EDGE('',*,*,#1095,.F.);
#1095 = EDGE_CURVE('',#961,#1088,#1096,.T.);
#1096 = CIRCLE('',#1097,0.29);
#1097 = AXIS2_PLACEMENT_3D('',#1098,#1099,#1100);
#1098 = CARTESIAN_POINT('',(-0.44,0.35,-0.457437037472));
#1099 = DIRECTION('',(0.,-1.,-3.330669073875E-16));
#1100 = DIRECTION('',(0.,-3.330669073875E-16,1.));
#1101 = PLANE('',#1102);
#1102 = AXIS2_PLACEMENT_3D('',#1103,#1104,#1105);
#1103 = CARTESIAN_POINT('',(-0.15,0.35,-0.5));
#1104 = DIRECTION('',(1.64346021921E-31,-1.,-5.551115123126E-16));
#1105 = DIRECTION('',(0.,5.551115123126E-16,-1.));
#1106 = ADVANCED_FACE('',(#1107),#1125,.F.);
#1107 = FACE_BOUND('',#1108,.F.);
#1108 = EDGE_LOOP('',(#1109,#1117,#1123,#1124));
#1109 = ORIENTED_EDGE('',*,*,#1110,.F.);
#1110 = EDGE_CURVE('',#1111,#679,#1113,.T.);
#1111 = VERTEX_POINT('',#1112);
#1112 = CARTESIAN_POINT('',(0.14,-0.35,1.5));
#1113 = LINE('',#1114,#1115);
#1114 = CARTESIAN_POINT('',(-0.15,-0.35,1.5));
#1115 = VECTOR('',#1116,1.);
#1116 = DIRECTION('',(1.,0.,0.));
#1117 = ORIENTED_EDGE('',*,*,#1118,.T.);
#1118 = EDGE_CURVE('',#1111,#1071,#1119,.T.);
#1119 = LINE('',#1120,#1121);
#1120 = CARTESIAN_POINT('',(0.14,-0.35,1.5));
#1121 = VECTOR('',#1122,1.);
#1122 = DIRECTION('',(0.,1.,3.330669073875E-16));
#1123 = ORIENTED_EDGE('',*,*,#1070,.T.);
#1124 = ORIENTED_EDGE('',*,*,#686,.F.);
#1125 = PLANE('',#1126);
#1126 = AXIS2_PLACEMENT_3D('',#1127,#1128,#1129);
#1127 = CARTESIAN_POINT('',(-0.15,-0.35,1.5));
#1128 = DIRECTION('',(0.,3.330669073875E-16,-1.));
#1129 = DIRECTION('',(1.,0.,0.));
#1130 = ADVANCED_FACE('',(#1131),#1268,.T.);
#1131 = FACE_BOUND('',#1132,.T.);
#1132 = EDGE_LOOP('',(#1133,#1143,#1152,#1160,#1169,#1177,#1185,#1193,
    #1202,#1210,#1219,#1227,#1236,#1242,#1243,#1244,#1253,#1261));
#1133 = ORIENTED_EDGE('',*,*,#1134,.T.);
#1134 = EDGE_CURVE('',#1135,#1137,#1139,.T.);
#1135 = VERTEX_POINT('',#1136);
#1136 = CARTESIAN_POINT('',(-0.162230377286,-0.35,-0.540767924286));
#1137 = VERTEX_POINT('',#1138);
#1138 = CARTESIAN_POINT('',(-0.425000733956,-0.35,-1.416669113186));
#1139 = LINE('',#1140,#1141);
#1140 = CARTESIAN_POINT('',(-0.15,-0.35,-0.5));
#1141 = VECTOR('',#1142,1.);
#1142 = DIRECTION('',(-0.287347885566,5.31700397722E-16,-0.957826285221)
  );
#1143 = ORIENTED_EDGE('',*,*,#1144,.T.);
#1144 = EDGE_CURVE('',#1137,#1145,#1147,.T.);
#1145 = VERTEX_POINT('',#1146);
#1146 = CARTESIAN_POINT('',(-0.425000733956,-0.35,-1.583330886814));
#1147 = CIRCLE('',#1148,0.29);
#1148 = AXIS2_PLACEMENT_3D('',#1149,#1150,#1151);
#1149 = CARTESIAN_POINT('',(-0.147231111242,-0.35,-1.5));
#1150 = DIRECTION('',(0.,-1.,-3.330669073875E-16));
#1151 = DIRECTION('',(0.,-3.330669073875E-16,1.));
#1152 = ORIENTED_EDGE('',*,*,#1153,.T.);
#1153 = EDGE_CURVE('',#1145,#1154,#1156,.T.);
#1154 = VERTEX_POINT('',#1155);
#1155 = CARTESIAN_POINT('',(-0.162230377286,-0.35,-2.459232075714));
#1156 = LINE('',#1157,#1158);
#1157 = CARTESIAN_POINT('',(-0.45,-0.35,-1.5));
#1158 = VECTOR('',#1159,1.);
#1159 = DIRECTION('',(0.287347885566,5.31700397722E-16,-0.957826285221)
  );
#1160 = ORIENTED_EDGE('',*,*,#1161,.F.);
#1161 = EDGE_CURVE('',#1162,#1154,#1164,.T.);
#1162 = VERTEX_POINT('',#1163);
#1163 = CARTESIAN_POINT('',(-0.15,-0.35,-2.542562962528));
#1164 = CIRCLE('',#1165,0.29);
#1165 = AXIS2_PLACEMENT_3D('',#1166,#1167,#1168);
#1166 = CARTESIAN_POINT('',(-0.44,-0.35,-2.542562962528));
#1167 = DIRECTION('',(0.,-1.,-3.330669073875E-16));
#1168 = DIRECTION('',(0.,-3.330669073875E-16,1.));
#1169 = ORIENTED_EDGE('',*,*,#1170,.F.);
#1170 = EDGE_CURVE('',#1171,#1162,#1173,.T.);
#1171 = VERTEX_POINT('',#1172);
#1172 = CARTESIAN_POINT('',(-0.15,-0.35,-3.5));
#1173 = LINE('',#1174,#1175);
#1174 = CARTESIAN_POINT('',(-0.15,-0.35,-3.5));
#1175 = VECTOR('',#1176,1.);
#1176 = DIRECTION('',(0.,-5.551115123126E-16,1.));
#1177 = ORIENTED_EDGE('',*,*,#1178,.F.);
#1178 = EDGE_CURVE('',#1179,#1171,#1181,.T.);
#1179 = VERTEX_POINT('',#1180);
#1180 = CARTESIAN_POINT('',(0.15,-0.35,-3.5));
#1181 = LINE('',#1182,#1183);
#1182 = CARTESIAN_POINT('',(0.15,-0.35,-3.5));
#1183 = VECTOR('',#1184,1.);
#1184 = DIRECTION('',(-1.,-0.,0.));
#1185 = ORIENTED_EDGE('',*,*,#1186,.F.);
#1186 = EDGE_CURVE('',#1187,#1179,#1189,.T.);
#1187 = VERTEX_POINT('',#1188);
#1188 = CARTESIAN_POINT('',(0.15,-0.35,-2.542562962528));
#1189 = LINE('',#1190,#1191);
#1190 = CARTESIAN_POINT('',(0.15,-0.35,-2.5));
#1191 = VECTOR('',#1192,1.);
#1192 = DIRECTION('',(0.,5.551115123126E-16,-1.));
#1193 = ORIENTED_EDGE('',*,*,#1194,.F.);
#1194 = EDGE_CURVE('',#1195,#1187,#1197,.T.);
#1195 = VERTEX_POINT('',#1196);
#1196 = CARTESIAN_POINT('',(0.137769622714,-0.35,-2.459232075714));
#1197 = CIRCLE('',#1198,0.29);
#1198 = AXIS2_PLACEMENT_3D('',#1199,#1200,#1201);
#1199 = CARTESIAN_POINT('',(-0.14,-0.35,-2.542562962528));
#1200 = DIRECTION('',(-0.,1.,3.330669073875E-16));
#1201 = DIRECTION('',(0.,-3.330669073875E-16,1.));
#1202 = ORIENTED_EDGE('',*,*,#1203,.T.);
#1203 = EDGE_CURVE('',#1195,#1204,#1206,.T.);
#1204 = VERTEX_POINT('',#1205);
#1205 = CARTESIAN_POINT('',(-0.125000733956,-0.35,-1.583330886814));
#1206 = LINE('',#1207,#1208);
#1207 = CARTESIAN_POINT('',(0.15,-0.35,-2.5));
#1208 = VECTOR('',#1209,1.);
#1209 = DIRECTION('',(-0.287347885566,-5.31700397722E-16,0.957826285221)
  );
#1210 = ORIENTED_EDGE('',*,*,#1211,.F.);
#1211 = EDGE_CURVE('',#1212,#1204,#1214,.T.);
#1212 = VERTEX_POINT('',#1213);
#1213 = CARTESIAN_POINT('',(-0.125000733956,-0.35,-1.416669113186));
#1214 = CIRCLE('',#1215,0.29);
#1215 = AXIS2_PLACEMENT_3D('',#1216,#1217,#1218);
#1216 = CARTESIAN_POINT('',(0.152768888758,-0.35,-1.5));
#1217 = DIRECTION('',(0.,-1.,-3.330669073875E-16));
#1218 = DIRECTION('',(0.,-3.330669073875E-16,1.));
#1219 = ORIENTED_EDGE('',*,*,#1220,.T.);
#1220 = EDGE_CURVE('',#1212,#1221,#1223,.T.);
#1221 = VERTEX_POINT('',#1222);
#1222 = CARTESIAN_POINT('',(0.137769622714,-0.35,-0.540767924286));
#1223 = LINE('',#1224,#1225);
#1224 = CARTESIAN_POINT('',(-0.15,-0.35,-1.5));
#1225 = VECTOR('',#1226,1.);
#1226 = DIRECTION('',(0.287347885566,-5.31700397722E-16,0.957826285221)
  );
#1227 = ORIENTED_EDGE('',*,*,#1228,.F.);
#1228 = EDGE_CURVE('',#1229,#1221,#1231,.T.);
#1229 = VERTEX_POINT('',#1230);
#1230 = CARTESIAN_POINT('',(0.15,-0.35,-0.457437037472));
#1231 = CIRCLE('',#1232,0.29);
#1232 = AXIS2_PLACEMENT_3D('',#1233,#1234,#1235);
#1233 = CARTESIAN_POINT('',(-0.14,-0.35,-0.457437037472));
#1234 = DIRECTION('',(-0.,1.,3.330669073875E-16));
#1235 = DIRECTION('',(0.,-3.330669073875E-16,1.));
#1236 = ORIENTED_EDGE('',*,*,#1237,.F.);
#1237 = EDGE_CURVE('',#671,#1229,#1238,.T.);
#1238 = LINE('',#1239,#1240);
#1239 = CARTESIAN_POINT('',(0.15,-0.35,1.5));
#1240 = VECTOR('',#1241,1.);
#1241 = DIRECTION('',(0.,5.551115123126E-16,-1.));
#1242 = ORIENTED_EDGE('',*,*,#678,.F.);
#1243 = ORIENTED_EDGE('',*,*,#1110,.F.);
#1244 = ORIENTED_EDGE('',*,*,#1245,.F.);
#1245 = EDGE_CURVE('',#1246,#1111,#1248,.T.);
#1246 = VERTEX_POINT('',#1247);
#1247 = CARTESIAN_POINT('',(-0.15,-0.35,1.21));
#1248 = CIRCLE('',#1249,0.29);
#1249 = AXIS2_PLACEMENT_3D('',#1250,#1251,#1252);
#1250 = CARTESIAN_POINT('',(0.14,-0.35,1.21));
#1251 = DIRECTION('',(-0.,1.,3.330669073875E-16));
#1252 = DIRECTION('',(0.,-3.330669073875E-16,1.));
#1253 = ORIENTED_EDGE('',*,*,#1254,.F.);
#1254 = EDGE_CURVE('',#1255,#1246,#1257,.T.);
#1255 = VERTEX_POINT('',#1256);
#1256 = CARTESIAN_POINT('',(-0.15,-0.35,-0.457437037472));
#1257 = LINE('',#1258,#1259);
#1258 = CARTESIAN_POINT('',(-0.15,-0.35,-0.5));
#1259 = VECTOR('',#1260,1.);
#1260 = DIRECTION('',(0.,-5.551115123126E-16,1.));
#1261 = ORIENTED_EDGE('',*,*,#1262,.F.);
#1262 = EDGE_CURVE('',#1135,#1255,#1263,.T.);
#1263 = CIRCLE('',#1264,0.29);
#1264 = AXIS2_PLACEMENT_3D('',#1265,#1266,#1267);
#1265 = CARTESIAN_POINT('',(-0.44,-0.35,-0.457437037472));
#1266 = DIRECTION('',(0.,-1.,-3.330669073875E-16));
#1267 = DIRECTION('',(0.,-3.330669073875E-16,1.));
#1268 = PLANE('',#1269);
#1269 = AXIS2_PLACEMENT_3D('',#1270,#1271,#1272);
#1270 = CARTESIAN_POINT('',(-0.15,-0.35,-0.5));
#1271 = DIRECTION('',(1.64346021921E-31,-1.,-5.551115123126E-16));
#1272 = DIRECTION('',(0.,5.551115123126E-16,-1.));
#1273 = ADVANCED_FACE('',(#1274),#1418,.T.);
#1274 = FACE_BOUND('',#1275,.T.);
#1275 = EDGE_LOOP('',(#1276,#1286,#1295,#1303,#1312,#1320,#1328,#1336,
    #1345,#1353,#1362,#1370,#1379,#1385,#1386,#1394,#1403,#1411));
#1276 = ORIENTED_EDGE('',*,*,#1277,.T.);
#1277 = EDGE_CURVE('',#1278,#1280,#1282,.T.);
#1278 = VERTEX_POINT('',#1279);
#1279 = CARTESIAN_POINT('',(-0.162230377286,-4.85,-0.540767924286));
#1280 = VERTEX_POINT('',#1281);
#1281 = CARTESIAN_POINT('',(-0.425000733956,-4.85,-1.416669113186));
#1282 = LINE('',#1283,#1284);
#1283 = CARTESIAN_POINT('',(-0.15,-4.85,-0.5));
#1284 = VECTOR('',#1285,1.);
#1285 = DIRECTION('',(-0.287347885566,5.31700397722E-16,-0.957826285221)
  );
#1286 = ORIENTED_EDGE('',*,*,#1287,.T.);
#1287 = EDGE_CURVE('',#1280,#1288,#1290,.T.);
#1288 = VERTEX_POINT('',#1289);
#1289 = CARTESIAN_POINT('',(-0.425000733956,-4.85,-1.583330886814));
#1290 = CIRCLE('',#1291,0.29);
#1291 = AXIS2_PLACEMENT_3D('',#1292,#1293,#1294);
#1292 = CARTESIAN_POINT('',(-0.147231111242,-4.85,-1.5));
#1293 = DIRECTION('',(0.,-1.,-3.330669073875E-16));
#1294 = DIRECTION('',(0.,-3.330669073875E-16,1.));
#1295 = ORIENTED_EDGE('',*,*,#1296,.T.);
#1296 = EDGE_CURVE('',#1288,#1297,#1299,.T.);
#1297 = VERTEX_POINT('',#1298);
#1298 = CARTESIAN_POINT('',(-0.162230377286,-4.85,-2.459232075714));
#1299 = LINE('',#1300,#1301);
#1300 = CARTESIAN_POINT('',(-0.45,-4.85,-1.5));
#1301 = VECTOR('',#1302,1.);
#1302 = DIRECTION('',(0.287347885566,5.31700397722E-16,-0.957826285221)
  );
#1303 = ORIENTED_EDGE('',*,*,#1304,.F.);
#1304 = EDGE_CURVE('',#1305,#1297,#1307,.T.);
#1305 = VERTEX_POINT('',#1306);
#1306 = CARTESIAN_POINT('',(-0.15,-4.85,-2.542562962528));
#1307 = CIRCLE('',#1308,0.29);
#1308 = AXIS2_PLACEMENT_3D('',#1309,#1310,#1311);
#1309 = CARTESIAN_POINT('',(-0.44,-4.85,-2.542562962528));
#1310 = DIRECTION('',(0.,-1.,-3.330669073875E-16));
#1311 = DIRECTION('',(0.,-3.330669073875E-16,1.));
#1312 = ORIENTED_EDGE('',*,*,#1313,.F.);
#1313 = EDGE_CURVE('',#1314,#1305,#1316,.T.);
#1314 = VERTEX_POINT('',#1315);
#1315 = CARTESIAN_POINT('',(-0.15,-4.85,-3.5));
#1316 = LINE('',#1317,#1318);
#1317 = CARTESIAN_POINT('',(-0.15,-4.85,-3.5));
#1318 = VECTOR('',#1319,1.);
#1319 = DIRECTION('',(0.,-5.551115123126E-16,1.));
#1320 = ORIENTED_EDGE('',*,*,#1321,.F.);
#1321 = EDGE_CURVE('',#1322,#1314,#1324,.T.);
#1322 = VERTEX_POINT('',#1323);
#1323 = CARTESIAN_POINT('',(0.15,-4.85,-3.5));
#1324 = LINE('',#1325,#1326);
#1325 = CARTESIAN_POINT('',(0.15,-4.85,-3.5));
#1326 = VECTOR('',#1327,1.);
#1327 = DIRECTION('',(-1.,-0.,0.));
#1328 = ORIENTED_EDGE('',*,*,#1329,.F.);
#1329 = EDGE_CURVE('',#1330,#1322,#1332,.T.);
#1330 = VERTEX_POINT('',#1331);
#1331 = CARTESIAN_POINT('',(0.15,-4.85,-2.542562962528));
#1332 = LINE('',#1333,#1334);
#1333 = CARTESIAN_POINT('',(0.15,-4.85,-2.5));
#1334 = VECTOR('',#1335,1.);
#1335 = DIRECTION('',(0.,5.551115123126E-16,-1.));
#1336 = ORIENTED_EDGE('',*,*,#1337,.F.);
#1337 = EDGE_CURVE('',#1338,#1330,#1340,.T.);
#1338 = VERTEX_POINT('',#1339);
#1339 = CARTESIAN_POINT('',(0.137769622714,-4.85,-2.459232075714));
#1340 = CIRCLE('',#1341,0.29);
#1341 = AXIS2_PLACEMENT_3D('',#1342,#1343,#1344);
#1342 = CARTESIAN_POINT('',(-0.14,-4.85,-2.542562962528));
#1343 = DIRECTION('',(-0.,1.,3.330669073875E-16));
#1344 = DIRECTION('',(0.,-3.330669073875E-16,1.));
#1345 = ORIENTED_EDGE('',*,*,#1346,.T.);
#1346 = EDGE_CURVE('',#1338,#1347,#1349,.T.);
#1347 = VERTEX_POINT('',#1348);
#1348 = CARTESIAN_POINT('',(-0.125000733956,-4.85,-1.583330886814));
#1349 = LINE('',#1350,#1351);
#1350 = CARTESIAN_POINT('',(0.15,-4.85,-2.5));
#1351 = VECTOR('',#1352,1.);
#1352 = DIRECTION('',(-0.287347885566,-5.31700397722E-16,0.957826285221)
  );
#1353 = ORIENTED_EDGE('',*,*,#1354,.F.);
#1354 = EDGE_CURVE('',#1355,#1347,#1357,.T.);
#1355 = VERTEX_POINT('',#1356);
#1356 = CARTESIAN_POINT('',(-0.125000733956,-4.85,-1.416669113186));
#1357 = CIRCLE('',#1358,0.29);
#1358 = AXIS2_PLACEMENT_3D('',#1359,#1360,#1361);
#1359 = CARTESIAN_POINT('',(0.152768888758,-4.85,-1.5));
#1360 = DIRECTION('',(0.,-1.,-3.330669073875E-16));
#1361 = DIRECTION('',(0.,-3.330669073875E-16,1.));
#1362 = ORIENTED_EDGE('',*,*,#1363,.T.);
#1363 = EDGE_CURVE('',#1355,#1364,#1366,.T.);
#1364 = VERTEX_POINT('',#1365);
#1365 = CARTESIAN_POINT('',(0.137769622714,-4.85,-0.540767924286));
#1366 = LINE('',#1367,#1368);
#1367 = CARTESIAN_POINT('',(-0.15,-4.85,-1.5));
#1368 = VECTOR('',#1369,1.);
#1369 = DIRECTION('',(0.287347885566,-5.31700397722E-16,0.957826285221)
  );
#1370 = ORIENTED_EDGE('',*,*,#1371,.F.);
#1371 = EDGE_CURVE('',#1372,#1364,#1374,.T.);
#1372 = VERTEX_POINT('',#1373);
#1373 = CARTESIAN_POINT('',(0.15,-4.85,-0.457437037472));
#1374 = CIRCLE('',#1375,0.29);
#1375 = AXIS2_PLACEMENT_3D('',#1376,#1377,#1378);
#1376 = CARTESIAN_POINT('',(-0.14,-4.85,-0.457437037472));
#1377 = DIRECTION('',(-0.,1.,3.330669073875E-16));
#1378 = DIRECTION('',(0.,-3.330669073875E-16,1.));
#1379 = ORIENTED_EDGE('',*,*,#1380,.F.);
#1380 = EDGE_CURVE('',#639,#1372,#1381,.T.);
#1381 = LINE('',#1382,#1383);
#1382 = CARTESIAN_POINT('',(0.15,-4.85,1.5));
#1383 = VECTOR('',#1384,1.);
#1384 = DIRECTION('',(0.,5.551115123126E-16,-1.));
#1385 = ORIENTED_EDGE('',*,*,#646,.F.);
#1386 = ORIENTED_EDGE('',*,*,#1387,.F.);
#1387 = EDGE_CURVE('',#1388,#647,#1390,.T.);
#1388 = VERTEX_POINT('',#1389);
#1389 = CARTESIAN_POINT('',(0.14,-4.85,1.5));
#1390 = LINE('',#1391,#1392);
#1391 = CARTESIAN_POINT('',(-0.15,-4.85,1.5));
#1392 = VECTOR('',#1393,1.);
#1393 = DIRECTION('',(1.,0.,0.));
#1394 = ORIENTED_EDGE('',*,*,#1395,.F.);
#1395 = EDGE_CURVE('',#1396,#1388,#1398,.T.);
#1396 = VERTEX_POINT('',#1397);
#1397 = CARTESIAN_POINT('',(-0.15,-4.85,1.21));
#1398 = CIRCLE('',#1399,0.29);
#1399 = AXIS2_PLACEMENT_3D('',#1400,#1401,#1402);
#1400 = CARTESIAN_POINT('',(0.14,-4.85,1.21));
#1401 = DIRECTION('',(-0.,1.,3.330669073875E-16));
#1402 = DIRECTION('',(0.,-3.330669073875E-16,1.));
#1403 = ORIENTED_EDGE('',*,*,#1404,.F.);
#1404 = EDGE_CURVE('',#1405,#1396,#1407,.T.);
#1405 = VERTEX_POINT('',#1406);
#1406 = CARTESIAN_POINT('',(-0.15,-4.85,-0.457437037472));
#1407 = LINE('',#1408,#1409);
#1408 = CARTESIAN_POINT('',(-0.15,-4.85,-0.5));
#1409 = VECTOR('',#1410,1.);
#1410 = DIRECTION('',(0.,-5.551115123126E-16,1.));
#1411 = ORIENTED_EDGE('',*,*,#1412,.F.);
#1412 = EDGE_CURVE('',#1278,#1405,#1413,.T.);
#1413 = CIRCLE('',#1414,0.29);
#1414 = AXIS2_PLACEMENT_3D('',#1415,#1416,#1417);
#1415 = CARTESIAN_POINT('',(-0.44,-4.85,-0.457437037472));
#1416 = DIRECTION('',(0.,-1.,-3.330669073875E-16));
#1417 = DIRECTION('',(0.,-3.330669073875E-16,1.));
#1418 = PLANE('',#1419);
#1419 = AXIS2_PLACEMENT_3D('',#1420,#1421,#1422);
#1420 = CARTESIAN_POINT('',(-0.15,-4.85,-0.5));
#1421 = DIRECTION('',(0.,-1.,-3.330669073875E-16));
#1422 = DIRECTION('',(0.,3.330669073875E-16,-1.));
#1423 = ADVANCED_FACE('',(#1424),#1568,.F.);
#1424 = FACE_BOUND('',#1425,.F.);
#1425 = EDGE_LOOP('',(#1426,#1436,#1445,#1453,#1462,#1470,#1478,#1486,
    #1495,#1503,#1512,#1520,#1529,#1535,#1536,#1544,#1553,#1561));
#1426 = ORIENTED_EDGE('',*,*,#1427,.T.);
#1427 = EDGE_CURVE('',#1428,#1430,#1432,.T.);
#1428 = VERTEX_POINT('',#1429);
#1429 = CARTESIAN_POINT('',(-0.162230377286,-4.15,-0.540767924286));
#1430 = VERTEX_POINT('',#1431);
#1431 = CARTESIAN_POINT('',(-0.425000733956,-4.15,-1.416669113186));
#1432 = LINE('',#1433,#1434);
#1433 = CARTESIAN_POINT('',(-0.15,-4.15,-0.5));
#1434 = VECTOR('',#1435,1.);
#1435 = DIRECTION('',(-0.287347885566,5.31700397722E-16,-0.957826285221)
  );
#1436 = ORIENTED_EDGE('',*,*,#1437,.T.);
#1437 = EDGE_CURVE('',#1430,#1438,#1440,.T.);
#1438 = VERTEX_POINT('',#1439);
#1439 = CARTESIAN_POINT('',(-0.425000733956,-4.15,-1.583330886814));
#1440 = CIRCLE('',#1441,0.29);
#1441 = AXIS2_PLACEMENT_3D('',#1442,#1443,#1444);
#1442 = CARTESIAN_POINT('',(-0.147231111242,-4.15,-1.5));
#1443 = DIRECTION('',(0.,-1.,-3.330669073875E-16));
#1444 = DIRECTION('',(0.,-3.330669073875E-16,1.));
#1445 = ORIENTED_EDGE('',*,*,#1446,.T.);
#1446 = EDGE_CURVE('',#1438,#1447,#1449,.T.);
#1447 = VERTEX_POINT('',#1448);
#1448 = CARTESIAN_POINT('',(-0.162230377286,-4.15,-2.459232075714));
#1449 = LINE('',#1450,#1451);
#1450 = CARTESIAN_POINT('',(-0.45,-4.15,-1.5));
#1451 = VECTOR('',#1452,1.);
#1452 = DIRECTION('',(0.287347885566,5.31700397722E-16,-0.957826285221)
  );
#1453 = ORIENTED_EDGE('',*,*,#1454,.F.);
#1454 = EDGE_CURVE('',#1455,#1447,#1457,.T.);
#1455 = VERTEX_POINT('',#1456);
#1456 = CARTESIAN_POINT('',(-0.15,-4.15,-2.542562962528));
#1457 = CIRCLE('',#1458,0.29);
#1458 = AXIS2_PLACEMENT_3D('',#1459,#1460,#1461);
#1459 = CARTESIAN_POINT('',(-0.44,-4.15,-2.542562962528));
#1460 = DIRECTION('',(0.,-1.,-3.330669073875E-16));
#1461 = DIRECTION('',(0.,-3.330669073875E-16,1.));
#1462 = ORIENTED_EDGE('',*,*,#1463,.F.);
#1463 = EDGE_CURVE('',#1464,#1455,#1466,.T.);
#1464 = VERTEX_POINT('',#1465);
#1465 = CARTESIAN_POINT('',(-0.15,-4.15,-3.5));
#1466 = LINE('',#1467,#1468);
#1467 = CARTESIAN_POINT('',(-0.15,-4.15,-3.5));
#1468 = VECTOR('',#1469,1.);
#1469 = DIRECTION('',(0.,-5.551115123126E-16,1.));
#1470 = ORIENTED_EDGE('',*,*,#1471,.F.);
#1471 = EDGE_CURVE('',#1472,#1464,#1474,.T.);
#1472 = VERTEX_POINT('',#1473);
#1473 = CARTESIAN_POINT('',(0.15,-4.15,-3.5));
#1474 = LINE('',#1475,#1476);
#1475 = CARTESIAN_POINT('',(0.15,-4.15,-3.5));
#1476 = VECTOR('',#1477,1.);
#1477 = DIRECTION('',(-1.,-0.,0.));
#1478 = ORIENTED_EDGE('',*,*,#1479,.F.);
#1479 = EDGE_CURVE('',#1480,#1472,#1482,.T.);
#1480 = VERTEX_POINT('',#1481);
#1481 = CARTESIAN_POINT('',(0.15,-4.15,-2.542562962528));
#1482 = LINE('',#1483,#1484);
#1483 = CARTESIAN_POINT('',(0.15,-4.15,-2.5));
#1484 = VECTOR('',#1485,1.);
#1485 = DIRECTION('',(0.,5.551115123126E-16,-1.));
#1486 = ORIENTED_EDGE('',*,*,#1487,.F.);
#1487 = EDGE_CURVE('',#1488,#1480,#1490,.T.);
#1488 = VERTEX_POINT('',#1489);
#1489 = CARTESIAN_POINT('',(0.137769622714,-4.15,-2.459232075714));
#1490 = CIRCLE('',#1491,0.29);
#1491 = AXIS2_PLACEMENT_3D('',#1492,#1493,#1494);
#1492 = CARTESIAN_POINT('',(-0.14,-4.15,-2.542562962528));
#1493 = DIRECTION('',(-0.,1.,3.330669073875E-16));
#1494 = DIRECTION('',(0.,-3.330669073875E-16,1.));
#1495 = ORIENTED_EDGE('',*,*,#1496,.T.);
#1496 = EDGE_CURVE('',#1488,#1497,#1499,.T.);
#1497 = VERTEX_POINT('',#1498);
#1498 = CARTESIAN_POINT('',(-0.125000733956,-4.15,-1.583330886814));
#1499 = LINE('',#1500,#1501);
#1500 = CARTESIAN_POINT('',(0.15,-4.15,-2.5));
#1501 = VECTOR('',#1502,1.);
#1502 = DIRECTION('',(-0.287347885566,-5.31700397722E-16,0.957826285221)
  );
#1503 = ORIENTED_EDGE('',*,*,#1504,.F.);
#1504 = EDGE_CURVE('',#1505,#1497,#1507,.T.);
#1505 = VERTEX_POINT('',#1506);
#1506 = CARTESIAN_POINT('',(-0.125000733956,-4.15,-1.416669113186));
#1507 = CIRCLE('',#1508,0.29);
#1508 = AXIS2_PLACEMENT_3D('',#1509,#1510,#1511);
#1509 = CARTESIAN_POINT('',(0.152768888758,-4.15,-1.5));
#1510 = DIRECTION('',(0.,-1.,-3.330669073875E-16));
#1511 = DIRECTION('',(0.,-3.330669073875E-16,1.));
#1512 = ORIENTED_EDGE('',*,*,#1513,.T.);
#1513 = EDGE_CURVE('',#1505,#1514,#1516,.T.);
#1514 = VERTEX_POINT('',#1515);
#1515 = CARTESIAN_POINT('',(0.137769622714,-4.15,-0.540767924286));
#1516 = LINE('',#1517,#1518);
#1517 = CARTESIAN_POINT('',(-0.15,-4.15,-1.5));
#1518 = VECTOR('',#1519,1.);
#1519 = DIRECTION('',(0.287347885566,-5.31700397722E-16,0.957826285221)
  );
#1520 = ORIENTED_EDGE('',*,*,#1521,.F.);
#1521 = EDGE_CURVE('',#1522,#1514,#1524,.T.);
#1522 = VERTEX_POINT('',#1523);
#1523 = CARTESIAN_POINT('',(0.15,-4.15,-0.457437037472));
#1524 = CIRCLE('',#1525,0.29);
#1525 = AXIS2_PLACEMENT_3D('',#1526,#1527,#1528);
#1526 = CARTESIAN_POINT('',(-0.14,-4.15,-0.457437037472));
#1527 = DIRECTION('',(-0.,1.,3.330669073875E-16));
#1528 = DIRECTION('',(0.,-3.330669073875E-16,1.));
#1529 = ORIENTED_EDGE('',*,*,#1530,.F.);
#1530 = EDGE_CURVE('',#663,#1522,#1531,.T.);
#1531 = LINE('',#1532,#1533);
#1532 = CARTESIAN_POINT('',(0.15,-4.15,1.5));
#1533 = VECTOR('',#1534,1.);
#1534 = DIRECTION('',(0.,5.551115123126E-16,-1.));
#1535 = ORIENTED_EDGE('',*,*,#662,.F.);
#1536 = ORIENTED_EDGE('',*,*,#1537,.F.);
#1537 = EDGE_CURVE('',#1538,#655,#1540,.T.);
#1538 = VERTEX_POINT('',#1539);
#1539 = CARTESIAN_POINT('',(0.14,-4.15,1.5));
#1540 = LINE('',#1541,#1542);
#1541 = CARTESIAN_POINT('',(-0.15,-4.15,1.5));
#1542 = VECTOR('',#1543,1.);
#1543 = DIRECTION('',(1.,0.,0.));
#1544 = ORIENTED_EDGE('',*,*,#1545,.F.);
#1545 = EDGE_CURVE('',#1546,#1538,#1548,.T.);
#1546 = VERTEX_POINT('',#1547);
#1547 = CARTESIAN_POINT('',(-0.15,-4.15,1.21));
#1548 = CIRCLE('',#1549,0.29);
#1549 = AXIS2_PLACEMENT_3D('',#1550,#1551,#1552);
#1550 = CARTESIAN_POINT('',(0.14,-4.15,1.21));
#1551 = DIRECTION('',(-0.,1.,3.330669073875E-16));
#1552 = DIRECTION('',(0.,-3.330669073875E-16,1.));
#1553 = ORIENTED_EDGE('',*,*,#1554,.F.);
#1554 = EDGE_CURVE('',#1555,#1546,#1557,.T.);
#1555 = VERTEX_POINT('',#1556);
#1556 = CARTESIAN_POINT('',(-0.15,-4.15,-0.457437037472));
#1557 = LINE('',#1558,#1559);
#1558 = CARTESIAN_POINT('',(-0.15,-4.15,-0.5));
#1559 = VECTOR('',#1560,1.);
#1560 = DIRECTION('',(0.,-5.551115123126E-16,1.));
#1561 = ORIENTED_EDGE('',*,*,#1562,.F.);
#1562 = EDGE_CURVE('',#1428,#1555,#1563,.T.);
#1563 = CIRCLE('',#1564,0.29);
#1564 = AXIS2_PLACEMENT_3D('',#1565,#1566,#1567);
#1565 = CARTESIAN_POINT('',(-0.44,-4.15,-0.457437037472));
#1566 = DIRECTION('',(0.,-1.,-3.330669073875E-16));
#1567 = DIRECTION('',(0.,-3.330669073875E-16,1.));
#1568 = PLANE('',#1569);
#1569 = AXIS2_PLACEMENT_3D('',#1570,#1571,#1572);
#1570 = CARTESIAN_POINT('',(-0.15,-4.15,-0.5));
#1571 = DIRECTION('',(0.,-1.,-3.330669073875E-16));
#1572 = DIRECTION('',(0.,3.330669073875E-16,-1.));
#1573 = ADVANCED_FACE('',(#1574),#1585,.F.);
#1574 = FACE_BOUND('',#1575,.F.);
#1575 = EDGE_LOOP('',(#1576,#1577,#1583,#1584));
#1576 = ORIENTED_EDGE('',*,*,#1387,.F.);
#1577 = ORIENTED_EDGE('',*,*,#1578,.T.);
#1578 = EDGE_CURVE('',#1388,#1538,#1579,.T.);
#1579 = LINE('',#1580,#1581);
#1580 = CARTESIAN_POINT('',(0.14,-4.85,1.5));
#1581 = VECTOR('',#1582,1.);
#1582 = DIRECTION('',(0.,1.,3.330669073875E-16));
#1583 = ORIENTED_EDGE('',*,*,#1537,.T.);
#1584 = ORIENTED_EDGE('',*,*,#654,.F.);
#1585 = PLANE('',#1586);
#1586 = AXIS2_PLACEMENT_3D('',#1587,#1588,#1589);
#1587 = CARTESIAN_POINT('',(-0.15,-4.85,1.5));
#1588 = DIRECTION('',(0.,3.330669073875E-16,-1.));
#1589 = DIRECTION('',(1.,0.,0.));
#1590 = ADVANCED_FACE('',(#1591),#1735,.F.);
#1591 = FACE_BOUND('',#1592,.F.);
#1592 = EDGE_LOOP('',(#1593,#1603,#1612,#1620,#1629,#1637,#1645,#1653,
    #1662,#1670,#1679,#1687,#1696,#1702,#1703,#1711,#1720,#1728));
#1593 = ORIENTED_EDGE('',*,*,#1594,.T.);
#1594 = EDGE_CURVE('',#1595,#1597,#1599,.T.);
#1595 = VERTEX_POINT('',#1596);
#1596 = CARTESIAN_POINT('',(6.462230377286,-4.85,-0.540767924286));
#1597 = VERTEX_POINT('',#1598);
#1598 = CARTESIAN_POINT('',(6.725000733956,-4.85,-1.416669113186));
#1599 = LINE('',#1600,#1601);
#1600 = CARTESIAN_POINT('',(6.45,-4.85,-0.5));
#1601 = VECTOR('',#1602,1.);
#1602 = DIRECTION('',(0.287347885566,5.31700397722E-16,-0.957826285221)
  );
#1603 = ORIENTED_EDGE('',*,*,#1604,.T.);
#1604 = EDGE_CURVE('',#1597,#1605,#1607,.T.);
#1605 = VERTEX_POINT('',#1606);
#1606 = CARTESIAN_POINT('',(6.725000733956,-4.85,-1.583330886814));
#1607 = CIRCLE('',#1608,0.29);
#1608 = AXIS2_PLACEMENT_3D('',#1609,#1610,#1611);
#1609 = CARTESIAN_POINT('',(6.447231111242,-4.85,-1.5));
#1610 = DIRECTION('',(-0.,1.,3.330669073875E-16));
#1611 = DIRECTION('',(0.,-3.330669073875E-16,1.));
#1612 = ORIENTED_EDGE('',*,*,#1613,.T.);
#1613 = EDGE_CURVE('',#1605,#1614,#1616,.T.);
#1614 = VERTEX_POINT('',#1615);
#1615 = CARTESIAN_POINT('',(6.462230377286,-4.85,-2.459232075714));
#1616 = LINE('',#1617,#1618);
#1617 = CARTESIAN_POINT('',(6.75,-4.85,-1.5));
#1618 = VECTOR('',#1619,1.);
#1619 = DIRECTION('',(-0.287347885566,5.31700397722E-16,-0.957826285221)
  );
#1620 = ORIENTED_EDGE('',*,*,#1621,.F.);
#1621 = EDGE_CURVE('',#1622,#1614,#1624,.T.);
#1622 = VERTEX_POINT('',#1623);
#1623 = CARTESIAN_POINT('',(6.45,-4.85,-2.542562962528));
#1624 = CIRCLE('',#1625,0.29);
#1625 = AXIS2_PLACEMENT_3D('',#1626,#1627,#1628);
#1626 = CARTESIAN_POINT('',(6.74,-4.85,-2.542562962528));
#1627 = DIRECTION('',(-0.,1.,3.330669073875E-16));
#1628 = DIRECTION('',(0.,-3.330669073875E-16,1.));
#1629 = ORIENTED_EDGE('',*,*,#1630,.F.);
#1630 = EDGE_CURVE('',#1631,#1622,#1633,.T.);
#1631 = VERTEX_POINT('',#1632);
#1632 = CARTESIAN_POINT('',(6.45,-4.85,-3.5));
#1633 = LINE('',#1634,#1635);
#1634 = CARTESIAN_POINT('',(6.45,-4.85,-3.5));
#1635 = VECTOR('',#1636,1.);
#1636 = DIRECTION('',(0.,-5.551115123126E-16,1.));
#1637 = ORIENTED_EDGE('',*,*,#1638,.F.);
#1638 = EDGE_CURVE('',#1639,#1631,#1641,.T.);
#1639 = VERTEX_POINT('',#1640);
#1640 = CARTESIAN_POINT('',(6.15,-4.85,-3.5));
#1641 = LINE('',#1642,#1643);
#1642 = CARTESIAN_POINT('',(6.15,-4.85,-3.5));
#1643 = VECTOR('',#1644,1.);
#1644 = DIRECTION('',(1.,0.,0.));
#1645 = ORIENTED_EDGE('',*,*,#1646,.F.);
#1646 = EDGE_CURVE('',#1647,#1639,#1649,.T.);
#1647 = VERTEX_POINT('',#1648);
#1648 = CARTESIAN_POINT('',(6.15,-4.85,-2.542562962528));
#1649 = LINE('',#1650,#1651);
#1650 = CARTESIAN_POINT('',(6.15,-4.85,-2.5));
#1651 = VECTOR('',#1652,1.);
#1652 = DIRECTION('',(0.,5.551115123126E-16,-1.));
#1653 = ORIENTED_EDGE('',*,*,#1654,.F.);
#1654 = EDGE_CURVE('',#1655,#1647,#1657,.T.);
#1655 = VERTEX_POINT('',#1656);
#1656 = CARTESIAN_POINT('',(6.162230377286,-4.85,-2.459232075714));
#1657 = CIRCLE('',#1658,0.29);
#1658 = AXIS2_PLACEMENT_3D('',#1659,#1660,#1661);
#1659 = CARTESIAN_POINT('',(6.44,-4.85,-2.542562962528));
#1660 = DIRECTION('',(0.,-1.,-3.330669073875E-16));
#1661 = DIRECTION('',(0.,-3.330669073875E-16,1.));
#1662 = ORIENTED_EDGE('',*,*,#1663,.T.);
#1663 = EDGE_CURVE('',#1655,#1664,#1666,.T.);
#1664 = VERTEX_POINT('',#1665);
#1665 = CARTESIAN_POINT('',(6.425000733956,-4.85,-1.583330886814));
#1666 = LINE('',#1667,#1668);
#1667 = CARTESIAN_POINT('',(6.15,-4.85,-2.5));
#1668 = VECTOR('',#1669,1.);
#1669 = DIRECTION('',(0.287347885566,-5.31700397722E-16,0.957826285221)
  );
#1670 = ORIENTED_EDGE('',*,*,#1671,.F.);
#1671 = EDGE_CURVE('',#1672,#1664,#1674,.T.);
#1672 = VERTEX_POINT('',#1673);
#1673 = CARTESIAN_POINT('',(6.425000733956,-4.85,-1.416669113186));
#1674 = CIRCLE('',#1675,0.29);
#1675 = AXIS2_PLACEMENT_3D('',#1676,#1677,#1678);
#1676 = CARTESIAN_POINT('',(6.147231111242,-4.85,-1.5));
#1677 = DIRECTION('',(-0.,1.,3.330669073875E-16));
#1678 = DIRECTION('',(0.,-3.330669073875E-16,1.));
#1679 = ORIENTED_EDGE('',*,*,#1680,.T.);
#1680 = EDGE_CURVE('',#1672,#1681,#1683,.T.);
#1681 = VERTEX_POINT('',#1682);
#1682 = CARTESIAN_POINT('',(6.162230377286,-4.85,-0.540767924286));
#1683 = LINE('',#1684,#1685);
#1684 = CARTESIAN_POINT('',(6.45,-4.85,-1.5));
#1685 = VECTOR('',#1686,1.);
#1686 = DIRECTION('',(-0.287347885566,-5.31700397722E-16,0.957826285221)
  );
#1687 = ORIENTED_EDGE('',*,*,#1688,.F.);
#1688 = EDGE_CURVE('',#1689,#1681,#1691,.T.);
#1689 = VERTEX_POINT('',#1690);
#1690 = CARTESIAN_POINT('',(6.15,-4.85,-0.457437037472));
#1691 = CIRCLE('',#1692,0.29);
#1692 = AXIS2_PLACEMENT_3D('',#1693,#1694,#1695);
#1693 = CARTESIAN_POINT('',(6.44,-4.85,-0.457437037472));
#1694 = DIRECTION('',(0.,-1.,-3.330669073875E-16));
#1695 = DIRECTION('',(0.,-3.330669073875E-16,1.));
#1696 = ORIENTED_EDGE('',*,*,#1697,.F.);
#1697 = EDGE_CURVE('',#709,#1689,#1698,.T.);
#1698 = LINE('',#1699,#1700);
#1699 = CARTESIAN_POINT('',(6.15,-4.85,1.5));
#1700 = VECTOR('',#1701,1.);
#1701 = DIRECTION('',(0.,5.551115123126E-16,-1.));
#1702 = ORIENTED_EDGE('',*,*,#782,.F.);
#1703 = ORIENTED_EDGE('',*,*,#1704,.F.);
#1704 = EDGE_CURVE('',#1705,#775,#1707,.T.);
#1705 = VERTEX_POINT('',#1706);
#1706 = CARTESIAN_POINT('',(6.16,-4.85,1.5));
#1707 = LINE('',#1708,#1709);
#1708 = CARTESIAN_POINT('',(6.45,-4.85,1.5));
#1709 = VECTOR('',#1710,1.);
#1710 = DIRECTION('',(-1.,-0.,0.));
#1711 = ORIENTED_EDGE('',*,*,#1712,.F.);
#1712 = EDGE_CURVE('',#1713,#1705,#1715,.T.);
#1713 = VERTEX_POINT('',#1714);
#1714 = CARTESIAN_POINT('',(6.45,-4.85,1.21));
#1715 = CIRCLE('',#1716,0.29);
#1716 = AXIS2_PLACEMENT_3D('',#1717,#1718,#1719);
#1717 = CARTESIAN_POINT('',(6.16,-4.85,1.21));
#1718 = DIRECTION('',(0.,-1.,-3.330669073875E-16));
#1719 = DIRECTION('',(0.,-3.330669073875E-16,1.));
#1720 = ORIENTED_EDGE('',*,*,#1721,.F.);
#1721 = EDGE_CURVE('',#1722,#1713,#1724,.T.);
#1722 = VERTEX_POINT('',#1723);
#1723 = CARTESIAN_POINT('',(6.45,-4.85,-0.457437037472));
#1724 = LINE('',#1725,#1726);
#1725 = CARTESIAN_POINT('',(6.45,-4.85,-0.5));
#1726 = VECTOR('',#1727,1.);
#1727 = DIRECTION('',(0.,-5.551115123126E-16,1.));
#1728 = ORIENTED_EDGE('',*,*,#1729,.F.);
#1729 = EDGE_CURVE('',#1595,#1722,#1730,.T.);
#1730 = CIRCLE('',#1731,0.29);
#1731 = AXIS2_PLACEMENT_3D('',#1732,#1733,#1734);
#1732 = CARTESIAN_POINT('',(6.74,-4.85,-0.457437037472));
#1733 = DIRECTION('',(-0.,1.,3.330669073875E-16));
#1734 = DIRECTION('',(0.,-3.330669073875E-16,1.));
#1735 = PLANE('',#1736);
#1736 = AXIS2_PLACEMENT_3D('',#1737,#1738,#1739);
#1737 = CARTESIAN_POINT('',(6.45,-4.85,-0.5));
#1738 = DIRECTION('',(0.,1.,3.330669073875E-16));
#1739 = DIRECTION('',(0.,-3.330669073875E-16,1.));
#1740 = ADVANCED_FACE('',(#1741),#1759,.T.);
#1741 = FACE_BOUND('',#1742,.T.);
#1742 = EDGE_LOOP('',(#1743,#1744,#1752,#1758));
#1743 = ORIENTED_EDGE('',*,*,#1704,.F.);
#1744 = ORIENTED_EDGE('',*,*,#1745,.T.);
#1745 = EDGE_CURVE('',#1705,#1746,#1748,.T.);
#1746 = VERTEX_POINT('',#1747);
#1747 = CARTESIAN_POINT('',(6.16,-4.15,1.5));
#1748 = LINE('',#1749,#1750);
#1749 = CARTESIAN_POINT('',(6.16,-4.85,1.5));
#1750 = VECTOR('',#1751,1.);
#1751 = DIRECTION('',(0.,1.,3.330669073875E-16));
#1752 = ORIENTED_EDGE('',*,*,#1753,.T.);
#1753 = EDGE_CURVE('',#1746,#767,#1754,.T.);
#1754 = LINE('',#1755,#1756);
#1755 = CARTESIAN_POINT('',(6.45,-4.15,1.5));
#1756 = VECTOR('',#1757,1.);
#1757 = DIRECTION('',(-1.,-0.,0.));
#1758 = ORIENTED_EDGE('',*,*,#774,.F.);
#1759 = PLANE('',#1760);
#1760 = AXIS2_PLACEMENT_3D('',#1761,#1762,#1763);
#1761 = CARTESIAN_POINT('',(6.45,-4.85,1.5));
#1762 = DIRECTION('',(0.,-3.330669073875E-16,1.));
#1763 = DIRECTION('',(-1.,0.,0.));
#1764 = ADVANCED_FACE('',(#1765),#1902,.T.);
#1765 = FACE_BOUND('',#1766,.T.);
#1766 = EDGE_LOOP('',(#1767,#1777,#1786,#1794,#1803,#1811,#1819,#1827,
    #1836,#1844,#1853,#1861,#1870,#1876,#1877,#1878,#1887,#1895));
#1767 = ORIENTED_EDGE('',*,*,#1768,.T.);
#1768 = EDGE_CURVE('',#1769,#1771,#1773,.T.);
#1769 = VERTEX_POINT('',#1770);
#1770 = CARTESIAN_POINT('',(6.462230377286,-4.15,-0.540767924286));
#1771 = VERTEX_POINT('',#1772);
#1772 = CARTESIAN_POINT('',(6.725000733956,-4.15,-1.416669113186));
#1773 = LINE('',#1774,#1775);
#1774 = CARTESIAN_POINT('',(6.45,-4.15,-0.5));
#1775 = VECTOR('',#1776,1.);
#1776 = DIRECTION('',(0.287347885566,5.31700397722E-16,-0.957826285221)
  );
#1777 = ORIENTED_EDGE('',*,*,#1778,.T.);
#1778 = EDGE_CURVE('',#1771,#1779,#1781,.T.);
#1779 = VERTEX_POINT('',#1780);
#1780 = CARTESIAN_POINT('',(6.725000733956,-4.15,-1.583330886814));
#1781 = CIRCLE('',#1782,0.29);
#1782 = AXIS2_PLACEMENT_3D('',#1783,#1784,#1785);
#1783 = CARTESIAN_POINT('',(6.447231111242,-4.15,-1.5));
#1784 = DIRECTION('',(-0.,1.,3.330669073875E-16));
#1785 = DIRECTION('',(0.,-3.330669073875E-16,1.));
#1786 = ORIENTED_EDGE('',*,*,#1787,.T.);
#1787 = EDGE_CURVE('',#1779,#1788,#1790,.T.);
#1788 = VERTEX_POINT('',#1789);
#1789 = CARTESIAN_POINT('',(6.462230377286,-4.15,-2.459232075714));
#1790 = LINE('',#1791,#1792);
#1791 = CARTESIAN_POINT('',(6.75,-4.15,-1.5));
#1792 = VECTOR('',#1793,1.);
#1793 = DIRECTION('',(-0.287347885566,5.31700397722E-16,-0.957826285221)
  );
#1794 = ORIENTED_EDGE('',*,*,#1795,.F.);
#1795 = EDGE_CURVE('',#1796,#1788,#1798,.T.);
#1796 = VERTEX_POINT('',#1797);
#1797 = CARTESIAN_POINT('',(6.45,-4.15,-2.542562962528));
#1798 = CIRCLE('',#1799,0.29);
#1799 = AXIS2_PLACEMENT_3D('',#1800,#1801,#1802);
#1800 = CARTESIAN_POINT('',(6.74,-4.15,-2.542562962528));
#1801 = DIRECTION('',(-0.,1.,3.330669073875E-16));
#1802 = DIRECTION('',(0.,-3.330669073875E-16,1.));
#1803 = ORIENTED_EDGE('',*,*,#1804,.F.);
#1804 = EDGE_CURVE('',#1805,#1796,#1807,.T.);
#1805 = VERTEX_POINT('',#1806);
#1806 = CARTESIAN_POINT('',(6.45,-4.15,-3.5));
#1807 = LINE('',#1808,#1809);
#1808 = CARTESIAN_POINT('',(6.45,-4.15,-3.5));
#1809 = VECTOR('',#1810,1.);
#1810 = DIRECTION('',(0.,-5.551115123126E-16,1.));
#1811 = ORIENTED_EDGE('',*,*,#1812,.F.);
#1812 = EDGE_CURVE('',#1813,#1805,#1815,.T.);
#1813 = VERTEX_POINT('',#1814);
#1814 = CARTESIAN_POINT('',(6.15,-4.15,-3.5));
#1815 = LINE('',#1816,#1817);
#1816 = CARTESIAN_POINT('',(6.15,-4.15,-3.5));
#1817 = VECTOR('',#1818,1.);
#1818 = DIRECTION('',(1.,0.,0.));
#1819 = ORIENTED_EDGE('',*,*,#1820,.F.);
#1820 = EDGE_CURVE('',#1821,#1813,#1823,.T.);
#1821 = VERTEX_POINT('',#1822);
#1822 = CARTESIAN_POINT('',(6.15,-4.15,-2.542562962528));
#1823 = LINE('',#1824,#1825);
#1824 = CARTESIAN_POINT('',(6.15,-4.15,-2.5));
#1825 = VECTOR('',#1826,1.);
#1826 = DIRECTION('',(0.,5.551115123126E-16,-1.));
#1827 = ORIENTED_EDGE('',*,*,#1828,.F.);
#1828 = EDGE_CURVE('',#1829,#1821,#1831,.T.);
#1829 = VERTEX_POINT('',#1830);
#1830 = CARTESIAN_POINT('',(6.162230377286,-4.15,-2.459232075714));
#1831 = CIRCLE('',#1832,0.29);
#1832 = AXIS2_PLACEMENT_3D('',#1833,#1834,#1835);
#1833 = CARTESIAN_POINT('',(6.44,-4.15,-2.542562962528));
#1834 = DIRECTION('',(0.,-1.,-3.330669073875E-16));
#1835 = DIRECTION('',(0.,-3.330669073875E-16,1.));
#1836 = ORIENTED_EDGE('',*,*,#1837,.T.);
#1837 = EDGE_CURVE('',#1829,#1838,#1840,.T.);
#1838 = VERTEX_POINT('',#1839);
#1839 = CARTESIAN_POINT('',(6.425000733956,-4.15,-1.583330886814));
#1840 = LINE('',#1841,#1842);
#1841 = CARTESIAN_POINT('',(6.15,-4.15,-2.5));
#1842 = VECTOR('',#1843,1.);
#1843 = DIRECTION('',(0.287347885566,-5.31700397722E-16,0.957826285221)
  );
#1844 = ORIENTED_EDGE('',*,*,#1845,.F.);
#1845 = EDGE_CURVE('',#1846,#1838,#1848,.T.);
#1846 = VERTEX_POINT('',#1847);
#1847 = CARTESIAN_POINT('',(6.425000733956,-4.15,-1.416669113186));
#1848 = CIRCLE('',#1849,0.29);
#1849 = AXIS2_PLACEMENT_3D('',#1850,#1851,#1852);
#1850 = CARTESIAN_POINT('',(6.147231111242,-4.15,-1.5));
#1851 = DIRECTION('',(-0.,1.,3.330669073875E-16));
#1852 = DIRECTION('',(0.,-3.330669073875E-16,1.));
#1853 = ORIENTED_EDGE('',*,*,#1854,.T.);
#1854 = EDGE_CURVE('',#1846,#1855,#1857,.T.);
#1855 = VERTEX_POINT('',#1856);
#1856 = CARTESIAN_POINT('',(6.162230377286,-4.15,-0.540767924286));
#1857 = LINE('',#1858,#1859);
#1858 = CARTESIAN_POINT('',(6.45,-4.15,-1.5));
#1859 = VECTOR('',#1860,1.);
#1860 = DIRECTION('',(-0.287347885566,-5.31700397722E-16,0.957826285221)
  );
#1861 = ORIENTED_EDGE('',*,*,#1862,.F.);
#1862 = EDGE_CURVE('',#1863,#1855,#1865,.T.);
#1863 = VERTEX_POINT('',#1864);
#1864 = CARTESIAN_POINT('',(6.15,-4.15,-0.457437037472));
#1865 = CIRCLE('',#1866,0.29);
#1866 = AXIS2_PLACEMENT_3D('',#1867,#1868,#1869);
#1867 = CARTESIAN_POINT('',(6.44,-4.15,-0.457437037472));
#1868 = DIRECTION('',(0.,-1.,-3.330669073875E-16));
#1869 = DIRECTION('',(0.,-3.330669073875E-16,1.));
#1870 = ORIENTED_EDGE('',*,*,#1871,.F.);
#1871 = EDGE_CURVE('',#759,#1863,#1872,.T.);
#1872 = LINE('',#1873,#1874);
#1873 = CARTESIAN_POINT('',(6.15,-4.15,1.5));
#1874 = VECTOR('',#1875,1.);
#1875 = DIRECTION('',(0.,5.551115123126E-16,-1.));
#1876 = ORIENTED_EDGE('',*,*,#766,.F.);
#1877 = ORIENTED_EDGE('',*,*,#1753,.F.);
#1878 = ORIENTED_EDGE('',*,*,#1879,.F.);
#1879 = EDGE_CURVE('',#1880,#1746,#1882,.T.);
#1880 = VERTEX_POINT('',#1881);
#1881 = CARTESIAN_POINT('',(6.45,-4.15,1.21));
#1882 = CIRCLE('',#1883,0.29);
#1883 = AXIS2_PLACEMENT_3D('',#1884,#1885,#1886);
#1884 = CARTESIAN_POINT('',(6.16,-4.15,1.21));
#1885 = DIRECTION('',(0.,-1.,-3.330669073875E-16));
#1886 = DIRECTION('',(0.,-3.330669073875E-16,1.));
#1887 = ORIENTED_EDGE('',*,*,#1888,.F.);
#1888 = EDGE_CURVE('',#1889,#1880,#1891,.T.);
#1889 = VERTEX_POINT('',#1890);
#1890 = CARTESIAN_POINT('',(6.45,-4.15,-0.457437037472));
#1891 = LINE('',#1892,#1893);
#1892 = CARTESIAN_POINT('',(6.45,-4.15,-0.5));
#1893 = VECTOR('',#1894,1.);
#1894 = DIRECTION('',(0.,-5.551115123126E-16,1.));
#1895 = ORIENTED_EDGE('',*,*,#1896,.F.);
#1896 = EDGE_CURVE('',#1769,#1889,#1897,.T.);
#1897 = CIRCLE('',#1898,0.29);
#1898 = AXIS2_PLACEMENT_3D('',#1899,#1900,#1901);
#1899 = CARTESIAN_POINT('',(6.74,-4.15,-0.457437037472));
#1900 = DIRECTION('',(-0.,1.,3.330669073875E-16));
#1901 = DIRECTION('',(0.,-3.330669073875E-16,1.));
#1902 = PLANE('',#1903);
#1903 = AXIS2_PLACEMENT_3D('',#1904,#1905,#1906);
#1904 = CARTESIAN_POINT('',(6.45,-4.15,-0.5));
#1905 = DIRECTION('',(0.,1.,3.330669073875E-16));
#1906 = DIRECTION('',(0.,-3.330669073875E-16,1.));
#1907 = ADVANCED_FACE('',(#1908),#2052,.T.);
#1908 = FACE_BOUND('',#1909,.T.);
#1909 = EDGE_LOOP('',(#1910,#1920,#1929,#1937,#1946,#1954,#1962,#1970,
    #1979,#1987,#1996,#2004,#2013,#2019,#2020,#2028,#2037,#2045));
#1910 = ORIENTED_EDGE('',*,*,#1911,.T.);
#1911 = EDGE_CURVE('',#1912,#1914,#1916,.T.);
#1912 = VERTEX_POINT('',#1913);
#1913 = CARTESIAN_POINT('',(6.462230377286,0.35,-0.540767924286));
#1914 = VERTEX_POINT('',#1915);
#1915 = CARTESIAN_POINT('',(6.725000733956,0.35,-1.416669113186));
#1916 = LINE('',#1917,#1918);
#1917 = CARTESIAN_POINT('',(6.45,0.35,-0.5));
#1918 = VECTOR('',#1919,1.);
#1919 = DIRECTION('',(0.287347885566,5.31700397722E-16,-0.957826285221)
  );
#1920 = ORIENTED_EDGE('',*,*,#1921,.T.);
#1921 = EDGE_CURVE('',#1914,#1922,#1924,.T.);
#1922 = VERTEX_POINT('',#1923);
#1923 = CARTESIAN_POINT('',(6.725000733956,0.35,-1.583330886814));
#1924 = CIRCLE('',#1925,0.29);
#1925 = AXIS2_PLACEMENT_3D('',#1926,#1927,#1928);
#1926 = CARTESIAN_POINT('',(6.447231111242,0.35,-1.5));
#1927 = DIRECTION('',(-0.,1.,3.330669073875E-16));
#1928 = DIRECTION('',(0.,-3.330669073875E-16,1.));
#1929 = ORIENTED_EDGE('',*,*,#1930,.T.);
#1930 = EDGE_CURVE('',#1922,#1931,#1933,.T.);
#1931 = VERTEX_POINT('',#1932);
#1932 = CARTESIAN_POINT('',(6.462230377286,0.35,-2.459232075714));
#1933 = LINE('',#1934,#1935);
#1934 = CARTESIAN_POINT('',(6.75,0.35,-1.5));
#1935 = VECTOR('',#1936,1.);
#1936 = DIRECTION('',(-0.287347885566,5.31700397722E-16,-0.957826285221)
  );
#1937 = ORIENTED_EDGE('',*,*,#1938,.F.);
#1938 = EDGE_CURVE('',#1939,#1931,#1941,.T.);
#1939 = VERTEX_POINT('',#1940);
#1940 = CARTESIAN_POINT('',(6.45,0.35,-2.542562962528));
#1941 = CIRCLE('',#1942,0.29);
#1942 = AXIS2_PLACEMENT_3D('',#1943,#1944,#1945);
#1943 = CARTESIAN_POINT('',(6.74,0.35,-2.542562962528));
#1944 = DIRECTION('',(-0.,1.,3.330669073875E-16));
#1945 = DIRECTION('',(0.,-3.330669073875E-16,1.));
#1946 = ORIENTED_EDGE('',*,*,#1947,.F.);
#1947 = EDGE_CURVE('',#1948,#1939,#1950,.T.);
#1948 = VERTEX_POINT('',#1949);
#1949 = CARTESIAN_POINT('',(6.45,0.35,-3.5));
#1950 = LINE('',#1951,#1952);
#1951 = CARTESIAN_POINT('',(6.45,0.35,-3.5));
#1952 = VECTOR('',#1953,1.);
#1953 = DIRECTION('',(0.,-5.551115123126E-16,1.));
#1954 = ORIENTED_EDGE('',*,*,#1955,.F.);
#1955 = EDGE_CURVE('',#1956,#1948,#1958,.T.);
#1956 = VERTEX_POINT('',#1957);
#1957 = CARTESIAN_POINT('',(6.15,0.35,-3.5));
#1958 = LINE('',#1959,#1960);
#1959 = CARTESIAN_POINT('',(6.15,0.35,-3.5));
#1960 = VECTOR('',#1961,1.);
#1961 = DIRECTION('',(1.,0.,0.));
#1962 = ORIENTED_EDGE('',*,*,#1963,.F.);
#1963 = EDGE_CURVE('',#1964,#1956,#1966,.T.);
#1964 = VERTEX_POINT('',#1965);
#1965 = CARTESIAN_POINT('',(6.15,0.35,-2.542562962528));
#1966 = LINE('',#1967,#1968);
#1967 = CARTESIAN_POINT('',(6.15,0.35,-2.5));
#1968 = VECTOR('',#1969,1.);
#1969 = DIRECTION('',(0.,5.551115123126E-16,-1.));
#1970 = ORIENTED_EDGE('',*,*,#1971,.F.);
#1971 = EDGE_CURVE('',#1972,#1964,#1974,.T.);
#1972 = VERTEX_POINT('',#1973);
#1973 = CARTESIAN_POINT('',(6.162230377286,0.35,-2.459232075714));
#1974 = CIRCLE('',#1975,0.29);
#1975 = AXIS2_PLACEMENT_3D('',#1976,#1977,#1978);
#1976 = CARTESIAN_POINT('',(6.44,0.35,-2.542562962528));
#1977 = DIRECTION('',(0.,-1.,-3.330669073875E-16));
#1978 = DIRECTION('',(0.,-3.330669073875E-16,1.));
#1979 = ORIENTED_EDGE('',*,*,#1980,.T.);
#1980 = EDGE_CURVE('',#1972,#1981,#1983,.T.);
#1981 = VERTEX_POINT('',#1982);
#1982 = CARTESIAN_POINT('',(6.425000733956,0.35,-1.583330886814));
#1983 = LINE('',#1984,#1985);
#1984 = CARTESIAN_POINT('',(6.15,0.35,-2.5));
#1985 = VECTOR('',#1986,1.);
#1986 = DIRECTION('',(0.287347885566,-5.31700397722E-16,0.957826285221)
  );
#1987 = ORIENTED_EDGE('',*,*,#1988,.F.);
#1988 = EDGE_CURVE('',#1989,#1981,#1991,.T.);
#1989 = VERTEX_POINT('',#1990);
#1990 = CARTESIAN_POINT('',(6.425000733956,0.35,-1.416669113186));
#1991 = CIRCLE('',#1992,0.29);
#1992 = AXIS2_PLACEMENT_3D('',#1993,#1994,#1995);
#1993 = CARTESIAN_POINT('',(6.147231111242,0.35,-1.5));
#1994 = DIRECTION('',(-0.,1.,3.330669073875E-16));
#1995 = DIRECTION('',(0.,-3.330669073875E-16,1.));
#1996 = ORIENTED_EDGE('',*,*,#1997,.T.);
#1997 = EDGE_CURVE('',#1989,#1998,#2000,.T.);
#1998 = VERTEX_POINT('',#1999);
#1999 = CARTESIAN_POINT('',(6.162230377286,0.35,-0.540767924286));
#2000 = LINE('',#2001,#2002);
#2001 = CARTESIAN_POINT('',(6.45,0.35,-1.5));
#2002 = VECTOR('',#2003,1.);
#2003 = DIRECTION('',(-0.287347885566,-5.31700397722E-16,0.957826285221)
  );
#2004 = ORIENTED_EDGE('',*,*,#2005,.F.);
#2005 = EDGE_CURVE('',#2006,#1998,#2008,.T.);
#2006 = VERTEX_POINT('',#2007);
#2007 = CARTESIAN_POINT('',(6.15,0.35,-0.457437037472));
#2008 = CIRCLE('',#2009,0.29);
#2009 = AXIS2_PLACEMENT_3D('',#2010,#2011,#2012);
#2010 = CARTESIAN_POINT('',(6.44,0.35,-0.457437037472));
#2011 = DIRECTION('',(0.,-1.,-3.330669073875E-16));
#2012 = DIRECTION('',(0.,-3.330669073875E-16,1.));
#2013 = ORIENTED_EDGE('',*,*,#2014,.F.);
#2014 = EDGE_CURVE('',#727,#2006,#2015,.T.);
#2015 = LINE('',#2016,#2017);
#2016 = CARTESIAN_POINT('',(6.15,0.35,1.5));
#2017 = VECTOR('',#2018,1.);
#2018 = DIRECTION('',(0.,5.551115123126E-16,-1.));
#2019 = ORIENTED_EDGE('',*,*,#734,.F.);
#2020 = ORIENTED_EDGE('',*,*,#2021,.F.);
#2021 = EDGE_CURVE('',#2022,#735,#2024,.T.);
#2022 = VERTEX_POINT('',#2023);
#2023 = CARTESIAN_POINT('',(6.16,0.35,1.5));
#2024 = LINE('',#2025,#2026);
#2025 = CARTESIAN_POINT('',(6.45,0.35,1.5));
#2026 = VECTOR('',#2027,1.);
#2027 = DIRECTION('',(-1.,-0.,0.));
#2028 = ORIENTED_EDGE('',*,*,#2029,.F.);
#2029 = EDGE_CURVE('',#2030,#2022,#2032,.T.);
#2030 = VERTEX_POINT('',#2031);
#2031 = CARTESIAN_POINT('',(6.45,0.35,1.21));
#2032 = CIRCLE('',#2033,0.29);
#2033 = AXIS2_PLACEMENT_3D('',#2034,#2035,#2036);
#2034 = CARTESIAN_POINT('',(6.16,0.35,1.21));
#2035 = DIRECTION('',(0.,-1.,-3.330669073875E-16));
#2036 = DIRECTION('',(0.,-3.330669073875E-16,1.));
#2037 = ORIENTED_EDGE('',*,*,#2038,.F.);
#2038 = EDGE_CURVE('',#2039,#2030,#2041,.T.);
#2039 = VERTEX_POINT('',#2040);
#2040 = CARTESIAN_POINT('',(6.45,0.35,-0.457437037472));
#2041 = LINE('',#2042,#2043);
#2042 = CARTESIAN_POINT('',(6.45,0.35,-0.5));
#2043 = VECTOR('',#2044,1.);
#2044 = DIRECTION('',(0.,-5.551115123126E-16,1.));
#2045 = ORIENTED_EDGE('',*,*,#2046,.F.);
#2046 = EDGE_CURVE('',#1912,#2039,#2047,.T.);
#2047 = CIRCLE('',#2048,0.29);
#2048 = AXIS2_PLACEMENT_3D('',#2049,#2050,#2051);
#2049 = CARTESIAN_POINT('',(6.74,0.35,-0.457437037472));
#2050 = DIRECTION('',(-0.,1.,3.330669073875E-16));
#2051 = DIRECTION('',(0.,-3.330669073875E-16,1.));
#2052 = PLANE('',#2053);
#2053 = AXIS2_PLACEMENT_3D('',#2054,#2055,#2056);
#2054 = CARTESIAN_POINT('',(6.45,0.35,-0.5));
#2055 = DIRECTION('',(1.64346021921E-31,1.,5.551115123126E-16));
#2056 = DIRECTION('',(0.,-5.551115123126E-16,1.));
#2057 = ADVANCED_FACE('',(#2058),#2202,.F.);
#2058 = FACE_BOUND('',#2059,.F.);
#2059 = EDGE_LOOP('',(#2060,#2070,#2079,#2087,#2096,#2104,#2112,#2120,
    #2129,#2137,#2146,#2154,#2163,#2169,#2170,#2178,#2187,#2195));
#2060 = ORIENTED_EDGE('',*,*,#2061,.T.);
#2061 = EDGE_CURVE('',#2062,#2064,#2066,.T.);
#2062 = VERTEX_POINT('',#2063);
#2063 = CARTESIAN_POINT('',(6.462230377286,-0.35,-0.540767924286));
#2064 = VERTEX_POINT('',#2065);
#2065 = CARTESIAN_POINT('',(6.725000733956,-0.35,-1.416669113186));
#2066 = LINE('',#2067,#2068);
#2067 = CARTESIAN_POINT('',(6.45,-0.35,-0.5));
#2068 = VECTOR('',#2069,1.);
#2069 = DIRECTION('',(0.287347885566,5.31700397722E-16,-0.957826285221)
  );
#2070 = ORIENTED_EDGE('',*,*,#2071,.T.);
#2071 = EDGE_CURVE('',#2064,#2072,#2074,.T.);
#2072 = VERTEX_POINT('',#2073);
#2073 = CARTESIAN_POINT('',(6.725000733956,-0.35,-1.583330886814));
#2074 = CIRCLE('',#2075,0.29);
#2075 = AXIS2_PLACEMENT_3D('',#2076,#2077,#2078);
#2076 = CARTESIAN_POINT('',(6.447231111242,-0.35,-1.5));
#2077 = DIRECTION('',(-0.,1.,3.330669073875E-16));
#2078 = DIRECTION('',(0.,-3.330669073875E-16,1.));
#2079 = ORIENTED_EDGE('',*,*,#2080,.T.);
#2080 = EDGE_CURVE('',#2072,#2081,#2083,.T.);
#2081 = VERTEX_POINT('',#2082);
#2082 = CARTESIAN_POINT('',(6.462230377286,-0.35,-2.459232075714));
#2083 = LINE('',#2084,#2085);
#2084 = CARTESIAN_POINT('',(6.75,-0.35,-1.5));
#2085 = VECTOR('',#2086,1.);
#2086 = DIRECTION('',(-0.287347885566,5.31700397722E-16,-0.957826285221)
  );
#2087 = ORIENTED_EDGE('',*,*,#2088,.F.);
#2088 = EDGE_CURVE('',#2089,#2081,#2091,.T.);
#2089 = VERTEX_POINT('',#2090);
#2090 = CARTESIAN_POINT('',(6.45,-0.35,-2.542562962528));
#2091 = CIRCLE('',#2092,0.29);
#2092 = AXIS2_PLACEMENT_3D('',#2093,#2094,#2095);
#2093 = CARTESIAN_POINT('',(6.74,-0.35,-2.542562962528));
#2094 = DIRECTION('',(-0.,1.,3.330669073875E-16));
#2095 = DIRECTION('',(0.,-3.330669073875E-16,1.));
#2096 = ORIENTED_EDGE('',*,*,#2097,.F.);
#2097 = EDGE_CURVE('',#2098,#2089,#2100,.T.);
#2098 = VERTEX_POINT('',#2099);
#2099 = CARTESIAN_POINT('',(6.45,-0.35,-3.5));
#2100 = LINE('',#2101,#2102);
#2101 = CARTESIAN_POINT('',(6.45,-0.35,-3.5));
#2102 = VECTOR('',#2103,1.);
#2103 = DIRECTION('',(0.,-5.551115123126E-16,1.));
#2104 = ORIENTED_EDGE('',*,*,#2105,.F.);
#2105 = EDGE_CURVE('',#2106,#2098,#2108,.T.);
#2106 = VERTEX_POINT('',#2107);
#2107 = CARTESIAN_POINT('',(6.15,-0.35,-3.5));
#2108 = LINE('',#2109,#2110);
#2109 = CARTESIAN_POINT('',(6.15,-0.35,-3.5));
#2110 = VECTOR('',#2111,1.);
#2111 = DIRECTION('',(1.,0.,0.));
#2112 = ORIENTED_EDGE('',*,*,#2113,.F.);
#2113 = EDGE_CURVE('',#2114,#2106,#2116,.T.);
#2114 = VERTEX_POINT('',#2115);
#2115 = CARTESIAN_POINT('',(6.15,-0.35,-2.542562962528));
#2116 = LINE('',#2117,#2118);
#2117 = CARTESIAN_POINT('',(6.15,-0.35,-2.5));
#2118 = VECTOR('',#2119,1.);
#2119 = DIRECTION('',(0.,5.551115123126E-16,-1.));
#2120 = ORIENTED_EDGE('',*,*,#2121,.F.);
#2121 = EDGE_CURVE('',#2122,#2114,#2124,.T.);
#2122 = VERTEX_POINT('',#2123);
#2123 = CARTESIAN_POINT('',(6.162230377286,-0.35,-2.459232075714));
#2124 = CIRCLE('',#2125,0.29);
#2125 = AXIS2_PLACEMENT_3D('',#2126,#2127,#2128);
#2126 = CARTESIAN_POINT('',(6.44,-0.35,-2.542562962528));
#2127 = DIRECTION('',(0.,-1.,-3.330669073875E-16));
#2128 = DIRECTION('',(0.,-3.330669073875E-16,1.));
#2129 = ORIENTED_EDGE('',*,*,#2130,.T.);
#2130 = EDGE_CURVE('',#2122,#2131,#2133,.T.);
#2131 = VERTEX_POINT('',#2132);
#2132 = CARTESIAN_POINT('',(6.425000733956,-0.35,-1.583330886814));
#2133 = LINE('',#2134,#2135);
#2134 = CARTESIAN_POINT('',(6.15,-0.35,-2.5));
#2135 = VECTOR('',#2136,1.);
#2136 = DIRECTION('',(0.287347885566,-5.31700397722E-16,0.957826285221)
  );
#2137 = ORIENTED_EDGE('',*,*,#2138,.F.);
#2138 = EDGE_CURVE('',#2139,#2131,#2141,.T.);
#2139 = VERTEX_POINT('',#2140);
#2140 = CARTESIAN_POINT('',(6.425000733956,-0.35,-1.416669113186));
#2141 = CIRCLE('',#2142,0.29);
#2142 = AXIS2_PLACEMENT_3D('',#2143,#2144,#2145);
#2143 = CARTESIAN_POINT('',(6.147231111242,-0.35,-1.5));
#2144 = DIRECTION('',(-0.,1.,3.330669073875E-16));
#2145 = DIRECTION('',(0.,-3.330669073875E-16,1.));
#2146 = ORIENTED_EDGE('',*,*,#2147,.T.);
#2147 = EDGE_CURVE('',#2139,#2148,#2150,.T.);
#2148 = VERTEX_POINT('',#2149);
#2149 = CARTESIAN_POINT('',(6.162230377286,-0.35,-0.540767924286));
#2150 = LINE('',#2151,#2152);
#2151 = CARTESIAN_POINT('',(6.45,-0.35,-1.5));
#2152 = VECTOR('',#2153,1.);
#2153 = DIRECTION('',(-0.287347885566,-5.31700397722E-16,0.957826285221)
  );
#2154 = ORIENTED_EDGE('',*,*,#2155,.F.);
#2155 = EDGE_CURVE('',#2156,#2148,#2158,.T.);
#2156 = VERTEX_POINT('',#2157);
#2157 = CARTESIAN_POINT('',(6.15,-0.35,-0.457437037472));
#2158 = CIRCLE('',#2159,0.29);
#2159 = AXIS2_PLACEMENT_3D('',#2160,#2161,#2162);
#2160 = CARTESIAN_POINT('',(6.44,-0.35,-0.457437037472));
#2161 = DIRECTION('',(0.,-1.,-3.330669073875E-16));
#2162 = DIRECTION('',(0.,-3.330669073875E-16,1.));
#2163 = ORIENTED_EDGE('',*,*,#2164,.F.);
#2164 = EDGE_CURVE('',#751,#2156,#2165,.T.);
#2165 = LINE('',#2166,#2167);
#2166 = CARTESIAN_POINT('',(6.15,-0.35,1.5));
#2167 = VECTOR('',#2168,1.);
#2168 = DIRECTION('',(0.,5.551115123126E-16,-1.));
#2169 = ORIENTED_EDGE('',*,*,#750,.F.);
#2170 = ORIENTED_EDGE('',*,*,#2171,.F.);
#2171 = EDGE_CURVE('',#2172,#743,#2174,.T.);
#2172 = VERTEX_POINT('',#2173);
#2173 = CARTESIAN_POINT('',(6.16,-0.35,1.5));
#2174 = LINE('',#2175,#2176);
#2175 = CARTESIAN_POINT('',(6.45,-0.35,1.5));
#2176 = VECTOR('',#2177,1.);
#2177 = DIRECTION('',(-1.,-0.,0.));
#2178 = ORIENTED_EDGE('',*,*,#2179,.F.);
#2179 = EDGE_CURVE('',#2180,#2172,#2182,.T.);
#2180 = VERTEX_POINT('',#2181);
#2181 = CARTESIAN_POINT('',(6.45,-0.35,1.21));
#2182 = CIRCLE('',#2183,0.29);
#2183 = AXIS2_PLACEMENT_3D('',#2184,#2185,#2186);
#2184 = CARTESIAN_POINT('',(6.16,-0.35,1.21));
#2185 = DIRECTION('',(0.,-1.,-3.330669073875E-16));
#2186 = DIRECTION('',(0.,-3.330669073875E-16,1.));
#2187 = ORIENTED_EDGE('',*,*,#2188,.F.);
#2188 = EDGE_CURVE('',#2189,#2180,#2191,.T.);
#2189 = VERTEX_POINT('',#2190);
#2190 = CARTESIAN_POINT('',(6.45,-0.35,-0.457437037472));
#2191 = LINE('',#2192,#2193);
#2192 = CARTESIAN_POINT('',(6.45,-0.35,-0.5));
#2193 = VECTOR('',#2194,1.);
#2194 = DIRECTION('',(0.,-5.551115123126E-16,1.));
#2195 = ORIENTED_EDGE('',*,*,#2196,.F.);
#2196 = EDGE_CURVE('',#2062,#2189,#2197,.T.);
#2197 = CIRCLE('',#2198,0.29);
#2198 = AXIS2_PLACEMENT_3D('',#2199,#2200,#2201);
#2199 = CARTESIAN_POINT('',(6.74,-0.35,-0.457437037472));
#2200 = DIRECTION('',(-0.,1.,3.330669073875E-16));
#2201 = DIRECTION('',(0.,-3.330669073875E-16,1.));
#2202 = PLANE('',#2203);
#2203 = AXIS2_PLACEMENT_3D('',#2204,#2205,#2206);
#2204 = CARTESIAN_POINT('',(6.45,-0.35,-0.5));
#2205 = DIRECTION('',(1.64346021921E-31,1.,5.551115123126E-16));
#2206 = DIRECTION('',(0.,-5.551115123126E-16,1.));
#2207 = ADVANCED_FACE('',(#2208),#2219,.T.);
#2208 = FACE_BOUND('',#2209,.T.);
#2209 = EDGE_LOOP('',(#2210,#2211,#2217,#2218));
#2210 = ORIENTED_EDGE('',*,*,#2171,.F.);
#2211 = ORIENTED_EDGE('',*,*,#2212,.T.);
#2212 = EDGE_CURVE('',#2172,#2022,#2213,.T.);
#2213 = LINE('',#2214,#2215);
#2214 = CARTESIAN_POINT('',(6.16,-0.35,1.5));
#2215 = VECTOR('',#2216,1.);
#2216 = DIRECTION('',(0.,1.,3.330669073875E-16));
#2217 = ORIENTED_EDGE('',*,*,#2021,.T.);
#2218 = ORIENTED_EDGE('',*,*,#742,.F.);
#2219 = PLANE('',#2220);
#2220 = AXIS2_PLACEMENT_3D('',#2221,#2222,#2223);
#2221 = CARTESIAN_POINT('',(6.45,-0.35,1.5));
#2222 = DIRECTION('',(0.,-3.330669073875E-16,1.));
#2223 = DIRECTION('',(-1.,0.,0.));
#2224 = ADVANCED_FACE('',(#2225),#2228,.F.);
#2225 = FACE_BOUND('',#2226,.F.);
#2226 = EDGE_LOOP('',(#2227));
#2227 = ORIENTED_EDGE('',*,*,#882,.F.);
#2228 = PLANE('',#2229);
#2229 = AXIS2_PLACEMENT_3D('',#2230,#2231,#2232);
#2230 = CARTESIAN_POINT('',(4.9,-2.25,4.3));
#2231 = DIRECTION('',(0.,0.,-1.));
#2232 = DIRECTION('',(-1.,0.,0.));
#2233 = ADVANCED_FACE('',(#2234),#2245,.F.);
#2234 = FACE_BOUND('',#2235,.F.);
#2235 = EDGE_LOOP('',(#2236,#2237,#2238,#2239));
#2236 = ORIENTED_EDGE('',*,*,#1380,.F.);
#2237 = ORIENTED_EDGE('',*,*,#919,.F.);
#2238 = ORIENTED_EDGE('',*,*,#1530,.T.);
#2239 = ORIENTED_EDGE('',*,*,#2240,.F.);
#2240 = EDGE_CURVE('',#1372,#1522,#2241,.T.);
#2241 = LINE('',#2242,#2243);
#2242 = CARTESIAN_POINT('',(0.15,-4.85,-0.457437037472));
#2243 = VECTOR('',#2244,1.);
#2244 = DIRECTION('',(0.,1.,3.330669073875E-16));
#2245 = PLANE('',#2246);
#2246 = AXIS2_PLACEMENT_3D('',#2247,#2248,#2249);
#2247 = CARTESIAN_POINT('',(0.15,-4.85,1.5));
#2248 = DIRECTION('',(-1.,0.,-0.));
#2249 = DIRECTION('',(0.,5.551115123126E-16,-1.));
#2250 = ADVANCED_FACE('',(#2251),#2262,.T.);
#2251 = FACE_BOUND('',#2252,.T.);
#2252 = EDGE_LOOP('',(#2253,#2254,#2255,#2256));
#2253 = ORIENTED_EDGE('',*,*,#1697,.F.);
#2254 = ORIENTED_EDGE('',*,*,#944,.T.);
#2255 = ORIENTED_EDGE('',*,*,#1871,.T.);
#2256 = ORIENTED_EDGE('',*,*,#2257,.F.);
#2257 = EDGE_CURVE('',#1689,#1863,#2258,.T.);
#2258 = LINE('',#2259,#2260);
#2259 = CARTESIAN_POINT('',(6.15,-4.85,-0.457437037472));
#2260 = VECTOR('',#2261,1.);
#2261 = DIRECTION('',(0.,1.,3.330669073875E-16));
#2262 = PLANE('',#2263);
#2263 = AXIS2_PLACEMENT_3D('',#2264,#2265,#2266);
#2264 = CARTESIAN_POINT('',(6.15,-4.85,1.5));
#2265 = DIRECTION('',(-1.,0.,-0.));
#2266 = DIRECTION('',(0.,5.551115123126E-16,-1.));
#2267 = ADVANCED_FACE('',(#2268),#2279,.F.);
#2268 = FACE_BOUND('',#2269,.F.);
#2269 = EDGE_LOOP('',(#2270,#2271,#2272,#2273));
#2270 = ORIENTED_EDGE('',*,*,#1237,.F.);
#2271 = ORIENTED_EDGE('',*,*,#926,.F.);
#2272 = ORIENTED_EDGE('',*,*,#1063,.T.);
#2273 = ORIENTED_EDGE('',*,*,#2274,.F.);
#2274 = EDGE_CURVE('',#1229,#1055,#2275,.T.);
#2275 = LINE('',#2276,#2277);
#2276 = CARTESIAN_POINT('',(0.15,-0.35,-0.457437037472));
#2277 = VECTOR('',#2278,1.);
#2278 = DIRECTION('',(0.,1.,3.330669073875E-16));
#2279 = PLANE('',#2280);
#2280 = AXIS2_PLACEMENT_3D('',#2281,#2282,#2283);
#2281 = CARTESIAN_POINT('',(0.15,-0.35,1.5));
#2282 = DIRECTION('',(-1.,0.,-0.));
#2283 = DIRECTION('',(0.,5.551115123126E-16,-1.));
#2284 = ADVANCED_FACE('',(#2285),#2296,.T.);
#2285 = FACE_BOUND('',#2286,.T.);
#2286 = EDGE_LOOP('',(#2287,#2288,#2289,#2290));
#2287 = ORIENTED_EDGE('',*,*,#2164,.F.);
#2288 = ORIENTED_EDGE('',*,*,#937,.T.);
#2289 = ORIENTED_EDGE('',*,*,#2014,.T.);
#2290 = ORIENTED_EDGE('',*,*,#2291,.F.);
#2291 = EDGE_CURVE('',#2156,#2006,#2292,.T.);
#2292 = LINE('',#2293,#2294);
#2293 = CARTESIAN_POINT('',(6.15,-0.35,-0.457437037472));
#2294 = VECTOR('',#2295,1.);
#2295 = DIRECTION('',(0.,1.,3.330669073875E-16));
#2296 = PLANE('',#2297);
#2297 = AXIS2_PLACEMENT_3D('',#2298,#2299,#2300);
#2298 = CARTESIAN_POINT('',(6.15,-0.35,1.5));
#2299 = DIRECTION('',(-1.,0.,-0.));
#2300 = DIRECTION('',(0.,5.551115123126E-16,-1.));
#2301 = ADVANCED_FACE('',(#2302),#2318,.T.);
#2302 = FACE_BOUND('',#2303,.T.);
#2303 = EDGE_LOOP('',(#2304,#2305,#2311,#2312));
#2304 = ORIENTED_EDGE('',*,*,#1134,.F.);
#2305 = ORIENTED_EDGE('',*,*,#2306,.T.);
#2306 = EDGE_CURVE('',#1135,#961,#2307,.T.);
#2307 = LINE('',#2308,#2309);
#2308 = CARTESIAN_POINT('',(-0.162230377286,-0.35,-0.540767924286));
#2309 = VECTOR('',#2310,1.);
#2310 = DIRECTION('',(0.,1.,3.330669073875E-16));
#2311 = ORIENTED_EDGE('',*,*,#960,.T.);
#2312 = ORIENTED_EDGE('',*,*,#2313,.F.);
#2313 = EDGE_CURVE('',#1137,#963,#2314,.T.);
#2314 = LINE('',#2315,#2316);
#2315 = CARTESIAN_POINT('',(-0.425000733956,-0.35,-1.416669113186));
#2316 = VECTOR('',#2317,1.);
#2317 = DIRECTION('',(0.,1.,3.330669073875E-16));
#2318 = PLANE('',#2319);
#2319 = AXIS2_PLACEMENT_3D('',#2320,#2321,#2322);
#2320 = CARTESIAN_POINT('',(-0.15,-0.35,-0.5));
#2321 = DIRECTION('',(-0.957826285221,-9.570607158995E-17,0.287347885566
    ));
#2322 = DIRECTION('',(-0.287347885566,5.31700397722E-16,-0.957826285221)
  );
#2323 = ADVANCED_FACE('',(#2324),#2335,.F.);
#2324 = FACE_BOUND('',#2325,.F.);
#2325 = EDGE_LOOP('',(#2326,#2327,#2328,#2334));
#2326 = ORIENTED_EDGE('',*,*,#2306,.T.);
#2327 = ORIENTED_EDGE('',*,*,#1095,.T.);
#2328 = ORIENTED_EDGE('',*,*,#2329,.F.);
#2329 = EDGE_CURVE('',#1255,#1088,#2330,.T.);
#2330 = LINE('',#2331,#2332);
#2331 = CARTESIAN_POINT('',(-0.15,-0.35,-0.457437037472));
#2332 = VECTOR('',#2333,1.);
#2333 = DIRECTION('',(0.,1.,3.330669073875E-16));
#2334 = ORIENTED_EDGE('',*,*,#1262,.F.);
#2335 = CYLINDRICAL_SURFACE('',#2336,0.29);
#2336 = AXIS2_PLACEMENT_3D('',#2337,#2338,#2339);
#2337 = CARTESIAN_POINT('',(-0.44,-0.35,-0.457437037472));
#2338 = DIRECTION('',(0.,1.,3.330669073875E-16));
#2339 = DIRECTION('',(0.957826285221,9.570607158983E-17,-0.287347885566)
  );
#2340 = ADVANCED_FACE('',(#2341),#2352,.T.);
#2341 = FACE_BOUND('',#2342,.T.);
#2342 = EDGE_LOOP('',(#2343,#2344,#2345,#2351));
#2343 = ORIENTED_EDGE('',*,*,#2313,.T.);
#2344 = ORIENTED_EDGE('',*,*,#970,.T.);
#2345 = ORIENTED_EDGE('',*,*,#2346,.F.);
#2346 = EDGE_CURVE('',#1145,#971,#2347,.T.);
#2347 = LINE('',#2348,#2349);
#2348 = CARTESIAN_POINT('',(-0.425000733956,-0.35,-1.583330886814));
#2349 = VECTOR('',#2350,1.);
#2350 = DIRECTION('',(0.,1.,3.330669073875E-16));
#2351 = ORIENTED_EDGE('',*,*,#1144,.F.);
#2352 = CYLINDRICAL_SURFACE('',#2353,0.29);
#2353 = AXIS2_PLACEMENT_3D('',#2354,#2355,#2356);
#2354 = CARTESIAN_POINT('',(-0.147231111242,-0.35,-1.5));
#2355 = DIRECTION('',(0.,1.,3.330669073875E-16));
#2356 = DIRECTION('',(-0.957826285221,-9.570607158983E-17,0.287347885566
    ));
#2357 = ADVANCED_FACE('',(#2358),#2369,.F.);
#2358 = FACE_BOUND('',#2359,.F.);
#2359 = EDGE_LOOP('',(#2360,#2361,#2362,#2363));
#2360 = ORIENTED_EDGE('',*,*,#1254,.F.);
#2361 = ORIENTED_EDGE('',*,*,#2329,.T.);
#2362 = ORIENTED_EDGE('',*,*,#1087,.T.);
#2363 = ORIENTED_EDGE('',*,*,#2364,.F.);
#2364 = EDGE_CURVE('',#1246,#1079,#2365,.T.);
#2365 = LINE('',#2366,#2367);
#2366 = CARTESIAN_POINT('',(-0.15,-0.35,1.21));
#2367 = VECTOR('',#2368,1.);
#2368 = DIRECTION('',(0.,1.,3.330669073875E-16));
#2369 = PLANE('',#2370);
#2370 = AXIS2_PLACEMENT_3D('',#2371,#2372,#2373);
#2371 = CARTESIAN_POINT('',(-0.15,-0.35,-0.5));
#2372 = DIRECTION('',(1.,0.,0.));
#2373 = DIRECTION('',(0.,-5.551115123126E-16,1.));
#2374 = ADVANCED_FACE('',(#2375),#2386,.T.);
#2375 = FACE_BOUND('',#2376,.T.);
#2376 = EDGE_LOOP('',(#2377,#2378,#2379,#2380));
#2377 = ORIENTED_EDGE('',*,*,#1153,.F.);
#2378 = ORIENTED_EDGE('',*,*,#2346,.T.);
#2379 = ORIENTED_EDGE('',*,*,#979,.T.);
#2380 = ORIENTED_EDGE('',*,*,#2381,.F.);
#2381 = EDGE_CURVE('',#1154,#980,#2382,.T.);
#2382 = LINE('',#2383,#2384);
#2383 = CARTESIAN_POINT('',(-0.162230377286,-0.35,-2.459232075714));
#2384 = VECTOR('',#2385,1.);
#2385 = DIRECTION('',(0.,1.,3.330669073875E-16));
#2386 = PLANE('',#2387);
#2387 = AXIS2_PLACEMENT_3D('',#2388,#2389,#2390);
#2388 = CARTESIAN_POINT('',(-0.45,-0.35,-1.5));
#2389 = DIRECTION('',(-0.957826285221,9.570607158995E-17,-0.287347885566
    ));
#2390 = DIRECTION('',(0.287347885566,5.31700397722E-16,-0.957826285221)
  );
#2391 = ADVANCED_FACE('',(#2392),#2398,.T.);
#2392 = FACE_BOUND('',#2393,.T.);
#2393 = EDGE_LOOP('',(#2394,#2395,#2396,#2397));
#2394 = ORIENTED_EDGE('',*,*,#1245,.T.);
#2395 = ORIENTED_EDGE('',*,*,#1118,.T.);
#2396 = ORIENTED_EDGE('',*,*,#1078,.F.);
#2397 = ORIENTED_EDGE('',*,*,#2364,.F.);
#2398 = CYLINDRICAL_SURFACE('',#2399,0.29);
#2399 = AXIS2_PLACEMENT_3D('',#2400,#2401,#2402);
#2400 = CARTESIAN_POINT('',(0.14,-0.35,1.21));
#2401 = DIRECTION('',(0.,1.,3.330669073875E-16));
#2402 = DIRECTION('',(-1.,0.,0.));
#2403 = ADVANCED_FACE('',(#2404),#2415,.F.);
#2404 = FACE_BOUND('',#2405,.F.);
#2405 = EDGE_LOOP('',(#2406,#2412,#2413,#2414));
#2406 = ORIENTED_EDGE('',*,*,#2407,.T.);
#2407 = EDGE_CURVE('',#1162,#988,#2408,.T.);
#2408 = LINE('',#2409,#2410);
#2409 = CARTESIAN_POINT('',(-0.15,-0.35,-2.542562962528));
#2410 = VECTOR('',#2411,1.);
#2411 = DIRECTION('',(0.,1.,3.330669073875E-16));
#2412 = ORIENTED_EDGE('',*,*,#987,.T.);
#2413 = ORIENTED_EDGE('',*,*,#2381,.F.);
#2414 = ORIENTED_EDGE('',*,*,#1161,.F.);
#2415 = CYLINDRICAL_SURFACE('',#2416,0.29);
#2416 = AXIS2_PLACEMENT_3D('',#2417,#2418,#2419);
#2417 = CARTESIAN_POINT('',(-0.44,-0.35,-2.542562962528));
#2418 = DIRECTION('',(0.,1.,3.330669073875E-16));
#2419 = DIRECTION('',(1.,0.,-0.));
#2420 = ADVANCED_FACE('',(#2421),#2432,.F.);
#2421 = FACE_BOUND('',#2422,.F.);
#2422 = EDGE_LOOP('',(#2423,#2424,#2430,#2431));
#2423 = ORIENTED_EDGE('',*,*,#1170,.F.);
#2424 = ORIENTED_EDGE('',*,*,#2425,.T.);
#2425 = EDGE_CURVE('',#1171,#997,#2426,.T.);
#2426 = LINE('',#2427,#2428);
#2427 = CARTESIAN_POINT('',(-0.15,-0.35,-3.5));
#2428 = VECTOR('',#2429,1.);
#2429 = DIRECTION('',(0.,1.,3.330669073875E-16));
#2430 = ORIENTED_EDGE('',*,*,#996,.T.);
#2431 = ORIENTED_EDGE('',*,*,#2407,.F.);
#2432 = PLANE('',#2433);
#2433 = AXIS2_PLACEMENT_3D('',#2434,#2435,#2436);
#2434 = CARTESIAN_POINT('',(-0.15,-0.35,-3.5));
#2435 = DIRECTION('',(1.,0.,0.));
#2436 = DIRECTION('',(0.,-5.551115123126E-16,1.));
#2437 = ADVANCED_FACE('',(#2438),#2449,.F.);
#2438 = FACE_BOUND('',#2439,.F.);
#2439 = EDGE_LOOP('',(#2440,#2446,#2447,#2448));
#2440 = ORIENTED_EDGE('',*,*,#2441,.T.);
#2441 = EDGE_CURVE('',#1179,#1005,#2442,.T.);
#2442 = LINE('',#2443,#2444);
#2443 = CARTESIAN_POINT('',(0.15,-0.35,-3.5));
#2444 = VECTOR('',#2445,1.);
#2445 = DIRECTION('',(0.,1.,3.330669073875E-16));
#2446 = ORIENTED_EDGE('',*,*,#1004,.T.);
#2447 = ORIENTED_EDGE('',*,*,#2425,.F.);
#2448 = ORIENTED_EDGE('',*,*,#1178,.F.);
#2449 = PLANE('',#2450);
#2450 = AXIS2_PLACEMENT_3D('',#2451,#2452,#2453);
#2451 = CARTESIAN_POINT('',(0.15,-0.35,-3.5));
#2452 = DIRECTION('',(0.,-3.330669073875E-16,1.));
#2453 = DIRECTION('',(-1.,0.,0.));
#2454 = ADVANCED_FACE('',(#2455),#2466,.F.);
#2455 = FACE_BOUND('',#2456,.F.);
#2456 = EDGE_LOOP('',(#2457,#2458,#2464,#2465));
#2457 = ORIENTED_EDGE('',*,*,#1186,.F.);
#2458 = ORIENTED_EDGE('',*,*,#2459,.T.);
#2459 = EDGE_CURVE('',#1187,#1013,#2460,.T.);
#2460 = LINE('',#2461,#2462);
#2461 = CARTESIAN_POINT('',(0.15,-0.35,-2.542562962528));
#2462 = VECTOR('',#2463,1.);
#2463 = DIRECTION('',(0.,1.,3.330669073875E-16));
#2464 = ORIENTED_EDGE('',*,*,#1012,.T.);
#2465 = ORIENTED_EDGE('',*,*,#2441,.F.);
#2466 = PLANE('',#2467);
#2467 = AXIS2_PLACEMENT_3D('',#2468,#2469,#2470);
#2468 = CARTESIAN_POINT('',(0.15,-0.35,-2.5));
#2469 = DIRECTION('',(-1.,0.,-0.));
#2470 = DIRECTION('',(0.,5.551115123126E-16,-1.));
#2471 = ADVANCED_FACE('',(#2472),#2483,.T.);
#2472 = FACE_BOUND('',#2473,.T.);
#2473 = EDGE_LOOP('',(#2474,#2475,#2481,#2482));
#2474 = ORIENTED_EDGE('',*,*,#1228,.T.);
#2475 = ORIENTED_EDGE('',*,*,#2476,.T.);
#2476 = EDGE_CURVE('',#1221,#1047,#2477,.T.);
#2477 = LINE('',#2478,#2479);
#2478 = CARTESIAN_POINT('',(0.137769622714,-0.35,-0.540767924286));
#2479 = VECTOR('',#2480,1.);
#2480 = DIRECTION('',(0.,1.,3.330669073875E-16));
#2481 = ORIENTED_EDGE('',*,*,#1054,.F.);
#2482 = ORIENTED_EDGE('',*,*,#2274,.F.);
#2483 = CYLINDRICAL_SURFACE('',#2484,0.29);
#2484 = AXIS2_PLACEMENT_3D('',#2485,#2486,#2487);
#2485 = CARTESIAN_POINT('',(-0.14,-0.35,-0.457437037472));
#2486 = DIRECTION('',(0.,1.,3.330669073875E-16));
#2487 = DIRECTION('',(1.,0.,-0.));
#2488 = ADVANCED_FACE('',(#2489),#2500,.T.);
#2489 = FACE_BOUND('',#2490,.T.);
#2490 = EDGE_LOOP('',(#2491,#2492,#2493,#2494));
#2491 = ORIENTED_EDGE('',*,*,#1194,.T.);
#2492 = ORIENTED_EDGE('',*,*,#2459,.T.);
#2493 = ORIENTED_EDGE('',*,*,#1020,.F.);
#2494 = ORIENTED_EDGE('',*,*,#2495,.F.);
#2495 = EDGE_CURVE('',#1195,#1021,#2496,.T.);
#2496 = LINE('',#2497,#2498);
#2497 = CARTESIAN_POINT('',(0.137769622714,-0.35,-2.459232075714));
#2498 = VECTOR('',#2499,1.);
#2499 = DIRECTION('',(0.,1.,3.330669073875E-16));
#2500 = CYLINDRICAL_SURFACE('',#2501,0.29);
#2501 = AXIS2_PLACEMENT_3D('',#2502,#2503,#2504);
#2502 = CARTESIAN_POINT('',(-0.14,-0.35,-2.542562962528));
#2503 = DIRECTION('',(0.,1.,3.330669073875E-16));
#2504 = DIRECTION('',(0.957826285221,-9.570607158983E-17,0.287347885566)
  );
#2505 = ADVANCED_FACE('',(#2506),#2517,.T.);
#2506 = FACE_BOUND('',#2507,.T.);
#2507 = EDGE_LOOP('',(#2508,#2509,#2515,#2516));
#2508 = ORIENTED_EDGE('',*,*,#1220,.F.);
#2509 = ORIENTED_EDGE('',*,*,#2510,.T.);
#2510 = EDGE_CURVE('',#1212,#1038,#2511,.T.);
#2511 = LINE('',#2512,#2513);
#2512 = CARTESIAN_POINT('',(-0.125000733956,-0.35,-1.416669113186));
#2513 = VECTOR('',#2514,1.);
#2514 = DIRECTION('',(0.,1.,3.330669073875E-16));
#2515 = ORIENTED_EDGE('',*,*,#1046,.T.);
#2516 = ORIENTED_EDGE('',*,*,#2476,.F.);
#2517 = PLANE('',#2518);
#2518 = AXIS2_PLACEMENT_3D('',#2519,#2520,#2521);
#2519 = CARTESIAN_POINT('',(-0.15,-0.35,-1.5));
#2520 = DIRECTION('',(0.957826285221,9.570607158995E-17,-0.287347885566)
  );
#2521 = DIRECTION('',(0.287347885566,-5.31700397722E-16,0.957826285221)
  );
#2522 = ADVANCED_FACE('',(#2523),#2534,.T.);
#2523 = FACE_BOUND('',#2524,.T.);
#2524 = EDGE_LOOP('',(#2525,#2526,#2527,#2528));
#2525 = ORIENTED_EDGE('',*,*,#1203,.F.);
#2526 = ORIENTED_EDGE('',*,*,#2495,.T.);
#2527 = ORIENTED_EDGE('',*,*,#1029,.T.);
#2528 = ORIENTED_EDGE('',*,*,#2529,.F.);
#2529 = EDGE_CURVE('',#1204,#1030,#2530,.T.);
#2530 = LINE('',#2531,#2532);
#2531 = CARTESIAN_POINT('',(-0.125000733956,-0.35,-1.583330886814));
#2532 = VECTOR('',#2533,1.);
#2533 = DIRECTION('',(0.,1.,3.330669073875E-16));
#2534 = PLANE('',#2535);
#2535 = AXIS2_PLACEMENT_3D('',#2536,#2537,#2538);
#2536 = CARTESIAN_POINT('',(0.15,-0.35,-2.5));
#2537 = DIRECTION('',(0.957826285221,-9.570607158995E-17,0.287347885566)
  );
#2538 = DIRECTION('',(-0.287347885566,-5.31700397722E-16,0.957826285221)
  );
#2539 = ADVANCED_FACE('',(#2540),#2546,.F.);
#2540 = FACE_BOUND('',#2541,.F.);
#2541 = EDGE_LOOP('',(#2542,#2543,#2544,#2545));
#2542 = ORIENTED_EDGE('',*,*,#2510,.T.);
#2543 = ORIENTED_EDGE('',*,*,#1037,.T.);
#2544 = ORIENTED_EDGE('',*,*,#2529,.F.);
#2545 = ORIENTED_EDGE('',*,*,#1211,.F.);
#2546 = CYLINDRICAL_SURFACE('',#2547,0.29);
#2547 = AXIS2_PLACEMENT_3D('',#2548,#2549,#2550);
#2548 = CARTESIAN_POINT('',(0.152768888758,-0.35,-1.5));
#2549 = DIRECTION('',(0.,1.,3.330669073875E-16));
#2550 = DIRECTION('',(-0.957826285221,-9.570607158983E-17,0.287347885566
    ));
#2551 = ADVANCED_FACE('',(#2552),#2568,.T.);
#2552 = FACE_BOUND('',#2553,.T.);
#2553 = EDGE_LOOP('',(#2554,#2555,#2561,#2562));
#2554 = ORIENTED_EDGE('',*,*,#1277,.F.);
#2555 = ORIENTED_EDGE('',*,*,#2556,.T.);
#2556 = EDGE_CURVE('',#1278,#1428,#2557,.T.);
#2557 = LINE('',#2558,#2559);
#2558 = CARTESIAN_POINT('',(-0.162230377286,-4.85,-0.540767924286));
#2559 = VECTOR('',#2560,1.);
#2560 = DIRECTION('',(0.,1.,3.330669073875E-16));
#2561 = ORIENTED_EDGE('',*,*,#1427,.T.);
#2562 = ORIENTED_EDGE('',*,*,#2563,.F.);
#2563 = EDGE_CURVE('',#1280,#1430,#2564,.T.);
#2564 = LINE('',#2565,#2566);
#2565 = CARTESIAN_POINT('',(-0.425000733956,-4.85,-1.416669113186));
#2566 = VECTOR('',#2567,1.);
#2567 = DIRECTION('',(0.,1.,3.330669073875E-16));
#2568 = PLANE('',#2569);
#2569 = AXIS2_PLACEMENT_3D('',#2570,#2571,#2572);
#2570 = CARTESIAN_POINT('',(-0.15,-4.85,-0.5));
#2571 = DIRECTION('',(-0.957826285221,-9.570607158995E-17,0.287347885566
    ));
#2572 = DIRECTION('',(-0.287347885566,5.31700397722E-16,-0.957826285221)
  );
#2573 = ADVANCED_FACE('',(#2574),#2585,.F.);
#2574 = FACE_BOUND('',#2575,.F.);
#2575 = EDGE_LOOP('',(#2576,#2577,#2578,#2584));
#2576 = ORIENTED_EDGE('',*,*,#2556,.T.);
#2577 = ORIENTED_EDGE('',*,*,#1562,.T.);
#2578 = ORIENTED_EDGE('',*,*,#2579,.F.);
#2579 = EDGE_CURVE('',#1405,#1555,#2580,.T.);
#2580 = LINE('',#2581,#2582);
#2581 = CARTESIAN_POINT('',(-0.15,-4.85,-0.457437037472));
#2582 = VECTOR('',#2583,1.);
#2583 = DIRECTION('',(0.,1.,3.330669073875E-16));
#2584 = ORIENTED_EDGE('',*,*,#1412,.F.);
#2585 = CYLINDRICAL_SURFACE('',#2586,0.29);
#2586 = AXIS2_PLACEMENT_3D('',#2587,#2588,#2589);
#2587 = CARTESIAN_POINT('',(-0.44,-4.85,-0.457437037472));
#2588 = DIRECTION('',(0.,1.,3.330669073875E-16));
#2589 = DIRECTION('',(0.957826285221,9.570607158983E-17,-0.287347885566)
  );
#2590 = ADVANCED_FACE('',(#2591),#2602,.T.);
#2591 = FACE_BOUND('',#2592,.T.);
#2592 = EDGE_LOOP('',(#2593,#2594,#2595,#2601));
#2593 = ORIENTED_EDGE('',*,*,#2563,.T.);
#2594 = ORIENTED_EDGE('',*,*,#1437,.T.);
#2595 = ORIENTED_EDGE('',*,*,#2596,.F.);
#2596 = EDGE_CURVE('',#1288,#1438,#2597,.T.);
#2597 = LINE('',#2598,#2599);
#2598 = CARTESIAN_POINT('',(-0.425000733956,-4.85,-1.583330886814));
#2599 = VECTOR('',#2600,1.);
#2600 = DIRECTION('',(0.,1.,3.330669073875E-16));
#2601 = ORIENTED_EDGE('',*,*,#1287,.F.);
#2602 = CYLINDRICAL_SURFACE('',#2603,0.29);
#2603 = AXIS2_PLACEMENT_3D('',#2604,#2605,#2606);
#2604 = CARTESIAN_POINT('',(-0.147231111242,-4.85,-1.5));
#2605 = DIRECTION('',(0.,1.,3.330669073875E-16));
#2606 = DIRECTION('',(-0.957826285221,-9.570607158983E-17,0.287347885566
    ));
#2607 = ADVANCED_FACE('',(#2608),#2619,.F.);
#2608 = FACE_BOUND('',#2609,.F.);
#2609 = EDGE_LOOP('',(#2610,#2611,#2612,#2613));
#2610 = ORIENTED_EDGE('',*,*,#1404,.F.);
#2611 = ORIENTED_EDGE('',*,*,#2579,.T.);
#2612 = ORIENTED_EDGE('',*,*,#1554,.T.);
#2613 = ORIENTED_EDGE('',*,*,#2614,.F.);
#2614 = EDGE_CURVE('',#1396,#1546,#2615,.T.);
#2615 = LINE('',#2616,#2617);
#2616 = CARTESIAN_POINT('',(-0.15,-4.85,1.21));
#2617 = VECTOR('',#2618,1.);
#2618 = DIRECTION('',(0.,1.,3.330669073875E-16));
#2619 = PLANE('',#2620);
#2620 = AXIS2_PLACEMENT_3D('',#2621,#2622,#2623);
#2621 = CARTESIAN_POINT('',(-0.15,-4.85,-0.5));
#2622 = DIRECTION('',(1.,0.,0.));
#2623 = DIRECTION('',(0.,-5.551115123126E-16,1.));
#2624 = ADVANCED_FACE('',(#2625),#2636,.T.);
#2625 = FACE_BOUND('',#2626,.T.);
#2626 = EDGE_LOOP('',(#2627,#2628,#2629,#2630));
#2627 = ORIENTED_EDGE('',*,*,#1296,.F.);
#2628 = ORIENTED_EDGE('',*,*,#2596,.T.);
#2629 = ORIENTED_EDGE('',*,*,#1446,.T.);
#2630 = ORIENTED_EDGE('',*,*,#2631,.F.);
#2631 = EDGE_CURVE('',#1297,#1447,#2632,.T.);
#2632 = LINE('',#2633,#2634);
#2633 = CARTESIAN_POINT('',(-0.162230377286,-4.85,-2.459232075714));
#2634 = VECTOR('',#2635,1.);
#2635 = DIRECTION('',(0.,1.,3.330669073875E-16));
#2636 = PLANE('',#2637);
#2637 = AXIS2_PLACEMENT_3D('',#2638,#2639,#2640);
#2638 = CARTESIAN_POINT('',(-0.45,-4.85,-1.5));
#2639 = DIRECTION('',(-0.957826285221,9.570607158995E-17,-0.287347885566
    ));
#2640 = DIRECTION('',(0.287347885566,5.31700397722E-16,-0.957826285221)
  );
#2641 = ADVANCED_FACE('',(#2642),#2648,.T.);
#2642 = FACE_BOUND('',#2643,.T.);
#2643 = EDGE_LOOP('',(#2644,#2645,#2646,#2647));
#2644 = ORIENTED_EDGE('',*,*,#1395,.T.);
#2645 = ORIENTED_EDGE('',*,*,#1578,.T.);
#2646 = ORIENTED_EDGE('',*,*,#1545,.F.);
#2647 = ORIENTED_EDGE('',*,*,#2614,.F.);
#2648 = CYLINDRICAL_SURFACE('',#2649,0.29);
#2649 = AXIS2_PLACEMENT_3D('',#2650,#2651,#2652);
#2650 = CARTESIAN_POINT('',(0.14,-4.85,1.21));
#2651 = DIRECTION('',(0.,1.,3.330669073875E-16));
#2652 = DIRECTION('',(-1.,0.,0.));
#2653 = ADVANCED_FACE('',(#2654),#2665,.F.);
#2654 = FACE_BOUND('',#2655,.F.);
#2655 = EDGE_LOOP('',(#2656,#2662,#2663,#2664));
#2656 = ORIENTED_EDGE('',*,*,#2657,.T.);
#2657 = EDGE_CURVE('',#1305,#1455,#2658,.T.);
#2658 = LINE('',#2659,#2660);
#2659 = CARTESIAN_POINT('',(-0.15,-4.85,-2.542562962528));
#2660 = VECTOR('',#2661,1.);
#2661 = DIRECTION('',(0.,1.,3.330669073875E-16));
#2662 = ORIENTED_EDGE('',*,*,#1454,.T.);
#2663 = ORIENTED_EDGE('',*,*,#2631,.F.);
#2664 = ORIENTED_EDGE('',*,*,#1304,.F.);
#2665 = CYLINDRICAL_SURFACE('',#2666,0.29);
#2666 = AXIS2_PLACEMENT_3D('',#2667,#2668,#2669);
#2667 = CARTESIAN_POINT('',(-0.44,-4.85,-2.542562962528));
#2668 = DIRECTION('',(0.,1.,3.330669073875E-16));
#2669 = DIRECTION('',(1.,0.,-0.));
#2670 = ADVANCED_FACE('',(#2671),#2682,.F.);
#2671 = FACE_BOUND('',#2672,.F.);
#2672 = EDGE_LOOP('',(#2673,#2674,#2680,#2681));
#2673 = ORIENTED_EDGE('',*,*,#1313,.F.);
#2674 = ORIENTED_EDGE('',*,*,#2675,.T.);
#2675 = EDGE_CURVE('',#1314,#1464,#2676,.T.);
#2676 = LINE('',#2677,#2678);
#2677 = CARTESIAN_POINT('',(-0.15,-4.85,-3.5));
#2678 = VECTOR('',#2679,1.);
#2679 = DIRECTION('',(0.,1.,3.330669073875E-16));
#2680 = ORIENTED_EDGE('',*,*,#1463,.T.);
#2681 = ORIENTED_EDGE('',*,*,#2657,.F.);
#2682 = PLANE('',#2683);
#2683 = AXIS2_PLACEMENT_3D('',#2684,#2685,#2686);
#2684 = CARTESIAN_POINT('',(-0.15,-4.85,-3.5));
#2685 = DIRECTION('',(1.,0.,0.));
#2686 = DIRECTION('',(0.,-5.551115123126E-16,1.));
#2687 = ADVANCED_FACE('',(#2688),#2699,.F.);
#2688 = FACE_BOUND('',#2689,.F.);
#2689 = EDGE_LOOP('',(#2690,#2696,#2697,#2698));
#2690 = ORIENTED_EDGE('',*,*,#2691,.T.);
#2691 = EDGE_CURVE('',#1322,#1472,#2692,.T.);
#2692 = LINE('',#2693,#2694);
#2693 = CARTESIAN_POINT('',(0.15,-4.85,-3.5));
#2694 = VECTOR('',#2695,1.);
#2695 = DIRECTION('',(0.,1.,3.330669073875E-16));
#2696 = ORIENTED_EDGE('',*,*,#1471,.T.);
#2697 = ORIENTED_EDGE('',*,*,#2675,.F.);
#2698 = ORIENTED_EDGE('',*,*,#1321,.F.);
#2699 = PLANE('',#2700);
#2700 = AXIS2_PLACEMENT_3D('',#2701,#2702,#2703);
#2701 = CARTESIAN_POINT('',(0.15,-4.85,-3.5));
#2702 = DIRECTION('',(0.,-3.330669073875E-16,1.));
#2703 = DIRECTION('',(-1.,0.,0.));
#2704 = ADVANCED_FACE('',(#2705),#2716,.F.);
#2705 = FACE_BOUND('',#2706,.F.);
#2706 = EDGE_LOOP('',(#2707,#2708,#2714,#2715));
#2707 = ORIENTED_EDGE('',*,*,#1329,.F.);
#2708 = ORIENTED_EDGE('',*,*,#2709,.T.);
#2709 = EDGE_CURVE('',#1330,#1480,#2710,.T.);
#2710 = LINE('',#2711,#2712);
#2711 = CARTESIAN_POINT('',(0.15,-4.85,-2.542562962528));
#2712 = VECTOR('',#2713,1.);
#2713 = DIRECTION('',(0.,1.,3.330669073875E-16));
#2714 = ORIENTED_EDGE('',*,*,#1479,.T.);
#2715 = ORIENTED_EDGE('',*,*,#2691,.F.);
#2716 = PLANE('',#2717);
#2717 = AXIS2_PLACEMENT_3D('',#2718,#2719,#2720);
#2718 = CARTESIAN_POINT('',(0.15,-4.85,-2.5));
#2719 = DIRECTION('',(-1.,0.,-0.));
#2720 = DIRECTION('',(0.,5.551115123126E-16,-1.));
#2721 = ADVANCED_FACE('',(#2722),#2733,.T.);
#2722 = FACE_BOUND('',#2723,.T.);
#2723 = EDGE_LOOP('',(#2724,#2725,#2731,#2732));
#2724 = ORIENTED_EDGE('',*,*,#1371,.T.);
#2725 = ORIENTED_EDGE('',*,*,#2726,.T.);
#2726 = EDGE_CURVE('',#1364,#1514,#2727,.T.);
#2727 = LINE('',#2728,#2729);
#2728 = CARTESIAN_POINT('',(0.137769622714,-4.85,-0.540767924286));
#2729 = VECTOR('',#2730,1.);
#2730 = DIRECTION('',(0.,1.,3.330669073875E-16));
#2731 = ORIENTED_EDGE('',*,*,#1521,.F.);
#2732 = ORIENTED_EDGE('',*,*,#2240,.F.);
#2733 = CYLINDRICAL_SURFACE('',#2734,0.29);
#2734 = AXIS2_PLACEMENT_3D('',#2735,#2736,#2737);
#2735 = CARTESIAN_POINT('',(-0.14,-4.85,-0.457437037472));
#2736 = DIRECTION('',(0.,1.,3.330669073875E-16));
#2737 = DIRECTION('',(1.,0.,-0.));
#2738 = ADVANCED_FACE('',(#2739),#2750,.T.);
#2739 = FACE_BOUND('',#2740,.T.);
#2740 = EDGE_LOOP('',(#2741,#2742,#2743,#2744));
#2741 = ORIENTED_EDGE('',*,*,#1337,.T.);
#2742 = ORIENTED_EDGE('',*,*,#2709,.T.);
#2743 = ORIENTED_EDGE('',*,*,#1487,.F.);
#2744 = ORIENTED_EDGE('',*,*,#2745,.F.);
#2745 = EDGE_CURVE('',#1338,#1488,#2746,.T.);
#2746 = LINE('',#2747,#2748);
#2747 = CARTESIAN_POINT('',(0.137769622714,-4.85,-2.459232075714));
#2748 = VECTOR('',#2749,1.);
#2749 = DIRECTION('',(0.,1.,3.330669073875E-16));
#2750 = CYLINDRICAL_SURFACE('',#2751,0.29);
#2751 = AXIS2_PLACEMENT_3D('',#2752,#2753,#2754);
#2752 = CARTESIAN_POINT('',(-0.14,-4.85,-2.542562962528));
#2753 = DIRECTION('',(0.,1.,3.330669073875E-16));
#2754 = DIRECTION('',(0.957826285221,-9.570607158983E-17,0.287347885566)
  );
#2755 = ADVANCED_FACE('',(#2756),#2767,.T.);
#2756 = FACE_BOUND('',#2757,.T.);
#2757 = EDGE_LOOP('',(#2758,#2759,#2765,#2766));
#2758 = ORIENTED_EDGE('',*,*,#1363,.F.);
#2759 = ORIENTED_EDGE('',*,*,#2760,.T.);
#2760 = EDGE_CURVE('',#1355,#1505,#2761,.T.);
#2761 = LINE('',#2762,#2763);
#2762 = CARTESIAN_POINT('',(-0.125000733956,-4.85,-1.416669113186));
#2763 = VECTOR('',#2764,1.);
#2764 = DIRECTION('',(0.,1.,3.330669073875E-16));
#2765 = ORIENTED_EDGE('',*,*,#1513,.T.);
#2766 = ORIENTED_EDGE('',*,*,#2726,.F.);
#2767 = PLANE('',#2768);
#2768 = AXIS2_PLACEMENT_3D('',#2769,#2770,#2771);
#2769 = CARTESIAN_POINT('',(-0.15,-4.85,-1.5));
#2770 = DIRECTION('',(0.957826285221,9.570607158995E-17,-0.287347885566)
  );
#2771 = DIRECTION('',(0.287347885566,-5.31700397722E-16,0.957826285221)
  );
#2772 = ADVANCED_FACE('',(#2773),#2784,.T.);
#2773 = FACE_BOUND('',#2774,.T.);
#2774 = EDGE_LOOP('',(#2775,#2776,#2777,#2778));
#2775 = ORIENTED_EDGE('',*,*,#1346,.F.);
#2776 = ORIENTED_EDGE('',*,*,#2745,.T.);
#2777 = ORIENTED_EDGE('',*,*,#1496,.T.);
#2778 = ORIENTED_EDGE('',*,*,#2779,.F.);
#2779 = EDGE_CURVE('',#1347,#1497,#2780,.T.);
#2780 = LINE('',#2781,#2782);
#2781 = CARTESIAN_POINT('',(-0.125000733956,-4.85,-1.583330886814));
#2782 = VECTOR('',#2783,1.);
#2783 = DIRECTION('',(0.,1.,3.330669073875E-16));
#2784 = PLANE('',#2785);
#2785 = AXIS2_PLACEMENT_3D('',#2786,#2787,#2788);
#2786 = CARTESIAN_POINT('',(0.15,-4.85,-2.5));
#2787 = DIRECTION('',(0.957826285221,-9.570607158995E-17,0.287347885566)
  );
#2788 = DIRECTION('',(-0.287347885566,-5.31700397722E-16,0.957826285221)
  );
#2789 = ADVANCED_FACE('',(#2790),#2796,.F.);
#2790 = FACE_BOUND('',#2791,.F.);
#2791 = EDGE_LOOP('',(#2792,#2793,#2794,#2795));
#2792 = ORIENTED_EDGE('',*,*,#2760,.T.);
#2793 = ORIENTED_EDGE('',*,*,#1504,.T.);
#2794 = ORIENTED_EDGE('',*,*,#2779,.F.);
#2795 = ORIENTED_EDGE('',*,*,#1354,.F.);
#2796 = CYLINDRICAL_SURFACE('',#2797,0.29);
#2797 = AXIS2_PLACEMENT_3D('',#2798,#2799,#2800);
#2798 = CARTESIAN_POINT('',(0.152768888758,-4.85,-1.5));
#2799 = DIRECTION('',(0.,1.,3.330669073875E-16));
#2800 = DIRECTION('',(-0.957826285221,-9.570607158983E-17,0.287347885566
    ));
#2801 = ADVANCED_FACE('',(#2802),#2818,.F.);
#2802 = FACE_BOUND('',#2803,.F.);
#2803 = EDGE_LOOP('',(#2804,#2805,#2811,#2812));
#2804 = ORIENTED_EDGE('',*,*,#1594,.F.);
#2805 = ORIENTED_EDGE('',*,*,#2806,.T.);
#2806 = EDGE_CURVE('',#1595,#1769,#2807,.T.);
#2807 = LINE('',#2808,#2809);
#2808 = CARTESIAN_POINT('',(6.462230377286,-4.85,-0.540767924286));
#2809 = VECTOR('',#2810,1.);
#2810 = DIRECTION('',(0.,1.,3.330669073875E-16));
#2811 = ORIENTED_EDGE('',*,*,#1768,.T.);
#2812 = ORIENTED_EDGE('',*,*,#2813,.F.);
#2813 = EDGE_CURVE('',#1597,#1771,#2814,.T.);
#2814 = LINE('',#2815,#2816);
#2815 = CARTESIAN_POINT('',(6.725000733956,-4.85,-1.416669113186));
#2816 = VECTOR('',#2817,1.);
#2817 = DIRECTION('',(0.,1.,3.330669073875E-16));
#2818 = PLANE('',#2819);
#2819 = AXIS2_PLACEMENT_3D('',#2820,#2821,#2822);
#2820 = CARTESIAN_POINT('',(6.45,-4.85,-0.5));
#2821 = DIRECTION('',(-0.957826285221,9.570607158995E-17,-0.287347885566
    ));
#2822 = DIRECTION('',(0.287347885566,5.31700397722E-16,-0.957826285221)
  );
#2823 = ADVANCED_FACE('',(#2824),#2835,.F.);
#2824 = FACE_BOUND('',#2825,.F.);
#2825 = EDGE_LOOP('',(#2826,#2827,#2833,#2834));
#2826 = ORIENTED_EDGE('',*,*,#1729,.T.);
#2827 = ORIENTED_EDGE('',*,*,#2828,.T.);
#2828 = EDGE_CURVE('',#1722,#1889,#2829,.T.);
#2829 = LINE('',#2830,#2831);
#2830 = CARTESIAN_POINT('',(6.45,-4.85,-0.457437037472));
#2831 = VECTOR('',#2832,1.);
#2832 = DIRECTION('',(0.,1.,3.330669073875E-16));
#2833 = ORIENTED_EDGE('',*,*,#1896,.F.);
#2834 = ORIENTED_EDGE('',*,*,#2806,.F.);
#2835 = CYLINDRICAL_SURFACE('',#2836,0.29);
#2836 = AXIS2_PLACEMENT_3D('',#2837,#2838,#2839);
#2837 = CARTESIAN_POINT('',(6.74,-4.85,-0.457437037472));
#2838 = DIRECTION('',(0.,1.,3.330669073875E-16));
#2839 = DIRECTION('',(-0.957826285221,9.570607158983E-17,-0.287347885566
    ));
#2840 = ADVANCED_FACE('',(#2841),#2852,.T.);
#2841 = FACE_BOUND('',#2842,.T.);
#2842 = EDGE_LOOP('',(#2843,#2844,#2850,#2851));
#2843 = ORIENTED_EDGE('',*,*,#1604,.T.);
#2844 = ORIENTED_EDGE('',*,*,#2845,.T.);
#2845 = EDGE_CURVE('',#1605,#1779,#2846,.T.);
#2846 = LINE('',#2847,#2848);
#2847 = CARTESIAN_POINT('',(6.725000733956,-4.85,-1.583330886814));
#2848 = VECTOR('',#2849,1.);
#2849 = DIRECTION('',(0.,1.,3.330669073875E-16));
#2850 = ORIENTED_EDGE('',*,*,#1778,.F.);
#2851 = ORIENTED_EDGE('',*,*,#2813,.F.);
#2852 = CYLINDRICAL_SURFACE('',#2853,0.29);
#2853 = AXIS2_PLACEMENT_3D('',#2854,#2855,#2856);
#2854 = CARTESIAN_POINT('',(6.447231111242,-4.85,-1.5));
#2855 = DIRECTION('',(0.,1.,3.330669073875E-16));
#2856 = DIRECTION('',(0.957826285221,-9.570607158983E-17,0.287347885566)
  );
#2857 = ADVANCED_FACE('',(#2858),#2869,.T.);
#2858 = FACE_BOUND('',#2859,.T.);
#2859 = EDGE_LOOP('',(#2860,#2861,#2862,#2863));
#2860 = ORIENTED_EDGE('',*,*,#1721,.F.);
#2861 = ORIENTED_EDGE('',*,*,#2828,.T.);
#2862 = ORIENTED_EDGE('',*,*,#1888,.T.);
#2863 = ORIENTED_EDGE('',*,*,#2864,.F.);
#2864 = EDGE_CURVE('',#1713,#1880,#2865,.T.);
#2865 = LINE('',#2866,#2867);
#2866 = CARTESIAN_POINT('',(6.45,-4.85,1.21));
#2867 = VECTOR('',#2868,1.);
#2868 = DIRECTION('',(0.,1.,3.330669073875E-16));
#2869 = PLANE('',#2870);
#2870 = AXIS2_PLACEMENT_3D('',#2871,#2872,#2873);
#2871 = CARTESIAN_POINT('',(6.45,-4.85,-0.5));
#2872 = DIRECTION('',(1.,0.,0.));
#2873 = DIRECTION('',(0.,-5.551115123126E-16,1.));
#2874 = ADVANCED_FACE('',(#2875),#2886,.F.);
#2875 = FACE_BOUND('',#2876,.F.);
#2876 = EDGE_LOOP('',(#2877,#2878,#2879,#2880));
#2877 = ORIENTED_EDGE('',*,*,#1613,.F.);
#2878 = ORIENTED_EDGE('',*,*,#2845,.T.);
#2879 = ORIENTED_EDGE('',*,*,#1787,.T.);
#2880 = ORIENTED_EDGE('',*,*,#2881,.F.);
#2881 = EDGE_CURVE('',#1614,#1788,#2882,.T.);
#2882 = LINE('',#2883,#2884);
#2883 = CARTESIAN_POINT('',(6.462230377286,-4.85,-2.459232075714));
#2884 = VECTOR('',#2885,1.);
#2885 = DIRECTION('',(0.,1.,3.330669073875E-16));
#2886 = PLANE('',#2887);
#2887 = AXIS2_PLACEMENT_3D('',#2888,#2889,#2890);
#2888 = CARTESIAN_POINT('',(6.75,-4.85,-1.5));
#2889 = DIRECTION('',(-0.957826285221,-9.570607158995E-17,0.287347885566
    ));
#2890 = DIRECTION('',(-0.287347885566,5.31700397722E-16,-0.957826285221)
  );
#2891 = ADVANCED_FACE('',(#2892),#2898,.T.);
#2892 = FACE_BOUND('',#2893,.T.);
#2893 = EDGE_LOOP('',(#2894,#2895,#2896,#2897));
#2894 = ORIENTED_EDGE('',*,*,#2864,.T.);
#2895 = ORIENTED_EDGE('',*,*,#1879,.T.);
#2896 = ORIENTED_EDGE('',*,*,#1745,.F.);
#2897 = ORIENTED_EDGE('',*,*,#1712,.F.);
#2898 = CYLINDRICAL_SURFACE('',#2899,0.29);
#2899 = AXIS2_PLACEMENT_3D('',#2900,#2901,#2902);
#2900 = CARTESIAN_POINT('',(6.16,-4.85,1.21));
#2901 = DIRECTION('',(0.,1.,3.330669073875E-16));
#2902 = DIRECTION('',(1.,0.,-0.));
#2903 = ADVANCED_FACE('',(#2904),#2915,.F.);
#2904 = FACE_BOUND('',#2905,.F.);
#2905 = EDGE_LOOP('',(#2906,#2907,#2908,#2909));
#2906 = ORIENTED_EDGE('',*,*,#1621,.T.);
#2907 = ORIENTED_EDGE('',*,*,#2881,.T.);
#2908 = ORIENTED_EDGE('',*,*,#1795,.F.);
#2909 = ORIENTED_EDGE('',*,*,#2910,.F.);
#2910 = EDGE_CURVE('',#1622,#1796,#2911,.T.);
#2911 = LINE('',#2912,#2913);
#2912 = CARTESIAN_POINT('',(6.45,-4.85,-2.542562962528));
#2913 = VECTOR('',#2914,1.);
#2914 = DIRECTION('',(0.,1.,3.330669073875E-16));
#2915 = CYLINDRICAL_SURFACE('',#2916,0.29);
#2916 = AXIS2_PLACEMENT_3D('',#2917,#2918,#2919);
#2917 = CARTESIAN_POINT('',(6.74,-4.85,-2.542562962528));
#2918 = DIRECTION('',(0.,1.,3.330669073875E-16));
#2919 = DIRECTION('',(-1.,0.,0.));
#2920 = ADVANCED_FACE('',(#2921),#2932,.T.);
#2921 = FACE_BOUND('',#2922,.T.);
#2922 = EDGE_LOOP('',(#2923,#2924,#2930,#2931));
#2923 = ORIENTED_EDGE('',*,*,#1630,.F.);
#2924 = ORIENTED_EDGE('',*,*,#2925,.T.);
#2925 = EDGE_CURVE('',#1631,#1805,#2926,.T.);
#2926 = LINE('',#2927,#2928);
#2927 = CARTESIAN_POINT('',(6.45,-4.85,-3.5));
#2928 = VECTOR('',#2929,1.);
#2929 = DIRECTION('',(0.,1.,3.330669073875E-16));
#2930 = ORIENTED_EDGE('',*,*,#1804,.T.);
#2931 = ORIENTED_EDGE('',*,*,#2910,.F.);
#2932 = PLANE('',#2933);
#2933 = AXIS2_PLACEMENT_3D('',#2934,#2935,#2936);
#2934 = CARTESIAN_POINT('',(6.45,-4.85,-3.5));
#2935 = DIRECTION('',(1.,0.,0.));
#2936 = DIRECTION('',(0.,-5.551115123126E-16,1.));
#2937 = ADVANCED_FACE('',(#2938),#2949,.T.);
#2938 = FACE_BOUND('',#2939,.T.);
#2939 = EDGE_LOOP('',(#2940,#2946,#2947,#2948));
#2940 = ORIENTED_EDGE('',*,*,#2941,.T.);
#2941 = EDGE_CURVE('',#1639,#1813,#2942,.T.);
#2942 = LINE('',#2943,#2944);
#2943 = CARTESIAN_POINT('',(6.15,-4.85,-3.5));
#2944 = VECTOR('',#2945,1.);
#2945 = DIRECTION('',(0.,1.,3.330669073875E-16));
#2946 = ORIENTED_EDGE('',*,*,#1812,.T.);
#2947 = ORIENTED_EDGE('',*,*,#2925,.F.);
#2948 = ORIENTED_EDGE('',*,*,#1638,.F.);
#2949 = PLANE('',#2950);
#2950 = AXIS2_PLACEMENT_3D('',#2951,#2952,#2953);
#2951 = CARTESIAN_POINT('',(6.15,-4.85,-3.5));
#2952 = DIRECTION('',(0.,3.330669073875E-16,-1.));
#2953 = DIRECTION('',(1.,0.,0.));
#2954 = ADVANCED_FACE('',(#2955),#2966,.T.);
#2955 = FACE_BOUND('',#2956,.T.);
#2956 = EDGE_LOOP('',(#2957,#2958,#2964,#2965));
#2957 = ORIENTED_EDGE('',*,*,#1646,.F.);
#2958 = ORIENTED_EDGE('',*,*,#2959,.T.);
#2959 = EDGE_CURVE('',#1647,#1821,#2960,.T.);
#2960 = LINE('',#2961,#2962);
#2961 = CARTESIAN_POINT('',(6.15,-4.85,-2.542562962528));
#2962 = VECTOR('',#2963,1.);
#2963 = DIRECTION('',(0.,1.,3.330669073875E-16));
#2964 = ORIENTED_EDGE('',*,*,#1820,.T.);
#2965 = ORIENTED_EDGE('',*,*,#2941,.F.);
#2966 = PLANE('',#2967);
#2967 = AXIS2_PLACEMENT_3D('',#2968,#2969,#2970);
#2968 = CARTESIAN_POINT('',(6.15,-4.85,-2.5));
#2969 = DIRECTION('',(-1.,0.,-0.));
#2970 = DIRECTION('',(0.,5.551115123126E-16,-1.));
#2971 = ADVANCED_FACE('',(#2972),#2983,.T.);
#2972 = FACE_BOUND('',#2973,.T.);
#2973 = EDGE_LOOP('',(#2974,#2975,#2976,#2982));
#2974 = ORIENTED_EDGE('',*,*,#2257,.T.);
#2975 = ORIENTED_EDGE('',*,*,#1862,.T.);
#2976 = ORIENTED_EDGE('',*,*,#2977,.F.);
#2977 = EDGE_CURVE('',#1681,#1855,#2978,.T.);
#2978 = LINE('',#2979,#2980);
#2979 = CARTESIAN_POINT('',(6.162230377286,-4.85,-0.540767924286));
#2980 = VECTOR('',#2981,1.);
#2981 = DIRECTION('',(0.,1.,3.330669073875E-16));
#2982 = ORIENTED_EDGE('',*,*,#1688,.F.);
#2983 = CYLINDRICAL_SURFACE('',#2984,0.29);
#2984 = AXIS2_PLACEMENT_3D('',#2985,#2986,#2987);
#2985 = CARTESIAN_POINT('',(6.44,-4.85,-0.457437037472));
#2986 = DIRECTION('',(0.,1.,3.330669073875E-16));
#2987 = DIRECTION('',(-1.,0.,0.));
#2988 = ADVANCED_FACE('',(#2989),#3000,.T.);
#2989 = FACE_BOUND('',#2990,.T.);
#2990 = EDGE_LOOP('',(#2991,#2997,#2998,#2999));
#2991 = ORIENTED_EDGE('',*,*,#2992,.T.);
#2992 = EDGE_CURVE('',#1655,#1829,#2993,.T.);
#2993 = LINE('',#2994,#2995);
#2994 = CARTESIAN_POINT('',(6.162230377286,-4.85,-2.459232075714));
#2995 = VECTOR('',#2996,1.);
#2996 = DIRECTION('',(0.,1.,3.330669073875E-16));
#2997 = ORIENTED_EDGE('',*,*,#1828,.T.);
#2998 = ORIENTED_EDGE('',*,*,#2959,.F.);
#2999 = ORIENTED_EDGE('',*,*,#1654,.F.);
#3000 = CYLINDRICAL_SURFACE('',#3001,0.29);
#3001 = AXIS2_PLACEMENT_3D('',#3002,#3003,#3004);
#3002 = CARTESIAN_POINT('',(6.44,-4.85,-2.542562962528));
#3003 = DIRECTION('',(0.,1.,3.330669073875E-16));
#3004 = DIRECTION('',(-0.957826285221,-9.570607158983E-17,0.287347885566
    ));
#3005 = ADVANCED_FACE('',(#3006),#3017,.F.);
#3006 = FACE_BOUND('',#3007,.F.);
#3007 = EDGE_LOOP('',(#3008,#3009,#3015,#3016));
#3008 = ORIENTED_EDGE('',*,*,#1680,.F.);
#3009 = ORIENTED_EDGE('',*,*,#3010,.T.);
#3010 = EDGE_CURVE('',#1672,#1846,#3011,.T.);
#3011 = LINE('',#3012,#3013);
#3012 = CARTESIAN_POINT('',(6.425000733956,-4.85,-1.416669113186));
#3013 = VECTOR('',#3014,1.);
#3014 = DIRECTION('',(0.,1.,3.330669073875E-16));
#3015 = ORIENTED_EDGE('',*,*,#1854,.T.);
#3016 = ORIENTED_EDGE('',*,*,#2977,.F.);
#3017 = PLANE('',#3018);
#3018 = AXIS2_PLACEMENT_3D('',#3019,#3020,#3021);
#3019 = CARTESIAN_POINT('',(6.45,-4.85,-1.5));
#3020 = DIRECTION('',(0.957826285221,-9.570607158995E-17,0.287347885566)
  );
#3021 = DIRECTION('',(-0.287347885566,-5.31700397722E-16,0.957826285221)
  );
#3022 = ADVANCED_FACE('',(#3023),#3034,.F.);
#3023 = FACE_BOUND('',#3024,.F.);
#3024 = EDGE_LOOP('',(#3025,#3026,#3027,#3028));
#3025 = ORIENTED_EDGE('',*,*,#1663,.F.);
#3026 = ORIENTED_EDGE('',*,*,#2992,.T.);
#3027 = ORIENTED_EDGE('',*,*,#1837,.T.);
#3028 = ORIENTED_EDGE('',*,*,#3029,.F.);
#3029 = EDGE_CURVE('',#1664,#1838,#3030,.T.);
#3030 = LINE('',#3031,#3032);
#3031 = CARTESIAN_POINT('',(6.425000733956,-4.85,-1.583330886814));
#3032 = VECTOR('',#3033,1.);
#3033 = DIRECTION('',(0.,1.,3.330669073875E-16));
#3034 = PLANE('',#3035);
#3035 = AXIS2_PLACEMENT_3D('',#3036,#3037,#3038);
#3036 = CARTESIAN_POINT('',(6.15,-4.85,-2.5));
#3037 = DIRECTION('',(0.957826285221,9.570607158995E-17,-0.287347885566)
  );
#3038 = DIRECTION('',(0.287347885566,-5.31700397722E-16,0.957826285221)
  );
#3039 = ADVANCED_FACE('',(#3040),#3046,.F.);
#3040 = FACE_BOUND('',#3041,.F.);
#3041 = EDGE_LOOP('',(#3042,#3043,#3044,#3045));
#3042 = ORIENTED_EDGE('',*,*,#1671,.T.);
#3043 = ORIENTED_EDGE('',*,*,#3029,.T.);
#3044 = ORIENTED_EDGE('',*,*,#1845,.F.);
#3045 = ORIENTED_EDGE('',*,*,#3010,.F.);
#3046 = CYLINDRICAL_SURFACE('',#3047,0.29);
#3047 = AXIS2_PLACEMENT_3D('',#3048,#3049,#3050);
#3048 = CARTESIAN_POINT('',(6.147231111242,-4.85,-1.5));
#3049 = DIRECTION('',(0.,1.,3.330669073875E-16));
#3050 = DIRECTION('',(0.957826285221,-9.570607158983E-17,0.287347885566)
  );
#3051 = ADVANCED_FACE('',(#3052),#3068,.F.);
#3052 = FACE_BOUND('',#3053,.F.);
#3053 = EDGE_LOOP('',(#3054,#3055,#3061,#3062));
#3054 = ORIENTED_EDGE('',*,*,#2061,.F.);
#3055 = ORIENTED_EDGE('',*,*,#3056,.T.);
#3056 = EDGE_CURVE('',#2062,#1912,#3057,.T.);
#3057 = LINE('',#3058,#3059);
#3058 = CARTESIAN_POINT('',(6.462230377286,-0.35,-0.540767924286));
#3059 = VECTOR('',#3060,1.);
#3060 = DIRECTION('',(0.,1.,3.330669073875E-16));
#3061 = ORIENTED_EDGE('',*,*,#1911,.T.);
#3062 = ORIENTED_EDGE('',*,*,#3063,.F.);
#3063 = EDGE_CURVE('',#2064,#1914,#3064,.T.);
#3064 = LINE('',#3065,#3066);
#3065 = CARTESIAN_POINT('',(6.725000733956,-0.35,-1.416669113186));
#3066 = VECTOR('',#3067,1.);
#3067 = DIRECTION('',(0.,1.,3.330669073875E-16));
#3068 = PLANE('',#3069);
#3069 = AXIS2_PLACEMENT_3D('',#3070,#3071,#3072);
#3070 = CARTESIAN_POINT('',(6.45,-0.35,-0.5));
#3071 = DIRECTION('',(-0.957826285221,9.570607158995E-17,-0.287347885566
    ));
#3072 = DIRECTION('',(0.287347885566,5.31700397722E-16,-0.957826285221)
  );
#3073 = ADVANCED_FACE('',(#3074),#3085,.F.);
#3074 = FACE_BOUND('',#3075,.F.);
#3075 = EDGE_LOOP('',(#3076,#3077,#3083,#3084));
#3076 = ORIENTED_EDGE('',*,*,#2196,.T.);
#3077 = ORIENTED_EDGE('',*,*,#3078,.T.);
#3078 = EDGE_CURVE('',#2189,#2039,#3079,.T.);
#3079 = LINE('',#3080,#3081);
#3080 = CARTESIAN_POINT('',(6.45,-0.35,-0.457437037472));
#3081 = VECTOR('',#3082,1.);
#3082 = DIRECTION('',(0.,1.,3.330669073875E-16));
#3083 = ORIENTED_EDGE('',*,*,#2046,.F.);
#3084 = ORIENTED_EDGE('',*,*,#3056,.F.);
#3085 = CYLINDRICAL_SURFACE('',#3086,0.29);
#3086 = AXIS2_PLACEMENT_3D('',#3087,#3088,#3089);
#3087 = CARTESIAN_POINT('',(6.74,-0.35,-0.457437037472));
#3088 = DIRECTION('',(0.,1.,3.330669073875E-16));
#3089 = DIRECTION('',(-0.957826285221,9.570607158983E-17,-0.287347885566
    ));
#3090 = ADVANCED_FACE('',(#3091),#3102,.T.);
#3091 = FACE_BOUND('',#3092,.T.);
#3092 = EDGE_LOOP('',(#3093,#3094,#3100,#3101));
#3093 = ORIENTED_EDGE('',*,*,#2071,.T.);
#3094 = ORIENTED_EDGE('',*,*,#3095,.T.);
#3095 = EDGE_CURVE('',#2072,#1922,#3096,.T.);
#3096 = LINE('',#3097,#3098);
#3097 = CARTESIAN_POINT('',(6.725000733956,-0.35,-1.583330886814));
#3098 = VECTOR('',#3099,1.);
#3099 = DIRECTION('',(0.,1.,3.330669073875E-16));
#3100 = ORIENTED_EDGE('',*,*,#1921,.F.);
#3101 = ORIENTED_EDGE('',*,*,#3063,.F.);
#3102 = CYLINDRICAL_SURFACE('',#3103,0.29);
#3103 = AXIS2_PLACEMENT_3D('',#3104,#3105,#3106);
#3104 = CARTESIAN_POINT('',(6.447231111242,-0.35,-1.5));
#3105 = DIRECTION('',(0.,1.,3.330669073875E-16));
#3106 = DIRECTION('',(0.957826285221,-9.570607158983E-17,0.287347885566)
  );
#3107 = ADVANCED_FACE('',(#3108),#3119,.T.);
#3108 = FACE_BOUND('',#3109,.T.);
#3109 = EDGE_LOOP('',(#3110,#3111,#3112,#3113));
#3110 = ORIENTED_EDGE('',*,*,#2188,.F.);
#3111 = ORIENTED_EDGE('',*,*,#3078,.T.);
#3112 = ORIENTED_EDGE('',*,*,#2038,.T.);
#3113 = ORIENTED_EDGE('',*,*,#3114,.F.);
#3114 = EDGE_CURVE('',#2180,#2030,#3115,.T.);
#3115 = LINE('',#3116,#3117);
#3116 = CARTESIAN_POINT('',(6.45,-0.35,1.21));
#3117 = VECTOR('',#3118,1.);
#3118 = DIRECTION('',(0.,1.,3.330669073875E-16));
#3119 = PLANE('',#3120);
#3120 = AXIS2_PLACEMENT_3D('',#3121,#3122,#3123);
#3121 = CARTESIAN_POINT('',(6.45,-0.35,-0.5));
#3122 = DIRECTION('',(1.,0.,0.));
#3123 = DIRECTION('',(0.,-5.551115123126E-16,1.));
#3124 = ADVANCED_FACE('',(#3125),#3136,.F.);
#3125 = FACE_BOUND('',#3126,.F.);
#3126 = EDGE_LOOP('',(#3127,#3128,#3129,#3130));
#3127 = ORIENTED_EDGE('',*,*,#2080,.F.);
#3128 = ORIENTED_EDGE('',*,*,#3095,.T.);
#3129 = ORIENTED_EDGE('',*,*,#1930,.T.);
#3130 = ORIENTED_EDGE('',*,*,#3131,.F.);
#3131 = EDGE_CURVE('',#2081,#1931,#3132,.T.);
#3132 = LINE('',#3133,#3134);
#3133 = CARTESIAN_POINT('',(6.462230377286,-0.35,-2.459232075714));
#3134 = VECTOR('',#3135,1.);
#3135 = DIRECTION('',(0.,1.,3.330669073875E-16));
#3136 = PLANE('',#3137);
#3137 = AXIS2_PLACEMENT_3D('',#3138,#3139,#3140);
#3138 = CARTESIAN_POINT('',(6.75,-0.35,-1.5));
#3139 = DIRECTION('',(-0.957826285221,-9.570607158995E-17,0.287347885566
    ));
#3140 = DIRECTION('',(-0.287347885566,5.31700397722E-16,-0.957826285221)
  );
#3141 = ADVANCED_FACE('',(#3142),#3148,.T.);
#3142 = FACE_BOUND('',#3143,.T.);
#3143 = EDGE_LOOP('',(#3144,#3145,#3146,#3147));
#3144 = ORIENTED_EDGE('',*,*,#3114,.T.);
#3145 = ORIENTED_EDGE('',*,*,#2029,.T.);
#3146 = ORIENTED_EDGE('',*,*,#2212,.F.);
#3147 = ORIENTED_EDGE('',*,*,#2179,.F.);
#3148 = CYLINDRICAL_SURFACE('',#3149,0.29);
#3149 = AXIS2_PLACEMENT_3D('',#3150,#3151,#3152);
#3150 = CARTESIAN_POINT('',(6.16,-0.35,1.21));
#3151 = DIRECTION('',(0.,1.,3.330669073875E-16));
#3152 = DIRECTION('',(1.,0.,-0.));
#3153 = ADVANCED_FACE('',(#3154),#3165,.F.);
#3154 = FACE_BOUND('',#3155,.F.);
#3155 = EDGE_LOOP('',(#3156,#3157,#3158,#3159));
#3156 = ORIENTED_EDGE('',*,*,#2088,.T.);
#3157 = ORIENTED_EDGE('',*,*,#3131,.T.);
#3158 = ORIENTED_EDGE('',*,*,#1938,.F.);
#3159 = ORIENTED_EDGE('',*,*,#3160,.F.);
#3160 = EDGE_CURVE('',#2089,#1939,#3161,.T.);
#3161 = LINE('',#3162,#3163);
#3162 = CARTESIAN_POINT('',(6.45,-0.35,-2.542562962528));
#3163 = VECTOR('',#3164,1.);
#3164 = DIRECTION('',(0.,1.,3.330669073875E-16));
#3165 = CYLINDRICAL_SURFACE('',#3166,0.29);
#3166 = AXIS2_PLACEMENT_3D('',#3167,#3168,#3169);
#3167 = CARTESIAN_POINT('',(6.74,-0.35,-2.542562962528));
#3168 = DIRECTION('',(0.,1.,3.330669073875E-16));
#3169 = DIRECTION('',(-1.,0.,0.));
#3170 = ADVANCED_FACE('',(#3171),#3182,.T.);
#3171 = FACE_BOUND('',#3172,.T.);
#3172 = EDGE_LOOP('',(#3173,#3174,#3180,#3181));
#3173 = ORIENTED_EDGE('',*,*,#2097,.F.);
#3174 = ORIENTED_EDGE('',*,*,#3175,.T.);
#3175 = EDGE_CURVE('',#2098,#1948,#3176,.T.);
#3176 = LINE('',#3177,#3178);
#3177 = CARTESIAN_POINT('',(6.45,-0.35,-3.5));
#3178 = VECTOR('',#3179,1.);
#3179 = DIRECTION('',(0.,1.,3.330669073875E-16));
#3180 = ORIENTED_EDGE('',*,*,#1947,.T.);
#3181 = ORIENTED_EDGE('',*,*,#3160,.F.);
#3182 = PLANE('',#3183);
#3183 = AXIS2_PLACEMENT_3D('',#3184,#3185,#3186);
#3184 = CARTESIAN_POINT('',(6.45,-0.35,-3.5));
#3185 = DIRECTION('',(1.,0.,0.));
#3186 = DIRECTION('',(0.,-5.551115123126E-16,1.));
#3187 = ADVANCED_FACE('',(#3188),#3199,.T.);
#3188 = FACE_BOUND('',#3189,.T.);
#3189 = EDGE_LOOP('',(#3190,#3196,#3197,#3198));
#3190 = ORIENTED_EDGE('',*,*,#3191,.T.);
#3191 = EDGE_CURVE('',#2106,#1956,#3192,.T.);
#3192 = LINE('',#3193,#3194);
#3193 = CARTESIAN_POINT('',(6.15,-0.35,-3.5));
#3194 = VECTOR('',#3195,1.);
#3195 = DIRECTION('',(0.,1.,3.330669073875E-16));
#3196 = ORIENTED_EDGE('',*,*,#1955,.T.);
#3197 = ORIENTED_EDGE('',*,*,#3175,.F.);
#3198 = ORIENTED_EDGE('',*,*,#2105,.F.);
#3199 = PLANE('',#3200);
#3200 = AXIS2_PLACEMENT_3D('',#3201,#3202,#3203);
#3201 = CARTESIAN_POINT('',(6.15,-0.35,-3.5));
#3202 = DIRECTION('',(0.,3.330669073875E-16,-1.));
#3203 = DIRECTION('',(1.,0.,0.));
#3204 = ADVANCED_FACE('',(#3205),#3216,.T.);
#3205 = FACE_BOUND('',#3206,.T.);
#3206 = EDGE_LOOP('',(#3207,#3208,#3214,#3215));
#3207 = ORIENTED_EDGE('',*,*,#2113,.F.);
#3208 = ORIENTED_EDGE('',*,*,#3209,.T.);
#3209 = EDGE_CURVE('',#2114,#1964,#3210,.T.);
#3210 = LINE('',#3211,#3212);
#3211 = CARTESIAN_POINT('',(6.15,-0.35,-2.542562962528));
#3212 = VECTOR('',#3213,1.);
#3213 = DIRECTION('',(0.,1.,3.330669073875E-16));
#3214 = ORIENTED_EDGE('',*,*,#1963,.T.);
#3215 = ORIENTED_EDGE('',*,*,#3191,.F.);
#3216 = PLANE('',#3217);
#3217 = AXIS2_PLACEMENT_3D('',#3218,#3219,#3220);
#3218 = CARTESIAN_POINT('',(6.15,-0.35,-2.5));
#3219 = DIRECTION('',(-1.,0.,-0.));
#3220 = DIRECTION('',(0.,5.551115123126E-16,-1.));
#3221 = ADVANCED_FACE('',(#3222),#3233,.T.);
#3222 = FACE_BOUND('',#3223,.T.);
#3223 = EDGE_LOOP('',(#3224,#3225,#3226,#3232));
#3224 = ORIENTED_EDGE('',*,*,#2291,.T.);
#3225 = ORIENTED_EDGE('',*,*,#2005,.T.);
#3226 = ORIENTED_EDGE('',*,*,#3227,.F.);
#3227 = EDGE_CURVE('',#2148,#1998,#3228,.T.);
#3228 = LINE('',#3229,#3230);
#3229 = CARTESIAN_POINT('',(6.162230377286,-0.35,-0.540767924286));
#3230 = VECTOR('',#3231,1.);
#3231 = DIRECTION('',(0.,1.,3.330669073875E-16));
#3232 = ORIENTED_EDGE('',*,*,#2155,.F.);
#3233 = CYLINDRICAL_SURFACE('',#3234,0.29);
#3234 = AXIS2_PLACEMENT_3D('',#3235,#3236,#3237);
#3235 = CARTESIAN_POINT('',(6.44,-0.35,-0.457437037472));
#3236 = DIRECTION('',(0.,1.,3.330669073875E-16));
#3237 = DIRECTION('',(-1.,0.,0.));
#3238 = ADVANCED_FACE('',(#3239),#3250,.T.);
#3239 = FACE_BOUND('',#3240,.T.);
#3240 = EDGE_LOOP('',(#3241,#3247,#3248,#3249));
#3241 = ORIENTED_EDGE('',*,*,#3242,.T.);
#3242 = EDGE_CURVE('',#2122,#1972,#3243,.T.);
#3243 = LINE('',#3244,#3245);
#3244 = CARTESIAN_POINT('',(6.162230377286,-0.35,-2.459232075714));
#3245 = VECTOR('',#3246,1.);
#3246 = DIRECTION('',(0.,1.,3.330669073875E-16));
#3247 = ORIENTED_EDGE('',*,*,#1971,.T.);
#3248 = ORIENTED_EDGE('',*,*,#3209,.F.);
#3249 = ORIENTED_EDGE('',*,*,#2121,.F.);
#3250 = CYLINDRICAL_SURFACE('',#3251,0.29);
#3251 = AXIS2_PLACEMENT_3D('',#3252,#3253,#3254);
#3252 = CARTESIAN_POINT('',(6.44,-0.35,-2.542562962528));
#3253 = DIRECTION('',(0.,1.,3.330669073875E-16));
#3254 = DIRECTION('',(-0.957826285221,-9.570607158983E-17,0.287347885566
    ));
#3255 = ADVANCED_FACE('',(#3256),#3267,.F.);
#3256 = FACE_BOUND('',#3257,.F.);
#3257 = EDGE_LOOP('',(#3258,#3259,#3265,#3266));
#3258 = ORIENTED_EDGE('',*,*,#2147,.F.);
#3259 = ORIENTED_EDGE('',*,*,#3260,.T.);
#3260 = EDGE_CURVE('',#2139,#1989,#3261,.T.);
#3261 = LINE('',#3262,#3263);
#3262 = CARTESIAN_POINT('',(6.425000733956,-0.35,-1.416669113186));
#3263 = VECTOR('',#3264,1.);
#3264 = DIRECTION('',(0.,1.,3.330669073875E-16));
#3265 = ORIENTED_EDGE('',*,*,#1997,.T.);
#3266 = ORIENTED_EDGE('',*,*,#3227,.F.);
#3267 = PLANE('',#3268);
#3268 = AXIS2_PLACEMENT_3D('',#3269,#3270,#3271);
#3269 = CARTESIAN_POINT('',(6.45,-0.35,-1.5));
#3270 = DIRECTION('',(0.957826285221,-9.570607158995E-17,0.287347885566)
  );
#3271 = DIRECTION('',(-0.287347885566,-5.31700397722E-16,0.957826285221)
  );
#3272 = ADVANCED_FACE('',(#3273),#3284,.F.);
#3273 = FACE_BOUND('',#3274,.F.);
#3274 = EDGE_LOOP('',(#3275,#3276,#3277,#3278));
#3275 = ORIENTED_EDGE('',*,*,#2130,.F.);
#3276 = ORIENTED_EDGE('',*,*,#3242,.T.);
#3277 = ORIENTED_EDGE('',*,*,#1980,.T.);
#3278 = ORIENTED_EDGE('',*,*,#3279,.F.);
#3279 = EDGE_CURVE('',#2131,#1981,#3280,.T.);
#3280 = LINE('',#3281,#3282);
#3281 = CARTESIAN_POINT('',(6.425000733956,-0.35,-1.583330886814));
#3282 = VECTOR('',#3283,1.);
#3283 = DIRECTION('',(0.,1.,3.330669073875E-16));
#3284 = PLANE('',#3285);
#3285 = AXIS2_PLACEMENT_3D('',#3286,#3287,#3288);
#3286 = CARTESIAN_POINT('',(6.15,-0.35,-2.5));
#3287 = DIRECTION('',(0.957826285221,9.570607158995E-17,-0.287347885566)
  );
#3288 = DIRECTION('',(0.287347885566,-5.31700397722E-16,0.957826285221)
  );
#3289 = ADVANCED_FACE('',(#3290),#3296,.F.);
#3290 = FACE_BOUND('',#3291,.F.);
#3291 = EDGE_LOOP('',(#3292,#3293,#3294,#3295));
#3292 = ORIENTED_EDGE('',*,*,#2138,.T.);
#3293 = ORIENTED_EDGE('',*,*,#3279,.T.);
#3294 = ORIENTED_EDGE('',*,*,#1988,.F.);
#3295 = ORIENTED_EDGE('',*,*,#3260,.F.);
#3296 = CYLINDRICAL_SURFACE('',#3297,0.29);
#3297 = AXIS2_PLACEMENT_3D('',#3298,#3299,#3300);
#3298 = CARTESIAN_POINT('',(6.147231111242,-0.35,-1.5));
#3299 = DIRECTION('',(0.,1.,3.330669073875E-16));
#3300 = DIRECTION('',(0.957826285221,-9.570607158983E-17,0.287347885566)
  );
#3301 = ( GEOMETRIC_REPRESENTATION_CONTEXT(3) 
GLOBAL_UNCERTAINTY_ASSIGNED_CONTEXT((#3305)) 
GLOBAL_UNIT_ASSIGNED_CONTEXT((#3302,#3303,#3304)) REPRESENTATION_CONTEXT
('Context #1','3D Context with UNIT and UNCERTAINTY') );
#3302 = ( LENGTH_UNIT() NAMED_UNIT(*) SI_UNIT(.MILLI.,.METRE.) );
#3303 = ( NAMED_UNIT(*) PLANE_ANGLE_UNIT() SI_UNIT($,.RADIAN.) );
#3304 = ( NAMED_UNIT(*) SI_UNIT($,.STERADIAN.) SOLID_ANGLE_UNIT() );
#3305 = UNCERTAINTY_MEASURE_WITH_UNIT(LENGTH_MEASURE(1.E-07),#3302,
  'distance_accuracy_value','confusion accuracy');
#3306 = CONTEXT_DEPENDENT_SHAPE_REPRESENTATION(#3307,#3309);
#3307 = ( REPRESENTATION_RELATIONSHIP('','',#71,#48) 
REPRESENTATION_RELATIONSHIP_WITH_TRANSFORMATION(#3308) 
SHAPE_REPRESENTATION_RELATIONSHIP() );
#3308 = ITEM_DEFINED_TRANSFORMATION('','',#11,#49);
#3309 = PRODUCT_DEFINITION_SHAPE('Placement','Placement of an item',
  #3310);
#3310 = NEXT_ASSEMBLY_USAGE_OCCURRENCE('1','=>[0:1:1:3]','',#43,#66,$);
#3311 = PRODUCT_RELATED_PRODUCT_CATEGORY('part',$,(#68));
#3312 = SHAPE_DEFINITION_REPRESENTATION(#3313,#3319);
#3313 = PRODUCT_DEFINITION_SHAPE('','',#3314);
#3314 = PRODUCT_DEFINITION('design','',#3315,#3318);
#3315 = PRODUCT_DEFINITION_FORMATION('','',#3316);
#3316 = PRODUCT('PinHeader_1x06_P2.54mm_Vertical',
  'PinHeader_1x06_P2.54mm_Vertical','',(#3317));
#3317 = PRODUCT_CONTEXT('',#2,'mechanical');
#3318 = PRODUCT_DEFINITION_CONTEXT('part definition',#2,'design');
#3319 = SHAPE_REPRESENTATION('',(#11,#3320),#3324);
#3320 = AXIS2_PLACEMENT_3D('',#3321,#3322,#3323);
#3321 = CARTESIAN_POINT('',(0.,0.,0.));
#3322 = DIRECTION('',(0.,0.,1.));
#3323 = DIRECTION('',(1.,0.,-0.));
#3324 = ( GEOMETRIC_REPRESENTATION_CONTEXT(3) 
GLOBAL_UNCERTAINTY_ASSIGNED_CONTEXT((#3328)) 
GLOBAL_UNIT_ASSIGNED_CONTEXT((#3325,#3326,#3327)) REPRESENTATION_CONTEXT
('Context #1','3D Context with UNIT and UNCERTAINTY') );
#3325 = ( LENGTH_UNIT() NAMED_UNIT(*) SI_UNIT(.MILLI.,.METRE.) );
#3326 = ( NAMED_UNIT(*) PLANE_ANGLE_UNIT() SI_UNIT($,.RADIAN.) );
#3327 = ( NAMED_UNIT(*) SI_UNIT($,.STERADIAN.) SOLID_ANGLE_UNIT() );
#3328 = UNCERTAINTY_MEASURE_WITH_UNIT(LENGTH_MEASURE(1.E-07),#3325,
  'distance_accuracy_value','confusion accuracy');
#3329 = CONTEXT_DEPENDENT_SHAPE_REPRESENTATION(#3330,#3332);
#3330 = ( REPRESENTATION_RELATIONSHIP('','',#3319,#10) 
REPRESENTATION_RELATIONSHIP_WITH_TRANSFORMATION(#3331) 
SHAPE_REPRESENTATION_RELATIONSHIP() );
#3331 = ITEM_DEFINED_TRANSFORMATION('','',#11,#19);
#3332 = PRODUCT_DEFINITION_SHAPE('Placement','Placement of an item',
  #3333);
#3333 = NEXT_ASSEMBLY_USAGE_OCCURRENCE('4','J1','',#5,#3314,$);
#3334 = PRODUCT_RELATED_PRODUCT_CATEGORY('part',$,(#3316));
#3335 = SHAPE_DEFINITION_REPRESENTATION(#3336,#3342);
#3336 = PRODUCT_DEFINITION_SHAPE('','',#3337);
#3337 = PRODUCT_DEFINITION('design','',#3338,#3341);
#3338 = PRODUCT_DEFINITION_FORMATION('','',#3339);
#3339 = PRODUCT('PinHeader_1x06_P254mm_Vertical',
  'PinHeader_1x06_P254mm_Vertical','',(#3340));
#3340 = PRODUCT_CONTEXT('',#2,'mechanical');
#3341 = PRODUCT_DEFINITION_CONTEXT('part definition',#2,'design');
#3342 = ADVANCED_BREP_SHAPE_REPRESENTATION('',(#11,#3343),#7471);
#3343 = MANIFOLD_SOLID_BREP('',#3344);
#3344 = CLOSED_SHELL('',(#3345,#3385,#3416,#3447,#3940,#4433,#4450,#4467
    ,#4484,#4501,#4518,#4535,#4552,#4569,#4586,#4603,#4620,#4637,#4654,
    #4671,#4688,#4705,#4722,#4739,#4756,#4773,#4790,#4807,#4824,#4841,
    #4858,#4875,#4892,#4909,#4926,#4943,#4960,#4977,#4994,#5011,#5023,
    #5054,#5078,#5102,#5119,#5150,#5174,#5198,#5215,#5246,#5270,#5294,
    #5311,#5342,#5366,#5390,#5407,#5438,#5462,#5486,#5503,#5534,#5558,
    #5582,#5599,#5630,#5654,#5678,#5695,#5726,#5750,#5774,#5791,#5822,
    #5846,#5870,#5887,#5918,#5942,#5966,#5983,#6014,#6038,#6062,#6079,
    #6110,#6134,#6158,#6175,#6206,#6230,#6254,#6271,#6302,#6326,#6350,
    #6367,#6398,#6422,#6446,#6463,#6494,#6518,#6542,#6559,#6590,#6614,
    #6638,#6655,#6686,#6710,#6734,#6751,#6782,#6806,#6830,#6847,#6878,
    #6902,#6926,#6943,#6974,#6998,#7022,#7039,#7070,#7094,#7118,#7135,
    #7166,#7190,#7214,#7231,#7262,#7286,#7310,#7327,#7339,#7351,#7363,
    #7375,#7387,#7399,#7411,#7423,#7435,#7447,#7459));
#3345 = ADVANCED_FACE('',(#3346),#3380,.F.);
#3346 = FACE_BOUND('',#3347,.F.);
#3347 = EDGE_LOOP('',(#3348,#3358,#3366,#3374));
#3348 = ORIENTED_EDGE('',*,*,#3349,.T.);
#3349 = EDGE_CURVE('',#3350,#3352,#3354,.T.);
#3350 = VERTEX_POINT('',#3351);
#3351 = CARTESIAN_POINT('',(-1.016,1.27,0.));
#3352 = VERTEX_POINT('',#3353);
#3353 = CARTESIAN_POINT('',(-1.016,1.27,2.54));
#3354 = LINE('',#3355,#3356);
#3355 = CARTESIAN_POINT('',(-1.016,1.27,0.));
#3356 = VECTOR('',#3357,1.);
#3357 = DIRECTION('',(0.,0.,1.));
#3358 = ORIENTED_EDGE('',*,*,#3359,.T.);
#3359 = EDGE_CURVE('',#3352,#3360,#3362,.T.);
#3360 = VERTEX_POINT('',#3361);
#3361 = CARTESIAN_POINT('',(-1.27,1.016,2.54));
#3362 = LINE('',#3363,#3364);
#3363 = CARTESIAN_POINT('',(-1.016,1.27,2.54));
#3364 = VECTOR('',#3365,1.);
#3365 = DIRECTION('',(-0.707106781187,-0.707106781187,0.));
#3366 = ORIENTED_EDGE('',*,*,#3367,.F.);
#3367 = EDGE_CURVE('',#3368,#3360,#3370,.T.);
#3368 = VERTEX_POINT('',#3369);
#3369 = CARTESIAN_POINT('',(-1.27,1.016,0.));
#3370 = LINE('',#3371,#3372);
#3371 = CARTESIAN_POINT('',(-1.27,1.016,0.));
#3372 = VECTOR('',#3373,1.);
#3373 = DIRECTION('',(0.,0.,1.));
#3374 = ORIENTED_EDGE('',*,*,#3375,.F.);
#3375 = EDGE_CURVE('',#3350,#3368,#3376,.T.);
#3376 = LINE('',#3377,#3378);
#3377 = CARTESIAN_POINT('',(-1.016,1.27,0.));
#3378 = VECTOR('',#3379,1.);
#3379 = DIRECTION('',(-0.707106781187,-0.707106781187,0.));
#3380 = PLANE('',#3381);
#3381 = AXIS2_PLACEMENT_3D('',#3382,#3383,#3384);
#3382 = CARTESIAN_POINT('',(-1.016,1.27,0.));
#3383 = DIRECTION('',(0.707106781187,-0.707106781187,0.));
#3384 = DIRECTION('',(-0.707106781187,-0.707106781187,0.));
#3385 = ADVANCED_FACE('',(#3386),#3411,.F.);
#3386 = FACE_BOUND('',#3387,.F.);
#3387 = EDGE_LOOP('',(#3388,#3398,#3404,#3405));
#3388 = ORIENTED_EDGE('',*,*,#3389,.T.);
#3389 = EDGE_CURVE('',#3390,#3392,#3394,.T.);
#3390 = VERTEX_POINT('',#3391);
#3391 = CARTESIAN_POINT('',(1.016,1.27,0.));
#3392 = VERTEX_POINT('',#3393);
#3393 = CARTESIAN_POINT('',(1.016,1.27,2.54));
#3394 = LINE('',#3395,#3396);
#3395 = CARTESIAN_POINT('',(1.016,1.27,0.));
#3396 = VECTOR('',#3397,1.);
#3397 = DIRECTION('',(0.,0.,1.));
#3398 = ORIENTED_EDGE('',*,*,#3399,.T.);
#3399 = EDGE_CURVE('',#3392,#3352,#3400,.T.);
#3400 = LINE('',#3401,#3402);
#3401 = CARTESIAN_POINT('',(1.016,1.27,2.54));
#3402 = VECTOR('',#3403,1.);
#3403 = DIRECTION('',(-1.,0.,0.));
#3404 = ORIENTED_EDGE('',*,*,#3349,.F.);
#3405 = ORIENTED_EDGE('',*,*,#3406,.F.);
#3406 = EDGE_CURVE('',#3390,#3350,#3407,.T.);
#3407 = LINE('',#3408,#3409);
#3408 = CARTESIAN_POINT('',(1.016,1.27,0.));
#3409 = VECTOR('',#3410,1.);
#3410 = DIRECTION('',(-1.,0.,0.));
#3411 = PLANE('',#3412);
#3412 = AXIS2_PLACEMENT_3D('',#3413,#3414,#3415);
#3413 = CARTESIAN_POINT('',(1.016,1.27,0.));
#3414 = DIRECTION('',(0.,-1.,0.));
#3415 = DIRECTION('',(-1.,0.,0.));
#3416 = ADVANCED_FACE('',(#3417),#3442,.F.);
#3417 = FACE_BOUND('',#3418,.F.);
#3418 = EDGE_LOOP('',(#3419,#3420,#3428,#3436));
#3419 = ORIENTED_EDGE('',*,*,#3367,.T.);
#3420 = ORIENTED_EDGE('',*,*,#3421,.T.);
#3421 = EDGE_CURVE('',#3360,#3422,#3424,.T.);
#3422 = VERTEX_POINT('',#3423);
#3423 = CARTESIAN_POINT('',(-1.27,-1.016,2.54));
#3424 = LINE('',#3425,#3426);
#3425 = CARTESIAN_POINT('',(-1.27,1.016,2.54));
#3426 = VECTOR('',#3427,1.);
#3427 = DIRECTION('',(0.,-1.,0.));
#3428 = ORIENTED_EDGE('',*,*,#3429,.F.);
#3429 = EDGE_CURVE('',#3430,#3422,#3432,.T.);
#3430 = VERTEX_POINT('',#3431);
#3431 = CARTESIAN_POINT('',(-1.27,-1.016,0.));
#3432 = LINE('',#3433,#3434);
#3433 = CARTESIAN_POINT('',(-1.27,-1.016,0.));
#3434 = VECTOR('',#3435,1.);
#3435 = DIRECTION('',(0.,0.,1.));
#3436 = ORIENTED_EDGE('',*,*,#3437,.F.);
#3437 = EDGE_CURVE('',#3368,#3430,#3438,.T.);
#3438 = LINE('',#3439,#3440);
#3439 = CARTESIAN_POINT('',(-1.27,1.016,0.));
#3440 = VECTOR('',#3441,1.);
#3441 = DIRECTION('',(0.,-1.,0.));
#3442 = PLANE('',#3443);
#3443 = AXIS2_PLACEMENT_3D('',#3444,#3445,#3446);
#3444 = CARTESIAN_POINT('',(-1.27,1.016,0.));
#3445 = DIRECTION('',(1.,0.,0.));
#3446 = DIRECTION('',(0.,-1.,0.));
#3447 = ADVANCED_FACE('',(#3448,#3731,#3765,#3799,#3833,#3867,#3901),
  #3935,.F.);
#3448 = FACE_BOUND('',#3449,.F.);
#3449 = EDGE_LOOP('',(#3450,#3451,#3452,#3460,#3468,#3476,#3484,#3492,
    #3500,#3508,#3516,#3524,#3532,#3540,#3548,#3556,#3564,#3572,#3580,
    #3588,#3596,#3604,#3612,#3620,#3628,#3636,#3644,#3652,#3660,#3668,
    #3676,#3684,#3692,#3700,#3708,#3716,#3724,#3730));
#3450 = ORIENTED_EDGE('',*,*,#3375,.T.);
#3451 = ORIENTED_EDGE('',*,*,#3437,.T.);
#3452 = ORIENTED_EDGE('',*,*,#3453,.T.);
#3453 = EDGE_CURVE('',#3430,#3454,#3456,.T.);
#3454 = VERTEX_POINT('',#3455);
#3455 = CARTESIAN_POINT('',(-1.016,-1.27,0.));
#3456 = LINE('',#3457,#3458);
#3457 = CARTESIAN_POINT('',(-1.27,-1.016,0.));
#3458 = VECTOR('',#3459,1.);
#3459 = DIRECTION('',(0.707106781187,-0.707106781187,0.));
#3460 = ORIENTED_EDGE('',*,*,#3461,.T.);
#3461 = EDGE_CURVE('',#3454,#3462,#3464,.T.);
#3462 = VERTEX_POINT('',#3463);
#3463 = CARTESIAN_POINT('',(-1.27,-1.524,0.));
#3464 = LINE('',#3465,#3466);
#3465 = CARTESIAN_POINT('',(-1.016,-1.27,0.));
#3466 = VECTOR('',#3467,1.);
#3467 = DIRECTION('',(-0.707106781187,-0.707106781187,0.));
#3468 = ORIENTED_EDGE('',*,*,#3469,.T.);
#3469 = EDGE_CURVE('',#3462,#3470,#3472,.T.);
#3470 = VERTEX_POINT('',#3471);
#3471 = CARTESIAN_POINT('',(-1.27,-3.556,0.));
#3472 = LINE('',#3473,#3474);
#3473 = CARTESIAN_POINT('',(-1.27,-1.524,0.));
#3474 = VECTOR('',#3475,1.);
#3475 = DIRECTION('',(0.,-1.,0.));
#3476 = ORIENTED_EDGE('',*,*,#3477,.T.);
#3477 = EDGE_CURVE('',#3470,#3478,#3480,.T.);
#3478 = VERTEX_POINT('',#3479);
#3479 = CARTESIAN_POINT('',(-1.016,-3.81,0.));
#3480 = LINE('',#3481,#3482);
#3481 = CARTESIAN_POINT('',(-1.27,-3.556,0.));
#3482 = VECTOR('',#3483,1.);
#3483 = DIRECTION('',(0.707106781187,-0.707106781187,0.));
#3484 = ORIENTED_EDGE('',*,*,#3485,.T.);
#3485 = EDGE_CURVE('',#3478,#3486,#3488,.T.);
#3486 = VERTEX_POINT('',#3487);
#3487 = CARTESIAN_POINT('',(-1.27,-4.064,0.));
#3488 = LINE('',#3489,#3490);
#3489 = CARTESIAN_POINT('',(-1.016,-3.81,0.));
#3490 = VECTOR('',#3491,1.);
#3491 = DIRECTION('',(-0.707106781187,-0.707106781187,0.));
#3492 = ORIENTED_EDGE('',*,*,#3493,.T.);
#3493 = EDGE_CURVE('',#3486,#3494,#3496,.T.);
#3494 = VERTEX_POINT('',#3495);
#3495 = CARTESIAN_POINT('',(-1.27,-6.096,0.));
#3496 = LINE('',#3497,#3498);
#3497 = CARTESIAN_POINT('',(-1.27,-4.064,0.));
#3498 = VECTOR('',#3499,1.);
#3499 = DIRECTION('',(0.,-1.,0.));
#3500 = ORIENTED_EDGE('',*,*,#3501,.T.);
#3501 = EDGE_CURVE('',#3494,#3502,#3504,.T.);
#3502 = VERTEX_POINT('',#3503);
#3503 = CARTESIAN_POINT('',(-1.016,-6.35,0.));
#3504 = LINE('',#3505,#3506);
#3505 = CARTESIAN_POINT('',(-1.27,-6.096,0.));
#3506 = VECTOR('',#3507,1.);
#3507 = DIRECTION('',(0.707106781187,-0.707106781187,0.));
#3508 = ORIENTED_EDGE('',*,*,#3509,.T.);
#3509 = EDGE_CURVE('',#3502,#3510,#3512,.T.);
#3510 = VERTEX_POINT('',#3511);
#3511 = CARTESIAN_POINT('',(-1.27,-6.604,0.));
#3512 = LINE('',#3513,#3514);
#3513 = CARTESIAN_POINT('',(-1.016,-6.35,0.));
#3514 = VECTOR('',#3515,1.);
#3515 = DIRECTION('',(-0.707106781187,-0.707106781187,0.));
#3516 = ORIENTED_EDGE('',*,*,#3517,.T.);
#3517 = EDGE_CURVE('',#3510,#3518,#3520,.T.);
#3518 = VERTEX_POINT('',#3519);
#3519 = CARTESIAN_POINT('',(-1.27,-8.636,0.));
#3520 = LINE('',#3521,#3522);
#3521 = CARTESIAN_POINT('',(-1.27,-6.604,0.));
#3522 = VECTOR('',#3523,1.);
#3523 = DIRECTION('',(0.,-1.,0.));
#3524 = ORIENTED_EDGE('',*,*,#3525,.T.);
#3525 = EDGE_CURVE('',#3518,#3526,#3528,.T.);
#3526 = VERTEX_POINT('',#3527);
#3527 = CARTESIAN_POINT('',(-1.016,-8.89,0.));
#3528 = LINE('',#3529,#3530);
#3529 = CARTESIAN_POINT('',(-1.27,-8.636,0.));
#3530 = VECTOR('',#3531,1.);
#3531 = DIRECTION('',(0.707106781187,-0.707106781187,0.));
#3532 = ORIENTED_EDGE('',*,*,#3533,.T.);
#3533 = EDGE_CURVE('',#3526,#3534,#3536,.T.);
#3534 = VERTEX_POINT('',#3535);
#3535 = CARTESIAN_POINT('',(-1.27,-9.144,0.));
#3536 = LINE('',#3537,#3538);
#3537 = CARTESIAN_POINT('',(-1.016,-8.89,0.));
#3538 = VECTOR('',#3539,1.);
#3539 = DIRECTION('',(-0.707106781187,-0.707106781187,0.));
#3540 = ORIENTED_EDGE('',*,*,#3541,.T.);
#3541 = EDGE_CURVE('',#3534,#3542,#3544,.T.);
#3542 = VERTEX_POINT('',#3543);
#3543 = CARTESIAN_POINT('',(-1.27,-11.176,0.));
#3544 = LINE('',#3545,#3546);
#3545 = CARTESIAN_POINT('',(-1.27,-9.144,0.));
#3546 = VECTOR('',#3547,1.);
#3547 = DIRECTION('',(0.,-1.,0.));
#3548 = ORIENTED_EDGE('',*,*,#3549,.T.);
#3549 = EDGE_CURVE('',#3542,#3550,#3552,.T.);
#3550 = VERTEX_POINT('',#3551);
#3551 = CARTESIAN_POINT('',(-1.016,-11.43,0.));
#3552 = LINE('',#3553,#3554);
#3553 = CARTESIAN_POINT('',(-1.27,-11.176,0.));
#3554 = VECTOR('',#3555,1.);
#3555 = DIRECTION('',(0.707106781187,-0.707106781187,0.));
#3556 = ORIENTED_EDGE('',*,*,#3557,.T.);
#3557 = EDGE_CURVE('',#3550,#3558,#3560,.T.);
#3558 = VERTEX_POINT('',#3559);
#3559 = CARTESIAN_POINT('',(-1.27,-11.684,0.));
#3560 = LINE('',#3561,#3562);
#3561 = CARTESIAN_POINT('',(-1.016,-11.43,0.));
#3562 = VECTOR('',#3563,1.);
#3563 = DIRECTION('',(-0.707106781187,-0.707106781187,0.));
#3564 = ORIENTED_EDGE('',*,*,#3565,.T.);
#3565 = EDGE_CURVE('',#3558,#3566,#3568,.T.);
#3566 = VERTEX_POINT('',#3567);
#3567 = CARTESIAN_POINT('',(-1.27,-13.716,0.));
#3568 = LINE('',#3569,#3570);
#3569 = CARTESIAN_POINT('',(-1.27,-11.684,0.));
#3570 = VECTOR('',#3571,1.);
#3571 = DIRECTION('',(0.,-1.,0.));
#3572 = ORIENTED_EDGE('',*,*,#3573,.T.);
#3573 = EDGE_CURVE('',#3566,#3574,#3576,.T.);
#3574 = VERTEX_POINT('',#3575);
#3575 = CARTESIAN_POINT('',(-1.016,-13.97,0.));
#3576 = LINE('',#3577,#3578);
#3577 = CARTESIAN_POINT('',(-1.27,-13.716,0.));
#3578 = VECTOR('',#3579,1.);
#3579 = DIRECTION('',(0.707106781187,-0.707106781187,0.));
#3580 = ORIENTED_EDGE('',*,*,#3581,.T.);
#3581 = EDGE_CURVE('',#3574,#3582,#3584,.T.);
#3582 = VERTEX_POINT('',#3583);
#3583 = CARTESIAN_POINT('',(1.016,-13.97,0.));
#3584 = LINE('',#3585,#3586);
#3585 = CARTESIAN_POINT('',(-1.016,-13.97,0.));
#3586 = VECTOR('',#3587,1.);
#3587 = DIRECTION('',(1.,0.,0.));
#3588 = ORIENTED_EDGE('',*,*,#3589,.T.);
#3589 = EDGE_CURVE('',#3582,#3590,#3592,.T.);
#3590 = VERTEX_POINT('',#3591);
#3591 = CARTESIAN_POINT('',(1.27,-13.716,0.));
#3592 = LINE('',#3593,#3594);
#3593 = CARTESIAN_POINT('',(1.016,-13.97,0.));
#3594 = VECTOR('',#3595,1.);
#3595 = DIRECTION('',(0.707106781187,0.707106781187,0.));
#3596 = ORIENTED_EDGE('',*,*,#3597,.T.);
#3597 = EDGE_CURVE('',#3590,#3598,#3600,.T.);
#3598 = VERTEX_POINT('',#3599);
#3599 = CARTESIAN_POINT('',(1.27,-11.684,0.));
#3600 = LINE('',#3601,#3602);
#3601 = CARTESIAN_POINT('',(1.27,-13.716,0.));
#3602 = VECTOR('',#3603,1.);
#3603 = DIRECTION('',(0.,1.,0.));
#3604 = ORIENTED_EDGE('',*,*,#3605,.T.);
#3605 = EDGE_CURVE('',#3598,#3606,#3608,.T.);
#3606 = VERTEX_POINT('',#3607);
#3607 = CARTESIAN_POINT('',(1.016,-11.43,0.));
#3608 = LINE('',#3609,#3610);
#3609 = CARTESIAN_POINT('',(1.27,-11.684,0.));
#3610 = VECTOR('',#3611,1.);
#3611 = DIRECTION('',(-0.707106781187,0.707106781187,0.));
#3612 = ORIENTED_EDGE('',*,*,#3613,.T.);
#3613 = EDGE_CURVE('',#3606,#3614,#3616,.T.);
#3614 = VERTEX_POINT('',#3615);
#3615 = CARTESIAN_POINT('',(1.27,-11.176,0.));
#3616 = LINE('',#3617,#3618);
#3617 = CARTESIAN_POINT('',(1.016,-11.43,0.));
#3618 = VECTOR('',#3619,1.);
#3619 = DIRECTION('',(0.707106781187,0.707106781187,0.));
#3620 = ORIENTED_EDGE('',*,*,#3621,.T.);
#3621 = EDGE_CURVE('',#3614,#3622,#3624,.T.);
#3622 = VERTEX_POINT('',#3623);
#3623 = CARTESIAN_POINT('',(1.27,-9.144,0.));
#3624 = LINE('',#3625,#3626);
#3625 = CARTESIAN_POINT('',(1.27,-11.176,0.));
#3626 = VECTOR('',#3627,1.);
#3627 = DIRECTION('',(0.,1.,0.));
#3628 = ORIENTED_EDGE('',*,*,#3629,.T.);
#3629 = EDGE_CURVE('',#3622,#3630,#3632,.T.);
#3630 = VERTEX_POINT('',#3631);
#3631 = CARTESIAN_POINT('',(1.016,-8.89,0.));
#3632 = LINE('',#3633,#3634);
#3633 = CARTESIAN_POINT('',(1.27,-9.144,0.));
#3634 = VECTOR('',#3635,1.);
#3635 = DIRECTION('',(-0.707106781187,0.707106781187,0.));
#3636 = ORIENTED_EDGE('',*,*,#3637,.T.);
#3637 = EDGE_CURVE('',#3630,#3638,#3640,.T.);
#3638 = VERTEX_POINT('',#3639);
#3639 = CARTESIAN_POINT('',(1.27,-8.636,0.));
#3640 = LINE('',#3641,#3642);
#3641 = CARTESIAN_POINT('',(1.016,-8.89,0.));
#3642 = VECTOR('',#3643,1.);
#3643 = DIRECTION('',(0.707106781187,0.707106781187,0.));
#3644 = ORIENTED_EDGE('',*,*,#3645,.T.);
#3645 = EDGE_CURVE('',#3638,#3646,#3648,.T.);
#3646 = VERTEX_POINT('',#3647);
#3647 = CARTESIAN_POINT('',(1.27,-6.604,0.));
#3648 = LINE('',#3649,#3650);
#3649 = CARTESIAN_POINT('',(1.27,-8.636,0.));
#3650 = VECTOR('',#3651,1.);
#3651 = DIRECTION('',(0.,1.,0.));
#3652 = ORIENTED_EDGE('',*,*,#3653,.T.);
#3653 = EDGE_CURVE('',#3646,#3654,#3656,.T.);
#3654 = VERTEX_POINT('',#3655);
#3655 = CARTESIAN_POINT('',(1.016,-6.35,0.));
#3656 = LINE('',#3657,#3658);
#3657 = CARTESIAN_POINT('',(1.27,-6.604,0.));
#3658 = VECTOR('',#3659,1.);
#3659 = DIRECTION('',(-0.707106781187,0.707106781187,0.));
#3660 = ORIENTED_EDGE('',*,*,#3661,.T.);
#3661 = EDGE_CURVE('',#3654,#3662,#3664,.T.);
#3662 = VERTEX_POINT('',#3663);
#3663 = CARTESIAN_POINT('',(1.27,-6.096,0.));
#3664 = LINE('',#3665,#3666);
#3665 = CARTESIAN_POINT('',(1.016,-6.35,0.));
#3666 = VECTOR('',#3667,1.);
#3667 = DIRECTION('',(0.707106781187,0.707106781187,0.));
#3668 = ORIENTED_EDGE('',*,*,#3669,.T.);
#3669 = EDGE_CURVE('',#3662,#3670,#3672,.T.);
#3670 = VERTEX_POINT('',#3671);
#3671 = CARTESIAN_POINT('',(1.27,-4.064,0.));
#3672 = LINE('',#3673,#3674);
#3673 = CARTESIAN_POINT('',(1.27,-6.096,0.));
#3674 = VECTOR('',#3675,1.);
#3675 = DIRECTION('',(0.,1.,0.));
#3676 = ORIENTED_EDGE('',*,*,#3677,.T.);
#3677 = EDGE_CURVE('',#3670,#3678,#3680,.T.);
#3678 = VERTEX_POINT('',#3679);
#3679 = CARTESIAN_POINT('',(1.016,-3.81,0.));
#3680 = LINE('',#3681,#3682);
#3681 = CARTESIAN_POINT('',(1.27,-4.064,0.));
#3682 = VECTOR('',#3683,1.);
#3683 = DIRECTION('',(-0.707106781187,0.707106781187,0.));
#3684 = ORIENTED_EDGE('',*,*,#3685,.T.);
#3685 = EDGE_CURVE('',#3678,#3686,#3688,.T.);
#3686 = VERTEX_POINT('',#3687);
#3687 = CARTESIAN_POINT('',(1.27,-3.556,0.));
#3688 = LINE('',#3689,#3690);
#3689 = CARTESIAN_POINT('',(1.016,-3.81,0.));
#3690 = VECTOR('',#3691,1.);
#3691 = DIRECTION('',(0.707106781187,0.707106781187,0.));
#3692 = ORIENTED_EDGE('',*,*,#3693,.T.);
#3693 = EDGE_CURVE('',#3686,#3694,#3696,.T.);
#3694 = VERTEX_POINT('',#3695);
#3695 = CARTESIAN_POINT('',(1.27,-1.524,0.));
#3696 = LINE('',#3697,#3698);
#3697 = CARTESIAN_POINT('',(1.27,-3.556,0.));
#3698 = VECTOR('',#3699,1.);
#3699 = DIRECTION('',(0.,1.,0.));
#3700 = ORIENTED_EDGE('',*,*,#3701,.T.);
#3701 = EDGE_CURVE('',#3694,#3702,#3704,.T.);
#3702 = VERTEX_POINT('',#3703);
#3703 = CARTESIAN_POINT('',(1.016,-1.27,0.));
#3704 = LINE('',#3705,#3706);
#3705 = CARTESIAN_POINT('',(1.27,-1.524,0.));
#3706 = VECTOR('',#3707,1.);
#3707 = DIRECTION('',(-0.707106781187,0.707106781187,0.));
#3708 = ORIENTED_EDGE('',*,*,#3709,.T.);
#3709 = EDGE_CURVE('',#3702,#3710,#3712,.T.);
#3710 = VERTEX_POINT('',#3711);
#3711 = CARTESIAN_POINT('',(1.27,-1.016,0.));
#3712 = LINE('',#3713,#3714);
#3713 = CARTESIAN_POINT('',(1.016,-1.27,0.));
#3714 = VECTOR('',#3715,1.);
#3715 = DIRECTION('',(0.707106781187,0.707106781187,0.));
#3716 = ORIENTED_EDGE('',*,*,#3717,.T.);
#3717 = EDGE_CURVE('',#3710,#3718,#3720,.T.);
#3718 = VERTEX_POINT('',#3719);
#3719 = CARTESIAN_POINT('',(1.27,1.016,0.));
#3720 = LINE('',#3721,#3722);
#3721 = CARTESIAN_POINT('',(1.27,-1.016,0.));
#3722 = VECTOR('',#3723,1.);
#3723 = DIRECTION('',(0.,1.,0.));
#3724 = ORIENTED_EDGE('',*,*,#3725,.T.);
#3725 = EDGE_CURVE('',#3718,#3390,#3726,.T.);
#3726 = LINE('',#3727,#3728);
#3727 = CARTESIAN_POINT('',(1.27,1.016,0.));
#3728 = VECTOR('',#3729,1.);
#3729 = DIRECTION('',(-0.707106781187,0.707106781187,0.));
#3730 = ORIENTED_EDGE('',*,*,#3406,.T.);
#3731 = FACE_BOUND('',#3732,.F.);
#3732 = EDGE_LOOP('',(#3733,#3743,#3751,#3759));
#3733 = ORIENTED_EDGE('',*,*,#3734,.F.);
#3734 = EDGE_CURVE('',#3735,#3737,#3739,.T.);
#3735 = VERTEX_POINT('',#3736);
#3736 = CARTESIAN_POINT('',(0.32,-0.32,0.));
#3737 = VERTEX_POINT('',#3738);
#3738 = CARTESIAN_POINT('',(0.32,0.32,0.));
#3739 = LINE('',#3740,#3741);
#3740 = CARTESIAN_POINT('',(0.32,-3.335,0.));
#3741 = VECTOR('',#3742,1.);
#3742 = DIRECTION('',(0.,1.,0.));
#3743 = ORIENTED_EDGE('',*,*,#3744,.T.);
#3744 = EDGE_CURVE('',#3735,#3745,#3747,.T.);
#3745 = VERTEX_POINT('',#3746);
#3746 = CARTESIAN_POINT('',(-0.32,-0.32,0.));
#3747 = LINE('',#3748,#3749);
#3748 = CARTESIAN_POINT('',(-0.16,-0.32,0.));
#3749 = VECTOR('',#3750,1.);
#3750 = DIRECTION('',(-1.,0.,0.));
#3751 = ORIENTED_EDGE('',*,*,#3752,.T.);
#3752 = EDGE_CURVE('',#3745,#3753,#3755,.T.);
#3753 = VERTEX_POINT('',#3754);
#3754 = CARTESIAN_POINT('',(-0.32,0.32,0.));
#3755 = LINE('',#3756,#3757);
#3756 = CARTESIAN_POINT('',(-0.32,-3.335,0.));
#3757 = VECTOR('',#3758,1.);
#3758 = DIRECTION('',(0.,1.,0.));
#3759 = ORIENTED_EDGE('',*,*,#3760,.F.);
#3760 = EDGE_CURVE('',#3737,#3753,#3761,.T.);
#3761 = LINE('',#3762,#3763);
#3762 = CARTESIAN_POINT('',(-0.16,0.32,0.));
#3763 = VECTOR('',#3764,1.);
#3764 = DIRECTION('',(-1.,0.,0.));
#3765 = FACE_BOUND('',#3766,.F.);
#3766 = EDGE_LOOP('',(#3767,#3777,#3785,#3793));
#3767 = ORIENTED_EDGE('',*,*,#3768,.F.);
#3768 = EDGE_CURVE('',#3769,#3771,#3773,.T.);
#3769 = VERTEX_POINT('',#3770);
#3770 = CARTESIAN_POINT('',(0.32,-5.4,0.));
#3771 = VERTEX_POINT('',#3772);
#3772 = CARTESIAN_POINT('',(0.32,-4.76,0.));
#3773 = LINE('',#3774,#3775);
#3774 = CARTESIAN_POINT('',(0.32,-5.875,0.));
#3775 = VECTOR('',#3776,1.);
#3776 = DIRECTION('',(0.,1.,0.));
#3777 = ORIENTED_EDGE('',*,*,#3778,.T.);
#3778 = EDGE_CURVE('',#3769,#3779,#3781,.T.);
#3779 = VERTEX_POINT('',#3780);
#3780 = CARTESIAN_POINT('',(-0.32,-5.4,0.));
#3781 = LINE('',#3782,#3783);
#3782 = CARTESIAN_POINT('',(-0.16,-5.4,0.));
#3783 = VECTOR('',#3784,1.);
#3784 = DIRECTION('',(-1.,0.,0.));
#3785 = ORIENTED_EDGE('',*,*,#3786,.T.);
#3786 = EDGE_CURVE('',#3779,#3787,#3789,.T.);
#3787 = VERTEX_POINT('',#3788);
#3788 = CARTESIAN_POINT('',(-0.32,-4.76,0.));
#3789 = LINE('',#3790,#3791);
#3790 = CARTESIAN_POINT('',(-0.32,-5.875,0.));
#3791 = VECTOR('',#3792,1.);
#3792 = DIRECTION('',(0.,1.,0.));
#3793 = ORIENTED_EDGE('',*,*,#3794,.F.);
#3794 = EDGE_CURVE('',#3771,#3787,#3795,.T.);
#3795 = LINE('',#3796,#3797);
#3796 = CARTESIAN_POINT('',(-0.16,-4.76,0.));
#3797 = VECTOR('',#3798,1.);
#3798 = DIRECTION('',(-1.,0.,0.));
#3799 = FACE_BOUND('',#3800,.F.);
#3800 = EDGE_LOOP('',(#3801,#3811,#3819,#3827));
#3801 = ORIENTED_EDGE('',*,*,#3802,.F.);
#3802 = EDGE_CURVE('',#3803,#3805,#3807,.T.);
#3803 = VERTEX_POINT('',#3804);
#3804 = CARTESIAN_POINT('',(0.32,-2.86,0.));
#3805 = VERTEX_POINT('',#3806);
#3806 = CARTESIAN_POINT('',(0.32,-2.22,0.));
#3807 = LINE('',#3808,#3809);
#3808 = CARTESIAN_POINT('',(0.32,-4.605,0.));
#3809 = VECTOR('',#3810,1.);
#3810 = DIRECTION('',(0.,1.,0.));
#3811 = ORIENTED_EDGE('',*,*,#3812,.T.);
#3812 = EDGE_CURVE('',#3803,#3813,#3815,.T.);
#3813 = VERTEX_POINT('',#3814);
#3814 = CARTESIAN_POINT('',(-0.32,-2.86,0.));
#3815 = LINE('',#3816,#3817);
#3816 = CARTESIAN_POINT('',(-0.16,-2.86,0.));
#3817 = VECTOR('',#3818,1.);
#3818 = DIRECTION('',(-1.,0.,0.));
#3819 = ORIENTED_EDGE('',*,*,#3820,.T.);
#3820 = EDGE_CURVE('',#3813,#3821,#3823,.T.);
#3821 = VERTEX_POINT('',#3822);
#3822 = CARTESIAN_POINT('',(-0.32,-2.22,0.));
#3823 = LINE('',#3824,#3825);
#3824 = CARTESIAN_POINT('',(-0.32,-4.605,0.));
#3825 = VECTOR('',#3826,1.);
#3826 = DIRECTION('',(0.,1.,0.));
#3827 = ORIENTED_EDGE('',*,*,#3828,.F.);
#3828 = EDGE_CURVE('',#3805,#3821,#3829,.T.);
#3829 = LINE('',#3830,#3831);
#3830 = CARTESIAN_POINT('',(-0.16,-2.22,0.));
#3831 = VECTOR('',#3832,1.);
#3832 = DIRECTION('',(-1.,0.,0.));
#3833 = FACE_BOUND('',#3834,.F.);
#3834 = EDGE_LOOP('',(#3835,#3845,#3853,#3861));
#3835 = ORIENTED_EDGE('',*,*,#3836,.T.);
#3836 = EDGE_CURVE('',#3837,#3839,#3841,.T.);
#3837 = VERTEX_POINT('',#3838);
#3838 = CARTESIAN_POINT('',(0.32,-13.02,0.));
#3839 = VERTEX_POINT('',#3840);
#3840 = CARTESIAN_POINT('',(-0.32,-13.02,0.));
#3841 = LINE('',#3842,#3843);
#3842 = CARTESIAN_POINT('',(-0.16,-13.02,0.));
#3843 = VECTOR('',#3844,1.);
#3844 = DIRECTION('',(-1.,0.,0.));
#3845 = ORIENTED_EDGE('',*,*,#3846,.T.);
#3846 = EDGE_CURVE('',#3839,#3847,#3849,.T.);
#3847 = VERTEX_POINT('',#3848);
#3848 = CARTESIAN_POINT('',(-0.32,-12.38,0.));
#3849 = LINE('',#3850,#3851);
#3850 = CARTESIAN_POINT('',(-0.32,-9.685,0.));
#3851 = VECTOR('',#3852,1.);
#3852 = DIRECTION('',(0.,1.,0.));
#3853 = ORIENTED_EDGE('',*,*,#3854,.F.);
#3854 = EDGE_CURVE('',#3855,#3847,#3857,.T.);
#3855 = VERTEX_POINT('',#3856);
#3856 = CARTESIAN_POINT('',(0.32,-12.38,0.));
#3857 = LINE('',#3858,#3859);
#3858 = CARTESIAN_POINT('',(-0.16,-12.38,0.));
#3859 = VECTOR('',#3860,1.);
#3860 = DIRECTION('',(-1.,0.,0.));
#3861 = ORIENTED_EDGE('',*,*,#3862,.F.);
#3862 = EDGE_CURVE('',#3837,#3855,#3863,.T.);
#3863 = LINE('',#3864,#3865);
#3864 = CARTESIAN_POINT('',(0.32,-9.685,0.));
#3865 = VECTOR('',#3866,1.);
#3866 = DIRECTION('',(0.,1.,0.));
#3867 = FACE_BOUND('',#3868,.F.);
#3868 = EDGE_LOOP('',(#3869,#3879,#3887,#3895));
#3869 = ORIENTED_EDGE('',*,*,#3870,.F.);
#3870 = EDGE_CURVE('',#3871,#3873,#3875,.T.);
#3871 = VERTEX_POINT('',#3872);
#3872 = CARTESIAN_POINT('',(0.32,-9.84,0.));
#3873 = VERTEX_POINT('',#3874);
#3874 = CARTESIAN_POINT('',(-0.32,-9.84,0.));
#3875 = LINE('',#3876,#3877);
#3876 = CARTESIAN_POINT('',(-0.16,-9.84,0.));
#3877 = VECTOR('',#3878,1.);
#3878 = DIRECTION('',(-1.,0.,0.));
#3879 = ORIENTED_EDGE('',*,*,#3880,.F.);
#3880 = EDGE_CURVE('',#3881,#3871,#3883,.T.);
#3881 = VERTEX_POINT('',#3882);
#3882 = CARTESIAN_POINT('',(0.32,-10.48,0.));
#3883 = LINE('',#3884,#3885);
#3884 = CARTESIAN_POINT('',(0.32,-8.415,0.));
#3885 = VECTOR('',#3886,1.);
#3886 = DIRECTION('',(0.,1.,0.));
#3887 = ORIENTED_EDGE('',*,*,#3888,.T.);
#3888 = EDGE_CURVE('',#3881,#3889,#3891,.T.);
#3889 = VERTEX_POINT('',#3890);
#3890 = CARTESIAN_POINT('',(-0.32,-10.48,0.));
#3891 = LINE('',#3892,#3893);
#3892 = CARTESIAN_POINT('',(-0.16,-10.48,0.));
#3893 = VECTOR('',#3894,1.);
#3894 = DIRECTION('',(-1.,0.,0.));
#3895 = ORIENTED_EDGE('',*,*,#3896,.T.);
#3896 = EDGE_CURVE('',#3889,#3873,#3897,.T.);
#3897 = LINE('',#3898,#3899);
#3898 = CARTESIAN_POINT('',(-0.32,-8.415,0.));
#3899 = VECTOR('',#3900,1.);
#3900 = DIRECTION('',(0.,1.,0.));
#3901 = FACE_BOUND('',#3902,.F.);
#3902 = EDGE_LOOP('',(#3903,#3913,#3921,#3929));
#3903 = ORIENTED_EDGE('',*,*,#3904,.T.);
#3904 = EDGE_CURVE('',#3905,#3907,#3909,.T.);
#3905 = VERTEX_POINT('',#3906);
#3906 = CARTESIAN_POINT('',(0.32,-7.94,0.));
#3907 = VERTEX_POINT('',#3908);
#3908 = CARTESIAN_POINT('',(-0.32,-7.94,0.));
#3909 = LINE('',#3910,#3911);
#3910 = CARTESIAN_POINT('',(-0.16,-7.94,0.));
#3911 = VECTOR('',#3912,1.);
#3912 = DIRECTION('',(-1.,0.,0.));
#3913 = ORIENTED_EDGE('',*,*,#3914,.T.);
#3914 = EDGE_CURVE('',#3907,#3915,#3917,.T.);
#3915 = VERTEX_POINT('',#3916);
#3916 = CARTESIAN_POINT('',(-0.32,-7.3,0.));
#3917 = LINE('',#3918,#3919);
#3918 = CARTESIAN_POINT('',(-0.32,-7.145,0.));
#3919 = VECTOR('',#3920,1.);
#3920 = DIRECTION('',(0.,1.,0.));
#3921 = ORIENTED_EDGE('',*,*,#3922,.F.);
#3922 = EDGE_CURVE('',#3923,#3915,#3925,.T.);
#3923 = VERTEX_POINT('',#3924);
#3924 = CARTESIAN_POINT('',(0.32,-7.3,0.));
#3925 = LINE('',#3926,#3927);
#3926 = CARTESIAN_POINT('',(-0.16,-7.3,0.));
#3927 = VECTOR('',#3928,1.);
#3928 = DIRECTION('',(-1.,0.,0.));
#3929 = ORIENTED_EDGE('',*,*,#3930,.F.);
#3930 = EDGE_CURVE('',#3905,#3923,#3931,.T.);
#3931 = LINE('',#3932,#3933);
#3932 = CARTESIAN_POINT('',(0.32,-7.145,0.));
#3933 = VECTOR('',#3934,1.);
#3934 = DIRECTION('',(0.,1.,0.));
#3935 = PLANE('',#3936);
#3936 = AXIS2_PLACEMENT_3D('',#3937,#3938,#3939);
#3937 = CARTESIAN_POINT('',(-1.797008255889E-17,-6.35,0.));
#3938 = DIRECTION('',(0.,0.,1.));
#3939 = DIRECTION('',(1.,0.,-0.));
#3940 = ADVANCED_FACE('',(#3941,#4224,#4258,#4292,#4326,#4360,#4394),
  #4428,.T.);
#3941 = FACE_BOUND('',#3942,.T.);
#3942 = EDGE_LOOP('',(#3943,#3944,#3945,#3953,#3961,#3969,#3977,#3985,
    #3993,#4001,#4009,#4017,#4025,#4033,#4041,#4049,#4057,#4065,#4073,
    #4081,#4089,#4097,#4105,#4113,#4121,#4129,#4137,#4145,#4153,#4161,
    #4169,#4177,#4185,#4193,#4201,#4209,#4217,#4223));
#3943 = ORIENTED_EDGE('',*,*,#3359,.T.);
#3944 = ORIENTED_EDGE('',*,*,#3421,.T.);
#3945 = ORIENTED_EDGE('',*,*,#3946,.T.);
#3946 = EDGE_CURVE('',#3422,#3947,#3949,.T.);
#3947 = VERTEX_POINT('',#3948);
#3948 = CARTESIAN_POINT('',(-1.016,-1.27,2.54));
#3949 = LINE('',#3950,#3951);
#3950 = CARTESIAN_POINT('',(-1.27,-1.016,2.54));
#3951 = VECTOR('',#3952,1.);
#3952 = DIRECTION('',(0.707106781187,-0.707106781187,0.));
#3953 = ORIENTED_EDGE('',*,*,#3954,.T.);
#3954 = EDGE_CURVE('',#3947,#3955,#3957,.T.);
#3955 = VERTEX_POINT('',#3956);
#3956 = CARTESIAN_POINT('',(-1.27,-1.524,2.54));
#3957 = LINE('',#3958,#3959);
#3958 = CARTESIAN_POINT('',(-1.016,-1.27,2.54));
#3959 = VECTOR('',#3960,1.);
#3960 = DIRECTION('',(-0.707106781187,-0.707106781187,0.));
#3961 = ORIENTED_EDGE('',*,*,#3962,.T.);
#3962 = EDGE_CURVE('',#3955,#3963,#3965,.T.);
#3963 = VERTEX_POINT('',#3964);
#3964 = CARTESIAN_POINT('',(-1.27,-3.556,2.54));
#3965 = LINE('',#3966,#3967);
#3966 = CARTESIAN_POINT('',(-1.27,-1.524,2.54));
#3967 = VECTOR('',#3968,1.);
#3968 = DIRECTION('',(0.,-1.,0.));
#3969 = ORIENTED_EDGE('',*,*,#3970,.T.);
#3970 = EDGE_CURVE('',#3963,#3971,#3973,.T.);
#3971 = VERTEX_POINT('',#3972);
#3972 = CARTESIAN_POINT('',(-1.016,-3.81,2.54));
#3973 = LINE('',#3974,#3975);
#3974 = CARTESIAN_POINT('',(-1.27,-3.556,2.54));
#3975 = VECTOR('',#3976,1.);
#3976 = DIRECTION('',(0.707106781187,-0.707106781187,0.));
#3977 = ORIENTED_EDGE('',*,*,#3978,.T.);
#3978 = EDGE_CURVE('',#3971,#3979,#3981,.T.);
#3979 = VERTEX_POINT('',#3980);
#3980 = CARTESIAN_POINT('',(-1.27,-4.064,2.54));
#3981 = LINE('',#3982,#3983);
#3982 = CARTESIAN_POINT('',(-1.016,-3.81,2.54));
#3983 = VECTOR('',#3984,1.);
#3984 = DIRECTION('',(-0.707106781187,-0.707106781187,0.));
#3985 = ORIENTED_EDGE('',*,*,#3986,.T.);
#3986 = EDGE_CURVE('',#3979,#3987,#3989,.T.);
#3987 = VERTEX_POINT('',#3988);
#3988 = CARTESIAN_POINT('',(-1.27,-6.096,2.54));
#3989 = LINE('',#3990,#3991);
#3990 = CARTESIAN_POINT('',(-1.27,-4.064,2.54));
#3991 = VECTOR('',#3992,1.);
#3992 = DIRECTION('',(0.,-1.,0.));
#3993 = ORIENTED_EDGE('',*,*,#3994,.T.);
#3994 = EDGE_CURVE('',#3987,#3995,#3997,.T.);
#3995 = VERTEX_POINT('',#3996);
#3996 = CARTESIAN_POINT('',(-1.016,-6.35,2.54));
#3997 = LINE('',#3998,#3999);
#3998 = CARTESIAN_POINT('',(-1.27,-6.096,2.54));
#3999 = VECTOR('',#4000,1.);
#4000 = DIRECTION('',(0.707106781187,-0.707106781187,0.));
#4001 = ORIENTED_EDGE('',*,*,#4002,.T.);
#4002 = EDGE_CURVE('',#3995,#4003,#4005,.T.);
#4003 = VERTEX_POINT('',#4004);
#4004 = CARTESIAN_POINT('',(-1.27,-6.604,2.54));
#4005 = LINE('',#4006,#4007);
#4006 = CARTESIAN_POINT('',(-1.016,-6.35,2.54));
#4007 = VECTOR('',#4008,1.);
#4008 = DIRECTION('',(-0.707106781187,-0.707106781187,0.));
#4009 = ORIENTED_EDGE('',*,*,#4010,.T.);
#4010 = EDGE_CURVE('',#4003,#4011,#4013,.T.);
#4011 = VERTEX_POINT('',#4012);
#4012 = CARTESIAN_POINT('',(-1.27,-8.636,2.54));
#4013 = LINE('',#4014,#4015);
#4014 = CARTESIAN_POINT('',(-1.27,-6.604,2.54));
#4015 = VECTOR('',#4016,1.);
#4016 = DIRECTION('',(0.,-1.,0.));
#4017 = ORIENTED_EDGE('',*,*,#4018,.T.);
#4018 = EDGE_CURVE('',#4011,#4019,#4021,.T.);
#4019 = VERTEX_POINT('',#4020);
#4020 = CARTESIAN_POINT('',(-1.016,-8.89,2.54));
#4021 = LINE('',#4022,#4023);
#4022 = CARTESIAN_POINT('',(-1.27,-8.636,2.54));
#4023 = VECTOR('',#4024,1.);
#4024 = DIRECTION('',(0.707106781187,-0.707106781187,0.));
#4025 = ORIENTED_EDGE('',*,*,#4026,.T.);
#4026 = EDGE_CURVE('',#4019,#4027,#4029,.T.);
#4027 = VERTEX_POINT('',#4028);
#4028 = CARTESIAN_POINT('',(-1.27,-9.144,2.54));
#4029 = LINE('',#4030,#4031);
#4030 = CARTESIAN_POINT('',(-1.016,-8.89,2.54));
#4031 = VECTOR('',#4032,1.);
#4032 = DIRECTION('',(-0.707106781187,-0.707106781187,0.));
#4033 = ORIENTED_EDGE('',*,*,#4034,.T.);
#4034 = EDGE_CURVE('',#4027,#4035,#4037,.T.);
#4035 = VERTEX_POINT('',#4036);
#4036 = CARTESIAN_POINT('',(-1.27,-11.176,2.54));
#4037 = LINE('',#4038,#4039);
#4038 = CARTESIAN_POINT('',(-1.27,-9.144,2.54));
#4039 = VECTOR('',#4040,1.);
#4040 = DIRECTION('',(0.,-1.,0.));
#4041 = ORIENTED_EDGE('',*,*,#4042,.T.);
#4042 = EDGE_CURVE('',#4035,#4043,#4045,.T.);
#4043 = VERTEX_POINT('',#4044);
#4044 = CARTESIAN_POINT('',(-1.016,-11.43,2.54));
#4045 = LINE('',#4046,#4047);
#4046 = CARTESIAN_POINT('',(-1.27,-11.176,2.54));
#4047 = VECTOR('',#4048,1.);
#4048 = DIRECTION('',(0.707106781187,-0.707106781187,0.));
#4049 = ORIENTED_EDGE('',*,*,#4050,.T.);
#4050 = EDGE_CURVE('',#4043,#4051,#4053,.T.);
#4051 = VERTEX_POINT('',#4052);
#4052 = CARTESIAN_POINT('',(-1.27,-11.684,2.54));
#4053 = LINE('',#4054,#4055);
#4054 = CARTESIAN_POINT('',(-1.016,-11.43,2.54));
#4055 = VECTOR('',#4056,1.);
#4056 = DIRECTION('',(-0.707106781187,-0.707106781187,0.));
#4057 = ORIENTED_EDGE('',*,*,#4058,.T.);
#4058 = EDGE_CURVE('',#4051,#4059,#4061,.T.);
#4059 = VERTEX_POINT('',#4060);
#4060 = CARTESIAN_POINT('',(-1.27,-13.716,2.54));
#4061 = LINE('',#4062,#4063);
#4062 = CARTESIAN_POINT('',(-1.27,-11.684,2.54));
#4063 = VECTOR('',#4064,1.);
#4064 = DIRECTION('',(0.,-1.,0.));
#4065 = ORIENTED_EDGE('',*,*,#4066,.T.);
#4066 = EDGE_CURVE('',#4059,#4067,#4069,.T.);
#4067 = VERTEX_POINT('',#4068);
#4068 = CARTESIAN_POINT('',(-1.016,-13.97,2.54));
#4069 = LINE('',#4070,#4071);
#4070 = CARTESIAN_POINT('',(-1.27,-13.716,2.54));
#4071 = VECTOR('',#4072,1.);
#4072 = DIRECTION('',(0.707106781187,-0.707106781187,0.));
#4073 = ORIENTED_EDGE('',*,*,#4074,.T.);
#4074 = EDGE_CURVE('',#4067,#4075,#4077,.T.);
#4075 = VERTEX_POINT('',#4076);
#4076 = CARTESIAN_POINT('',(1.016,-13.97,2.54));
#4077 = LINE('',#4078,#4079);
#4078 = CARTESIAN_POINT('',(-1.016,-13.97,2.54));
#4079 = VECTOR('',#4080,1.);
#4080 = DIRECTION('',(1.,0.,0.));
#4081 = ORIENTED_EDGE('',*,*,#4082,.T.);
#4082 = EDGE_CURVE('',#4075,#4083,#4085,.T.);
#4083 = VERTEX_POINT('',#4084);
#4084 = CARTESIAN_POINT('',(1.27,-13.716,2.54));
#4085 = LINE('',#4086,#4087);
#4086 = CARTESIAN_POINT('',(1.016,-13.97,2.54));
#4087 = VECTOR('',#4088,1.);
#4088 = DIRECTION('',(0.707106781187,0.707106781187,0.));
#4089 = ORIENTED_EDGE('',*,*,#4090,.T.);
#4090 = EDGE_CURVE('',#4083,#4091,#4093,.T.);
#4091 = VERTEX_POINT('',#4092);
#4092 = CARTESIAN_POINT('',(1.27,-11.684,2.54));
#4093 = LINE('',#4094,#4095);
#4094 = CARTESIAN_POINT('',(1.27,-13.716,2.54));
#4095 = VECTOR('',#4096,1.);
#4096 = DIRECTION('',(0.,1.,0.));
#4097 = ORIENTED_EDGE('',*,*,#4098,.T.);
#4098 = EDGE_CURVE('',#4091,#4099,#4101,.T.);
#4099 = VERTEX_POINT('',#4100);
#4100 = CARTESIAN_POINT('',(1.016,-11.43,2.54));
#4101 = LINE('',#4102,#4103);
#4102 = CARTESIAN_POINT('',(1.27,-11.684,2.54));
#4103 = VECTOR('',#4104,1.);
#4104 = DIRECTION('',(-0.707106781187,0.707106781187,0.));
#4105 = ORIENTED_EDGE('',*,*,#4106,.T.);
#4106 = EDGE_CURVE('',#4099,#4107,#4109,.T.);
#4107 = VERTEX_POINT('',#4108);
#4108 = CARTESIAN_POINT('',(1.27,-11.176,2.54));
#4109 = LINE('',#4110,#4111);
#4110 = CARTESIAN_POINT('',(1.016,-11.43,2.54));
#4111 = VECTOR('',#4112,1.);
#4112 = DIRECTION('',(0.707106781187,0.707106781187,0.));
#4113 = ORIENTED_EDGE('',*,*,#4114,.T.);
#4114 = EDGE_CURVE('',#4107,#4115,#4117,.T.);
#4115 = VERTEX_POINT('',#4116);
#4116 = CARTESIAN_POINT('',(1.27,-9.144,2.54));
#4117 = LINE('',#4118,#4119);
#4118 = CARTESIAN_POINT('',(1.27,-11.176,2.54));
#4119 = VECTOR('',#4120,1.);
#4120 = DIRECTION('',(0.,1.,0.));
#4121 = ORIENTED_EDGE('',*,*,#4122,.T.);
#4122 = EDGE_CURVE('',#4115,#4123,#4125,.T.);
#4123 = VERTEX_POINT('',#4124);
#4124 = CARTESIAN_POINT('',(1.016,-8.89,2.54));
#4125 = LINE('',#4126,#4127);
#4126 = CARTESIAN_POINT('',(1.27,-9.144,2.54));
#4127 = VECTOR('',#4128,1.);
#4128 = DIRECTION('',(-0.707106781187,0.707106781187,0.));
#4129 = ORIENTED_EDGE('',*,*,#4130,.T.);
#4130 = EDGE_CURVE('',#4123,#4131,#4133,.T.);
#4131 = VERTEX_POINT('',#4132);
#4132 = CARTESIAN_POINT('',(1.27,-8.636,2.54));
#4133 = LINE('',#4134,#4135);
#4134 = CARTESIAN_POINT('',(1.016,-8.89,2.54));
#4135 = VECTOR('',#4136,1.);
#4136 = DIRECTION('',(0.707106781187,0.707106781187,0.));
#4137 = ORIENTED_EDGE('',*,*,#4138,.T.);
#4138 = EDGE_CURVE('',#4131,#4139,#4141,.T.);
#4139 = VERTEX_POINT('',#4140);
#4140 = CARTESIAN_POINT('',(1.27,-6.604,2.54));
#4141 = LINE('',#4142,#4143);
#4142 = CARTESIAN_POINT('',(1.27,-8.636,2.54));
#4143 = VECTOR('',#4144,1.);
#4144 = DIRECTION('',(0.,1.,0.));
#4145 = ORIENTED_EDGE('',*,*,#4146,.T.);
#4146 = EDGE_CURVE('',#4139,#4147,#4149,.T.);
#4147 = VERTEX_POINT('',#4148);
#4148 = CARTESIAN_POINT('',(1.016,-6.35,2.54));
#4149 = LINE('',#4150,#4151);
#4150 = CARTESIAN_POINT('',(1.27,-6.604,2.54));
#4151 = VECTOR('',#4152,1.);
#4152 = DIRECTION('',(-0.707106781187,0.707106781187,0.));
#4153 = ORIENTED_EDGE('',*,*,#4154,.T.);
#4154 = EDGE_CURVE('',#4147,#4155,#4157,.T.);
#4155 = VERTEX_POINT('',#4156);
#4156 = CARTESIAN_POINT('',(1.27,-6.096,2.54));
#4157 = LINE('',#4158,#4159);
#4158 = CARTESIAN_POINT('',(1.016,-6.35,2.54));
#4159 = VECTOR('',#4160,1.);
#4160 = DIRECTION('',(0.707106781187,0.707106781187,0.));
#4161 = ORIENTED_EDGE('',*,*,#4162,.T.);
#4162 = EDGE_CURVE('',#4155,#4163,#4165,.T.);
#4163 = VERTEX_POINT('',#4164);
#4164 = CARTESIAN_POINT('',(1.27,-4.064,2.54));
#4165 = LINE('',#4166,#4167);
#4166 = CARTESIAN_POINT('',(1.27,-6.096,2.54));
#4167 = VECTOR('',#4168,1.);
#4168 = DIRECTION('',(0.,1.,0.));
#4169 = ORIENTED_EDGE('',*,*,#4170,.T.);
#4170 = EDGE_CURVE('',#4163,#4171,#4173,.T.);
#4171 = VERTEX_POINT('',#4172);
#4172 = CARTESIAN_POINT('',(1.016,-3.81,2.54));
#4173 = LINE('',#4174,#4175);
#4174 = CARTESIAN_POINT('',(1.27,-4.064,2.54));
#4175 = VECTOR('',#4176,1.);
#4176 = DIRECTION('',(-0.707106781187,0.707106781187,0.));
#4177 = ORIENTED_EDGE('',*,*,#4178,.T.);
#4178 = EDGE_CURVE('',#4171,#4179,#4181,.T.);
#4179 = VERTEX_POINT('',#4180);
#4180 = CARTESIAN_POINT('',(1.27,-3.556,2.54));
#4181 = LINE('',#4182,#4183);
#4182 = CARTESIAN_POINT('',(1.016,-3.81,2.54));
#4183 = VECTOR('',#4184,1.);
#4184 = DIRECTION('',(0.707106781187,0.707106781187,0.));
#4185 = ORIENTED_EDGE('',*,*,#4186,.T.);
#4186 = EDGE_CURVE('',#4179,#4187,#4189,.T.);
#4187 = VERTEX_POINT('',#4188);
#4188 = CARTESIAN_POINT('',(1.27,-1.524,2.54));
#4189 = LINE('',#4190,#4191);
#4190 = CARTESIAN_POINT('',(1.27,-3.556,2.54));
#4191 = VECTOR('',#4192,1.);
#4192 = DIRECTION('',(0.,1.,0.));
#4193 = ORIENTED_EDGE('',*,*,#4194,.T.);
#4194 = EDGE_CURVE('',#4187,#4195,#4197,.T.);
#4195 = VERTEX_POINT('',#4196);
#4196 = CARTESIAN_POINT('',(1.016,-1.27,2.54));
#4197 = LINE('',#4198,#4199);
#4198 = CARTESIAN_POINT('',(1.27,-1.524,2.54));
#4199 = VECTOR('',#4200,1.);
#4200 = DIRECTION('',(-0.707106781187,0.707106781187,0.));
#4201 = ORIENTED_EDGE('',*,*,#4202,.T.);
#4202 = EDGE_CURVE('',#4195,#4203,#4205,.T.);
#4203 = VERTEX_POINT('',#4204);
#4204 = CARTESIAN_POINT('',(1.27,-1.016,2.54));
#4205 = LINE('',#4206,#4207);
#4206 = CARTESIAN_POINT('',(1.016,-1.27,2.54));
#4207 = VECTOR('',#4208,1.);
#4208 = DIRECTION('',(0.707106781187,0.707106781187,0.));
#4209 = ORIENTED_EDGE('',*,*,#4210,.T.);
#4210 = EDGE_CURVE('',#4203,#4211,#4213,.T.);
#4211 = VERTEX_POINT('',#4212);
#4212 = CARTESIAN_POINT('',(1.27,1.016,2.54));
#4213 = LINE('',#4214,#4215);
#4214 = CARTESIAN_POINT('',(1.27,-1.016,2.54));
#4215 = VECTOR('',#4216,1.);
#4216 = DIRECTION('',(0.,1.,0.));
#4217 = ORIENTED_EDGE('',*,*,#4218,.T.);
#4218 = EDGE_CURVE('',#4211,#3392,#4219,.T.);
#4219 = LINE('',#4220,#4221);
#4220 = CARTESIAN_POINT('',(1.27,1.016,2.54));
#4221 = VECTOR('',#4222,1.);
#4222 = DIRECTION('',(-0.707106781187,0.707106781187,0.));
#4223 = ORIENTED_EDGE('',*,*,#3399,.T.);
#4224 = FACE_BOUND('',#4225,.T.);
#4225 = EDGE_LOOP('',(#4226,#4236,#4244,#4252));
#4226 = ORIENTED_EDGE('',*,*,#4227,.F.);
#4227 = EDGE_CURVE('',#4228,#4230,#4232,.T.);
#4228 = VERTEX_POINT('',#4229);
#4229 = CARTESIAN_POINT('',(0.32,-0.32,2.54));
#4230 = VERTEX_POINT('',#4231);
#4231 = CARTESIAN_POINT('',(0.32,0.32,2.54));
#4232 = LINE('',#4233,#4234);
#4233 = CARTESIAN_POINT('',(0.32,-3.335,2.54));
#4234 = VECTOR('',#4235,1.);
#4235 = DIRECTION('',(0.,1.,0.));
#4236 = ORIENTED_EDGE('',*,*,#4237,.T.);
#4237 = EDGE_CURVE('',#4228,#4238,#4240,.T.);
#4238 = VERTEX_POINT('',#4239);
#4239 = CARTESIAN_POINT('',(-0.32,-0.32,2.54));
#4240 = LINE('',#4241,#4242);
#4241 = CARTESIAN_POINT('',(-0.16,-0.32,2.54));
#4242 = VECTOR('',#4243,1.);
#4243 = DIRECTION('',(-1.,0.,0.));
#4244 = ORIENTED_EDGE('',*,*,#4245,.T.);
#4245 = EDGE_CURVE('',#4238,#4246,#4248,.T.);
#4246 = VERTEX_POINT('',#4247);
#4247 = CARTESIAN_POINT('',(-0.32,0.32,2.54));
#4248 = LINE('',#4249,#4250);
#4249 = CARTESIAN_POINT('',(-0.32,-3.335,2.54));
#4250 = VECTOR('',#4251,1.);
#4251 = DIRECTION('',(0.,1.,0.));
#4252 = ORIENTED_EDGE('',*,*,#4253,.F.);
#4253 = EDGE_CURVE('',#4230,#4246,#4254,.T.);
#4254 = LINE('',#4255,#4256);
#4255 = CARTESIAN_POINT('',(-0.16,0.32,2.54));
#4256 = VECTOR('',#4257,1.);
#4257 = DIRECTION('',(-1.,0.,0.));
#4258 = FACE_BOUND('',#4259,.T.);
#4259 = EDGE_LOOP('',(#4260,#4270,#4278,#4286));
#4260 = ORIENTED_EDGE('',*,*,#4261,.F.);
#4261 = EDGE_CURVE('',#4262,#4264,#4266,.T.);
#4262 = VERTEX_POINT('',#4263);
#4263 = CARTESIAN_POINT('',(0.32,-5.4,2.54));
#4264 = VERTEX_POINT('',#4265);
#4265 = CARTESIAN_POINT('',(0.32,-4.76,2.54));
#4266 = LINE('',#4267,#4268);
#4267 = CARTESIAN_POINT('',(0.32,-5.875,2.54));
#4268 = VECTOR('',#4269,1.);
#4269 = DIRECTION('',(0.,1.,0.));
#4270 = ORIENTED_EDGE('',*,*,#4271,.T.);
#4271 = EDGE_CURVE('',#4262,#4272,#4274,.T.);
#4272 = VERTEX_POINT('',#4273);
#4273 = CARTESIAN_POINT('',(-0.32,-5.4,2.54));
#4274 = LINE('',#4275,#4276);
#4275 = CARTESIAN_POINT('',(-0.16,-5.4,2.54));
#4276 = VECTOR('',#4277,1.);
#4277 = DIRECTION('',(-1.,0.,0.));
#4278 = ORIENTED_EDGE('',*,*,#4279,.T.);
#4279 = EDGE_CURVE('',#4272,#4280,#4282,.T.);
#4280 = VERTEX_POINT('',#4281);
#4281 = CARTESIAN_POINT('',(-0.32,-4.76,2.54));
#4282 = LINE('',#4283,#4284);
#4283 = CARTESIAN_POINT('',(-0.32,-5.875,2.54));
#4284 = VECTOR('',#4285,1.);
#4285 = DIRECTION('',(0.,1.,0.));
#4286 = ORIENTED_EDGE('',*,*,#4287,.F.);
#4287 = EDGE_CURVE('',#4264,#4280,#4288,.T.);
#4288 = LINE('',#4289,#4290);
#4289 = CARTESIAN_POINT('',(-0.16,-4.76,2.54));
#4290 = VECTOR('',#4291,1.);
#4291 = DIRECTION('',(-1.,0.,0.));
#4292 = FACE_BOUND('',#4293,.T.);
#4293 = EDGE_LOOP('',(#4294,#4304,#4312,#4320));
#4294 = ORIENTED_EDGE('',*,*,#4295,.F.);
#4295 = EDGE_CURVE('',#4296,#4298,#4300,.T.);
#4296 = VERTEX_POINT('',#4297);
#4297 = CARTESIAN_POINT('',(0.32,-2.86,2.54));
#4298 = VERTEX_POINT('',#4299);
#4299 = CARTESIAN_POINT('',(0.32,-2.22,2.54));
#4300 = LINE('',#4301,#4302);
#4301 = CARTESIAN_POINT('',(0.32,-4.605,2.54));
#4302 = VECTOR('',#4303,1.);
#4303 = DIRECTION('',(0.,1.,0.));
#4304 = ORIENTED_EDGE('',*,*,#4305,.T.);
#4305 = EDGE_CURVE('',#4296,#4306,#4308,.T.);
#4306 = VERTEX_POINT('',#4307);
#4307 = CARTESIAN_POINT('',(-0.32,-2.86,2.54));
#4308 = LINE('',#4309,#4310);
#4309 = CARTESIAN_POINT('',(-0.16,-2.86,2.54));
#4310 = VECTOR('',#4311,1.);
#4311 = DIRECTION('',(-1.,0.,0.));
#4312 = ORIENTED_EDGE('',*,*,#4313,.T.);
#4313 = EDGE_CURVE('',#4306,#4314,#4316,.T.);
#4314 = VERTEX_POINT('',#4315);
#4315 = CARTESIAN_POINT('',(-0.32,-2.22,2.54));
#4316 = LINE('',#4317,#4318);
#4317 = CARTESIAN_POINT('',(-0.32,-4.605,2.54));
#4318 = VECTOR('',#4319,1.);
#4319 = DIRECTION('',(0.,1.,0.));
#4320 = ORIENTED_EDGE('',*,*,#4321,.F.);
#4321 = EDGE_CURVE('',#4298,#4314,#4322,.T.);
#4322 = LINE('',#4323,#4324);
#4323 = CARTESIAN_POINT('',(-0.16,-2.22,2.54));
#4324 = VECTOR('',#4325,1.);
#4325 = DIRECTION('',(-1.,0.,0.));
#4326 = FACE_BOUND('',#4327,.T.);
#4327 = EDGE_LOOP('',(#4328,#4338,#4346,#4354));
#4328 = ORIENTED_EDGE('',*,*,#4329,.T.);
#4329 = EDGE_CURVE('',#4330,#4332,#4334,.T.);
#4330 = VERTEX_POINT('',#4331);
#4331 = CARTESIAN_POINT('',(0.32,-13.02,2.54));
#4332 = VERTEX_POINT('',#4333);
#4333 = CARTESIAN_POINT('',(-0.32,-13.02,2.54));
#4334 = LINE('',#4335,#4336);
#4335 = CARTESIAN_POINT('',(-0.16,-13.02,2.54));
#4336 = VECTOR('',#4337,1.);
#4337 = DIRECTION('',(-1.,0.,0.));
#4338 = ORIENTED_EDGE('',*,*,#4339,.T.);
#4339 = EDGE_CURVE('',#4332,#4340,#4342,.T.);
#4340 = VERTEX_POINT('',#4341);
#4341 = CARTESIAN_POINT('',(-0.32,-12.38,2.54));
#4342 = LINE('',#4343,#4344);
#4343 = CARTESIAN_POINT('',(-0.32,-9.685,2.54));
#4344 = VECTOR('',#4345,1.);
#4345 = DIRECTION('',(0.,1.,0.));
#4346 = ORIENTED_EDGE('',*,*,#4347,.F.);
#4347 = EDGE_CURVE('',#4348,#4340,#4350,.T.);
#4348 = VERTEX_POINT('',#4349);
#4349 = CARTESIAN_POINT('',(0.32,-12.38,2.54));
#4350 = LINE('',#4351,#4352);
#4351 = CARTESIAN_POINT('',(-0.16,-12.38,2.54));
#4352 = VECTOR('',#4353,1.);
#4353 = DIRECTION('',(-1.,0.,0.));
#4354 = ORIENTED_EDGE('',*,*,#4355,.F.);
#4355 = EDGE_CURVE('',#4330,#4348,#4356,.T.);
#4356 = LINE('',#4357,#4358);
#4357 = CARTESIAN_POINT('',(0.32,-9.685,2.54));
#4358 = VECTOR('',#4359,1.);
#4359 = DIRECTION('',(0.,1.,0.));
#4360 = FACE_BOUND('',#4361,.T.);
#4361 = EDGE_LOOP('',(#4362,#4372,#4380,#4388));
#4362 = ORIENTED_EDGE('',*,*,#4363,.F.);
#4363 = EDGE_CURVE('',#4364,#4366,#4368,.T.);
#4364 = VERTEX_POINT('',#4365);
#4365 = CARTESIAN_POINT('',(0.32,-9.84,2.54));
#4366 = VERTEX_POINT('',#4367);
#4367 = CARTESIAN_POINT('',(-0.32,-9.84,2.54));
#4368 = LINE('',#4369,#4370);
#4369 = CARTESIAN_POINT('',(-0.16,-9.84,2.54));
#4370 = VECTOR('',#4371,1.);
#4371 = DIRECTION('',(-1.,0.,0.));
#4372 = ORIENTED_EDGE('',*,*,#4373,.F.);
#4373 = EDGE_CURVE('',#4374,#4364,#4376,.T.);
#4374 = VERTEX_POINT('',#4375);
#4375 = CARTESIAN_POINT('',(0.32,-10.48,2.54));
#4376 = LINE('',#4377,#4378);
#4377 = CARTESIAN_POINT('',(0.32,-8.415,2.54));
#4378 = VECTOR('',#4379,1.);
#4379 = DIRECTION('',(0.,1.,0.));
#4380 = ORIENTED_EDGE('',*,*,#4381,.T.);
#4381 = EDGE_CURVE('',#4374,#4382,#4384,.T.);
#4382 = VERTEX_POINT('',#4383);
#4383 = CARTESIAN_POINT('',(-0.32,-10.48,2.54));
#4384 = LINE('',#4385,#4386);
#4385 = CARTESIAN_POINT('',(-0.16,-10.48,2.54));
#4386 = VECTOR('',#4387,1.);
#4387 = DIRECTION('',(-1.,0.,0.));
#4388 = ORIENTED_EDGE('',*,*,#4389,.T.);
#4389 = EDGE_CURVE('',#4382,#4366,#4390,.T.);
#4390 = LINE('',#4391,#4392);
#4391 = CARTESIAN_POINT('',(-0.32,-8.415,2.54));
#4392 = VECTOR('',#4393,1.);
#4393 = DIRECTION('',(0.,1.,0.));
#4394 = FACE_BOUND('',#4395,.T.);
#4395 = EDGE_LOOP('',(#4396,#4406,#4414,#4422));
#4396 = ORIENTED_EDGE('',*,*,#4397,.T.);
#4397 = EDGE_CURVE('',#4398,#4400,#4402,.T.);
#4398 = VERTEX_POINT('',#4399);
#4399 = CARTESIAN_POINT('',(0.32,-7.94,2.54));
#4400 = VERTEX_POINT('',#4401);
#4401 = CARTESIAN_POINT('',(-0.32,-7.94,2.54));
#4402 = LINE('',#4403,#4404);
#4403 = CARTESIAN_POINT('',(-0.16,-7.94,2.54));
#4404 = VECTOR('',#4405,1.);
#4405 = DIRECTION('',(-1.,0.,0.));
#4406 = ORIENTED_EDGE('',*,*,#4407,.T.);
#4407 = EDGE_CURVE('',#4400,#4408,#4410,.T.);
#4408 = VERTEX_POINT('',#4409);
#4409 = CARTESIAN_POINT('',(-0.32,-7.3,2.54));
#4410 = LINE('',#4411,#4412);
#4411 = CARTESIAN_POINT('',(-0.32,-7.145,2.54));
#4412 = VECTOR('',#4413,1.);
#4413 = DIRECTION('',(0.,1.,0.));
#4414 = ORIENTED_EDGE('',*,*,#4415,.F.);
#4415 = EDGE_CURVE('',#4416,#4408,#4418,.T.);
#4416 = VERTEX_POINT('',#4417);
#4417 = CARTESIAN_POINT('',(0.32,-7.3,2.54));
#4418 = LINE('',#4419,#4420);
#4419 = CARTESIAN_POINT('',(-0.16,-7.3,2.54));
#4420 = VECTOR('',#4421,1.);
#4421 = DIRECTION('',(-1.,0.,0.));
#4422 = ORIENTED_EDGE('',*,*,#4423,.F.);
#4423 = EDGE_CURVE('',#4398,#4416,#4424,.T.);
#4424 = LINE('',#4425,#4426);
#4425 = CARTESIAN_POINT('',(0.32,-7.145,2.54));
#4426 = VECTOR('',#4427,1.);
#4427 = DIRECTION('',(0.,1.,0.));
#4428 = PLANE('',#4429);
#4429 = AXIS2_PLACEMENT_3D('',#4430,#4431,#4432);
#4430 = CARTESIAN_POINT('',(-1.797008255889E-17,-6.35,2.54));
#4431 = DIRECTION('',(0.,0.,1.));
#4432 = DIRECTION('',(1.,0.,-0.));
#4433 = ADVANCED_FACE('',(#4434),#4445,.F.);
#4434 = FACE_BOUND('',#4435,.F.);
#4435 = EDGE_LOOP('',(#4436,#4442,#4443,#4444));
#4436 = ORIENTED_EDGE('',*,*,#4437,.T.);
#4437 = EDGE_CURVE('',#3718,#4211,#4438,.T.);
#4438 = LINE('',#4439,#4440);
#4439 = CARTESIAN_POINT('',(1.27,1.016,0.));
#4440 = VECTOR('',#4441,1.);
#4441 = DIRECTION('',(0.,0.,1.));
#4442 = ORIENTED_EDGE('',*,*,#4218,.T.);
#4443 = ORIENTED_EDGE('',*,*,#3389,.F.);
#4444 = ORIENTED_EDGE('',*,*,#3725,.F.);
#4445 = PLANE('',#4446);
#4446 = AXIS2_PLACEMENT_3D('',#4447,#4448,#4449);
#4447 = CARTESIAN_POINT('',(1.27,1.016,0.));
#4448 = DIRECTION('',(-0.707106781187,-0.707106781187,0.));
#4449 = DIRECTION('',(-0.707106781187,0.707106781187,0.));
#4450 = ADVANCED_FACE('',(#4451),#4462,.F.);
#4451 = FACE_BOUND('',#4452,.F.);
#4452 = EDGE_LOOP('',(#4453,#4454,#4455,#4461));
#4453 = ORIENTED_EDGE('',*,*,#3429,.T.);
#4454 = ORIENTED_EDGE('',*,*,#3946,.T.);
#4455 = ORIENTED_EDGE('',*,*,#4456,.F.);
#4456 = EDGE_CURVE('',#3454,#3947,#4457,.T.);
#4457 = LINE('',#4458,#4459);
#4458 = CARTESIAN_POINT('',(-1.016,-1.27,0.));
#4459 = VECTOR('',#4460,1.);
#4460 = DIRECTION('',(0.,0.,1.));
#4461 = ORIENTED_EDGE('',*,*,#3453,.F.);
#4462 = PLANE('',#4463);
#4463 = AXIS2_PLACEMENT_3D('',#4464,#4465,#4466);
#4464 = CARTESIAN_POINT('',(-1.27,-1.016,0.));
#4465 = DIRECTION('',(0.707106781187,0.707106781187,0.));
#4466 = DIRECTION('',(0.707106781187,-0.707106781187,0.));
#4467 = ADVANCED_FACE('',(#4468),#4479,.F.);
#4468 = FACE_BOUND('',#4469,.F.);
#4469 = EDGE_LOOP('',(#4470,#4476,#4477,#4478));
#4470 = ORIENTED_EDGE('',*,*,#4471,.T.);
#4471 = EDGE_CURVE('',#3710,#4203,#4472,.T.);
#4472 = LINE('',#4473,#4474);
#4473 = CARTESIAN_POINT('',(1.27,-1.016,0.));
#4474 = VECTOR('',#4475,1.);
#4475 = DIRECTION('',(0.,0.,1.));
#4476 = ORIENTED_EDGE('',*,*,#4210,.T.);
#4477 = ORIENTED_EDGE('',*,*,#4437,.F.);
#4478 = ORIENTED_EDGE('',*,*,#3717,.F.);
#4479 = PLANE('',#4480);
#4480 = AXIS2_PLACEMENT_3D('',#4481,#4482,#4483);
#4481 = CARTESIAN_POINT('',(1.27,-1.016,0.));
#4482 = DIRECTION('',(-1.,0.,0.));
#4483 = DIRECTION('',(0.,1.,0.));
#4484 = ADVANCED_FACE('',(#4485),#4496,.F.);
#4485 = FACE_BOUND('',#4486,.F.);
#4486 = EDGE_LOOP('',(#4487,#4488,#4489,#4495));
#4487 = ORIENTED_EDGE('',*,*,#4456,.T.);
#4488 = ORIENTED_EDGE('',*,*,#3954,.T.);
#4489 = ORIENTED_EDGE('',*,*,#4490,.F.);
#4490 = EDGE_CURVE('',#3462,#3955,#4491,.T.);
#4491 = LINE('',#4492,#4493);
#4492 = CARTESIAN_POINT('',(-1.27,-1.524,0.));
#4493 = VECTOR('',#4494,1.);
#4494 = DIRECTION('',(0.,0.,1.));
#4495 = ORIENTED_EDGE('',*,*,#3461,.F.);
#4496 = PLANE('',#4497);
#4497 = AXIS2_PLACEMENT_3D('',#4498,#4499,#4500);
#4498 = CARTESIAN_POINT('',(-1.016,-1.27,0.));
#4499 = DIRECTION('',(0.707106781187,-0.707106781187,0.));
#4500 = DIRECTION('',(-0.707106781187,-0.707106781187,0.));
#4501 = ADVANCED_FACE('',(#4502),#4513,.F.);
#4502 = FACE_BOUND('',#4503,.F.);
#4503 = EDGE_LOOP('',(#4504,#4510,#4511,#4512));
#4504 = ORIENTED_EDGE('',*,*,#4505,.T.);
#4505 = EDGE_CURVE('',#3702,#4195,#4506,.T.);
#4506 = LINE('',#4507,#4508);
#4507 = CARTESIAN_POINT('',(1.016,-1.27,0.));
#4508 = VECTOR('',#4509,1.);
#4509 = DIRECTION('',(0.,0.,1.));
#4510 = ORIENTED_EDGE('',*,*,#4202,.T.);
#4511 = ORIENTED_EDGE('',*,*,#4471,.F.);
#4512 = ORIENTED_EDGE('',*,*,#3709,.F.);
#4513 = PLANE('',#4514);
#4514 = AXIS2_PLACEMENT_3D('',#4515,#4516,#4517);
#4515 = CARTESIAN_POINT('',(1.016,-1.27,0.));
#4516 = DIRECTION('',(-0.707106781187,0.707106781187,0.));
#4517 = DIRECTION('',(0.707106781187,0.707106781187,0.));
#4518 = ADVANCED_FACE('',(#4519),#4530,.F.);
#4519 = FACE_BOUND('',#4520,.F.);
#4520 = EDGE_LOOP('',(#4521,#4522,#4523,#4529));
#4521 = ORIENTED_EDGE('',*,*,#4490,.T.);
#4522 = ORIENTED_EDGE('',*,*,#3962,.T.);
#4523 = ORIENTED_EDGE('',*,*,#4524,.F.);
#4524 = EDGE_CURVE('',#3470,#3963,#4525,.T.);
#4525 = LINE('',#4526,#4527);
#4526 = CARTESIAN_POINT('',(-1.27,-3.556,0.));
#4527 = VECTOR('',#4528,1.);
#4528 = DIRECTION('',(0.,0.,1.));
#4529 = ORIENTED_EDGE('',*,*,#3469,.F.);
#4530 = PLANE('',#4531);
#4531 = AXIS2_PLACEMENT_3D('',#4532,#4533,#4534);
#4532 = CARTESIAN_POINT('',(-1.27,-1.524,0.));
#4533 = DIRECTION('',(1.,0.,0.));
#4534 = DIRECTION('',(0.,-1.,0.));
#4535 = ADVANCED_FACE('',(#4536),#4547,.F.);
#4536 = FACE_BOUND('',#4537,.F.);
#4537 = EDGE_LOOP('',(#4538,#4544,#4545,#4546));
#4538 = ORIENTED_EDGE('',*,*,#4539,.T.);
#4539 = EDGE_CURVE('',#3694,#4187,#4540,.T.);
#4540 = LINE('',#4541,#4542);
#4541 = CARTESIAN_POINT('',(1.27,-1.524,0.));
#4542 = VECTOR('',#4543,1.);
#4543 = DIRECTION('',(0.,0.,1.));
#4544 = ORIENTED_EDGE('',*,*,#4194,.T.);
#4545 = ORIENTED_EDGE('',*,*,#4505,.F.);
#4546 = ORIENTED_EDGE('',*,*,#3701,.F.);
#4547 = PLANE('',#4548);
#4548 = AXIS2_PLACEMENT_3D('',#4549,#4550,#4551);
#4549 = CARTESIAN_POINT('',(1.27,-1.524,0.));
#4550 = DIRECTION('',(-0.707106781187,-0.707106781187,0.));
#4551 = DIRECTION('',(-0.707106781187,0.707106781187,0.));
#4552 = ADVANCED_FACE('',(#4553),#4564,.F.);
#4553 = FACE_BOUND('',#4554,.F.);
#4554 = EDGE_LOOP('',(#4555,#4556,#4557,#4563));
#4555 = ORIENTED_EDGE('',*,*,#4524,.T.);
#4556 = ORIENTED_EDGE('',*,*,#3970,.T.);
#4557 = ORIENTED_EDGE('',*,*,#4558,.F.);
#4558 = EDGE_CURVE('',#3478,#3971,#4559,.T.);
#4559 = LINE('',#4560,#4561);
#4560 = CARTESIAN_POINT('',(-1.016,-3.81,0.));
#4561 = VECTOR('',#4562,1.);
#4562 = DIRECTION('',(0.,0.,1.));
#4563 = ORIENTED_EDGE('',*,*,#3477,.F.);
#4564 = PLANE('',#4565);
#4565 = AXIS2_PLACEMENT_3D('',#4566,#4567,#4568);
#4566 = CARTESIAN_POINT('',(-1.27,-3.556,0.));
#4567 = DIRECTION('',(0.707106781187,0.707106781187,0.));
#4568 = DIRECTION('',(0.707106781187,-0.707106781187,0.));
#4569 = ADVANCED_FACE('',(#4570),#4581,.F.);
#4570 = FACE_BOUND('',#4571,.F.);
#4571 = EDGE_LOOP('',(#4572,#4578,#4579,#4580));
#4572 = ORIENTED_EDGE('',*,*,#4573,.T.);
#4573 = EDGE_CURVE('',#3686,#4179,#4574,.T.);
#4574 = LINE('',#4575,#4576);
#4575 = CARTESIAN_POINT('',(1.27,-3.556,0.));
#4576 = VECTOR('',#4577,1.);
#4577 = DIRECTION('',(0.,0.,1.));
#4578 = ORIENTED_EDGE('',*,*,#4186,.T.);
#4579 = ORIENTED_EDGE('',*,*,#4539,.F.);
#4580 = ORIENTED_EDGE('',*,*,#3693,.F.);
#4581 = PLANE('',#4582);
#4582 = AXIS2_PLACEMENT_3D('',#4583,#4584,#4585);
#4583 = CARTESIAN_POINT('',(1.27,-3.556,0.));
#4584 = DIRECTION('',(-1.,0.,0.));
#4585 = DIRECTION('',(0.,1.,0.));
#4586 = ADVANCED_FACE('',(#4587),#4598,.F.);
#4587 = FACE_BOUND('',#4588,.F.);
#4588 = EDGE_LOOP('',(#4589,#4590,#4591,#4597));
#4589 = ORIENTED_EDGE('',*,*,#4558,.T.);
#4590 = ORIENTED_EDGE('',*,*,#3978,.T.);
#4591 = ORIENTED_EDGE('',*,*,#4592,.F.);
#4592 = EDGE_CURVE('',#3486,#3979,#4593,.T.);
#4593 = LINE('',#4594,#4595);
#4594 = CARTESIAN_POINT('',(-1.27,-4.064,0.));
#4595 = VECTOR('',#4596,1.);
#4596 = DIRECTION('',(0.,0.,1.));
#4597 = ORIENTED_EDGE('',*,*,#3485,.F.);
#4598 = PLANE('',#4599);
#4599 = AXIS2_PLACEMENT_3D('',#4600,#4601,#4602);
#4600 = CARTESIAN_POINT('',(-1.016,-3.81,0.));
#4601 = DIRECTION('',(0.707106781187,-0.707106781187,0.));
#4602 = DIRECTION('',(-0.707106781187,-0.707106781187,0.));
#4603 = ADVANCED_FACE('',(#4604),#4615,.F.);
#4604 = FACE_BOUND('',#4605,.F.);
#4605 = EDGE_LOOP('',(#4606,#4612,#4613,#4614));
#4606 = ORIENTED_EDGE('',*,*,#4607,.T.);
#4607 = EDGE_CURVE('',#3678,#4171,#4608,.T.);
#4608 = LINE('',#4609,#4610);
#4609 = CARTESIAN_POINT('',(1.016,-3.81,0.));
#4610 = VECTOR('',#4611,1.);
#4611 = DIRECTION('',(0.,0.,1.));
#4612 = ORIENTED_EDGE('',*,*,#4178,.T.);
#4613 = ORIENTED_EDGE('',*,*,#4573,.F.);
#4614 = ORIENTED_EDGE('',*,*,#3685,.F.);
#4615 = PLANE('',#4616);
#4616 = AXIS2_PLACEMENT_3D('',#4617,#4618,#4619);
#4617 = CARTESIAN_POINT('',(1.016,-3.81,0.));
#4618 = DIRECTION('',(-0.707106781187,0.707106781187,0.));
#4619 = DIRECTION('',(0.707106781187,0.707106781187,0.));
#4620 = ADVANCED_FACE('',(#4621),#4632,.F.);
#4621 = FACE_BOUND('',#4622,.F.);
#4622 = EDGE_LOOP('',(#4623,#4624,#4625,#4631));
#4623 = ORIENTED_EDGE('',*,*,#4592,.T.);
#4624 = ORIENTED_EDGE('',*,*,#3986,.T.);
#4625 = ORIENTED_EDGE('',*,*,#4626,.F.);
#4626 = EDGE_CURVE('',#3494,#3987,#4627,.T.);
#4627 = LINE('',#4628,#4629);
#4628 = CARTESIAN_POINT('',(-1.27,-6.096,0.));
#4629 = VECTOR('',#4630,1.);
#4630 = DIRECTION('',(0.,0.,1.));
#4631 = ORIENTED_EDGE('',*,*,#3493,.F.);
#4632 = PLANE('',#4633);
#4633 = AXIS2_PLACEMENT_3D('',#4634,#4635,#4636);
#4634 = CARTESIAN_POINT('',(-1.27,-4.064,0.));
#4635 = DIRECTION('',(1.,0.,0.));
#4636 = DIRECTION('',(0.,-1.,0.));
#4637 = ADVANCED_FACE('',(#4638),#4649,.F.);
#4638 = FACE_BOUND('',#4639,.F.);
#4639 = EDGE_LOOP('',(#4640,#4646,#4647,#4648));
#4640 = ORIENTED_EDGE('',*,*,#4641,.T.);
#4641 = EDGE_CURVE('',#3670,#4163,#4642,.T.);
#4642 = LINE('',#4643,#4644);
#4643 = CARTESIAN_POINT('',(1.27,-4.064,0.));
#4644 = VECTOR('',#4645,1.);
#4645 = DIRECTION('',(0.,0.,1.));
#4646 = ORIENTED_EDGE('',*,*,#4170,.T.);
#4647 = ORIENTED_EDGE('',*,*,#4607,.F.);
#4648 = ORIENTED_EDGE('',*,*,#3677,.F.);
#4649 = PLANE('',#4650);
#4650 = AXIS2_PLACEMENT_3D('',#4651,#4652,#4653);
#4651 = CARTESIAN_POINT('',(1.27,-4.064,0.));
#4652 = DIRECTION('',(-0.707106781187,-0.707106781187,0.));
#4653 = DIRECTION('',(-0.707106781187,0.707106781187,0.));
#4654 = ADVANCED_FACE('',(#4655),#4666,.F.);
#4655 = FACE_BOUND('',#4656,.F.);
#4656 = EDGE_LOOP('',(#4657,#4658,#4659,#4665));
#4657 = ORIENTED_EDGE('',*,*,#4626,.T.);
#4658 = ORIENTED_EDGE('',*,*,#3994,.T.);
#4659 = ORIENTED_EDGE('',*,*,#4660,.F.);
#4660 = EDGE_CURVE('',#3502,#3995,#4661,.T.);
#4661 = LINE('',#4662,#4663);
#4662 = CARTESIAN_POINT('',(-1.016,-6.35,0.));
#4663 = VECTOR('',#4664,1.);
#4664 = DIRECTION('',(0.,0.,1.));
#4665 = ORIENTED_EDGE('',*,*,#3501,.F.);
#4666 = PLANE('',#4667);
#4667 = AXIS2_PLACEMENT_3D('',#4668,#4669,#4670);
#4668 = CARTESIAN_POINT('',(-1.27,-6.096,0.));
#4669 = DIRECTION('',(0.707106781187,0.707106781187,0.));
#4670 = DIRECTION('',(0.707106781187,-0.707106781187,0.));
#4671 = ADVANCED_FACE('',(#4672),#4683,.F.);
#4672 = FACE_BOUND('',#4673,.F.);
#4673 = EDGE_LOOP('',(#4674,#4680,#4681,#4682));
#4674 = ORIENTED_EDGE('',*,*,#4675,.T.);
#4675 = EDGE_CURVE('',#3662,#4155,#4676,.T.);
#4676 = LINE('',#4677,#4678);
#4677 = CARTESIAN_POINT('',(1.27,-6.096,0.));
#4678 = VECTOR('',#4679,1.);
#4679 = DIRECTION('',(0.,0.,1.));
#4680 = ORIENTED_EDGE('',*,*,#4162,.T.);
#4681 = ORIENTED_EDGE('',*,*,#4641,.F.);
#4682 = ORIENTED_EDGE('',*,*,#3669,.F.);
#4683 = PLANE('',#4684);
#4684 = AXIS2_PLACEMENT_3D('',#4685,#4686,#4687);
#4685 = CARTESIAN_POINT('',(1.27,-6.096,0.));
#4686 = DIRECTION('',(-1.,0.,0.));
#4687 = DIRECTION('',(0.,1.,0.));
#4688 = ADVANCED_FACE('',(#4689),#4700,.F.);
#4689 = FACE_BOUND('',#4690,.F.);
#4690 = EDGE_LOOP('',(#4691,#4692,#4693,#4699));
#4691 = ORIENTED_EDGE('',*,*,#4660,.T.);
#4692 = ORIENTED_EDGE('',*,*,#4002,.T.);
#4693 = ORIENTED_EDGE('',*,*,#4694,.F.);
#4694 = EDGE_CURVE('',#3510,#4003,#4695,.T.);
#4695 = LINE('',#4696,#4697);
#4696 = CARTESIAN_POINT('',(-1.27,-6.604,0.));
#4697 = VECTOR('',#4698,1.);
#4698 = DIRECTION('',(0.,0.,1.));
#4699 = ORIENTED_EDGE('',*,*,#3509,.F.);
#4700 = PLANE('',#4701);
#4701 = AXIS2_PLACEMENT_3D('',#4702,#4703,#4704);
#4702 = CARTESIAN_POINT('',(-1.016,-6.35,0.));
#4703 = DIRECTION('',(0.707106781187,-0.707106781187,0.));
#4704 = DIRECTION('',(-0.707106781187,-0.707106781187,0.));
#4705 = ADVANCED_FACE('',(#4706),#4717,.F.);
#4706 = FACE_BOUND('',#4707,.F.);
#4707 = EDGE_LOOP('',(#4708,#4714,#4715,#4716));
#4708 = ORIENTED_EDGE('',*,*,#4709,.T.);
#4709 = EDGE_CURVE('',#3654,#4147,#4710,.T.);
#4710 = LINE('',#4711,#4712);
#4711 = CARTESIAN_POINT('',(1.016,-6.35,0.));
#4712 = VECTOR('',#4713,1.);
#4713 = DIRECTION('',(0.,0.,1.));
#4714 = ORIENTED_EDGE('',*,*,#4154,.T.);
#4715 = ORIENTED_EDGE('',*,*,#4675,.F.);
#4716 = ORIENTED_EDGE('',*,*,#3661,.F.);
#4717 = PLANE('',#4718);
#4718 = AXIS2_PLACEMENT_3D('',#4719,#4720,#4721);
#4719 = CARTESIAN_POINT('',(1.016,-6.35,0.));
#4720 = DIRECTION('',(-0.707106781187,0.707106781187,0.));
#4721 = DIRECTION('',(0.707106781187,0.707106781187,0.));
#4722 = ADVANCED_FACE('',(#4723),#4734,.F.);
#4723 = FACE_BOUND('',#4724,.F.);
#4724 = EDGE_LOOP('',(#4725,#4726,#4727,#4733));
#4725 = ORIENTED_EDGE('',*,*,#4694,.T.);
#4726 = ORIENTED_EDGE('',*,*,#4010,.T.);
#4727 = ORIENTED_EDGE('',*,*,#4728,.F.);
#4728 = EDGE_CURVE('',#3518,#4011,#4729,.T.);
#4729 = LINE('',#4730,#4731);
#4730 = CARTESIAN_POINT('',(-1.27,-8.636,0.));
#4731 = VECTOR('',#4732,1.);
#4732 = DIRECTION('',(0.,0.,1.));
#4733 = ORIENTED_EDGE('',*,*,#3517,.F.);
#4734 = PLANE('',#4735);
#4735 = AXIS2_PLACEMENT_3D('',#4736,#4737,#4738);
#4736 = CARTESIAN_POINT('',(-1.27,-6.604,0.));
#4737 = DIRECTION('',(1.,0.,0.));
#4738 = DIRECTION('',(0.,-1.,0.));
#4739 = ADVANCED_FACE('',(#4740),#4751,.F.);
#4740 = FACE_BOUND('',#4741,.F.);
#4741 = EDGE_LOOP('',(#4742,#4748,#4749,#4750));
#4742 = ORIENTED_EDGE('',*,*,#4743,.T.);
#4743 = EDGE_CURVE('',#3646,#4139,#4744,.T.);
#4744 = LINE('',#4745,#4746);
#4745 = CARTESIAN_POINT('',(1.27,-6.604,0.));
#4746 = VECTOR('',#4747,1.);
#4747 = DIRECTION('',(0.,0.,1.));
#4748 = ORIENTED_EDGE('',*,*,#4146,.T.);
#4749 = ORIENTED_EDGE('',*,*,#4709,.F.);
#4750 = ORIENTED_EDGE('',*,*,#3653,.F.);
#4751 = PLANE('',#4752);
#4752 = AXIS2_PLACEMENT_3D('',#4753,#4754,#4755);
#4753 = CARTESIAN_POINT('',(1.27,-6.604,0.));
#4754 = DIRECTION('',(-0.707106781187,-0.707106781187,0.));
#4755 = DIRECTION('',(-0.707106781187,0.707106781187,0.));
#4756 = ADVANCED_FACE('',(#4757),#4768,.F.);
#4757 = FACE_BOUND('',#4758,.F.);
#4758 = EDGE_LOOP('',(#4759,#4760,#4761,#4767));
#4759 = ORIENTED_EDGE('',*,*,#4728,.T.);
#4760 = ORIENTED_EDGE('',*,*,#4018,.T.);
#4761 = ORIENTED_EDGE('',*,*,#4762,.F.);
#4762 = EDGE_CURVE('',#3526,#4019,#4763,.T.);
#4763 = LINE('',#4764,#4765);
#4764 = CARTESIAN_POINT('',(-1.016,-8.89,0.));
#4765 = VECTOR('',#4766,1.);
#4766 = DIRECTION('',(0.,0.,1.));
#4767 = ORIENTED_EDGE('',*,*,#3525,.F.);
#4768 = PLANE('',#4769);
#4769 = AXIS2_PLACEMENT_3D('',#4770,#4771,#4772);
#4770 = CARTESIAN_POINT('',(-1.27,-8.636,0.));
#4771 = DIRECTION('',(0.707106781187,0.707106781187,0.));
#4772 = DIRECTION('',(0.707106781187,-0.707106781187,0.));
#4773 = ADVANCED_FACE('',(#4774),#4785,.F.);
#4774 = FACE_BOUND('',#4775,.F.);
#4775 = EDGE_LOOP('',(#4776,#4782,#4783,#4784));
#4776 = ORIENTED_EDGE('',*,*,#4777,.T.);
#4777 = EDGE_CURVE('',#3638,#4131,#4778,.T.);
#4778 = LINE('',#4779,#4780);
#4779 = CARTESIAN_POINT('',(1.27,-8.636,0.));
#4780 = VECTOR('',#4781,1.);
#4781 = DIRECTION('',(0.,0.,1.));
#4782 = ORIENTED_EDGE('',*,*,#4138,.T.);
#4783 = ORIENTED_EDGE('',*,*,#4743,.F.);
#4784 = ORIENTED_EDGE('',*,*,#3645,.F.);
#4785 = PLANE('',#4786);
#4786 = AXIS2_PLACEMENT_3D('',#4787,#4788,#4789);
#4787 = CARTESIAN_POINT('',(1.27,-8.636,0.));
#4788 = DIRECTION('',(-1.,0.,0.));
#4789 = DIRECTION('',(0.,1.,0.));
#4790 = ADVANCED_FACE('',(#4791),#4802,.F.);
#4791 = FACE_BOUND('',#4792,.F.);
#4792 = EDGE_LOOP('',(#4793,#4794,#4795,#4801));
#4793 = ORIENTED_EDGE('',*,*,#4762,.T.);
#4794 = ORIENTED_EDGE('',*,*,#4026,.T.);
#4795 = ORIENTED_EDGE('',*,*,#4796,.F.);
#4796 = EDGE_CURVE('',#3534,#4027,#4797,.T.);
#4797 = LINE('',#4798,#4799);
#4798 = CARTESIAN_POINT('',(-1.27,-9.144,0.));
#4799 = VECTOR('',#4800,1.);
#4800 = DIRECTION('',(0.,0.,1.));
#4801 = ORIENTED_EDGE('',*,*,#3533,.F.);
#4802 = PLANE('',#4803);
#4803 = AXIS2_PLACEMENT_3D('',#4804,#4805,#4806);
#4804 = CARTESIAN_POINT('',(-1.016,-8.89,0.));
#4805 = DIRECTION('',(0.707106781187,-0.707106781187,0.));
#4806 = DIRECTION('',(-0.707106781187,-0.707106781187,0.));
#4807 = ADVANCED_FACE('',(#4808),#4819,.F.);
#4808 = FACE_BOUND('',#4809,.F.);
#4809 = EDGE_LOOP('',(#4810,#4816,#4817,#4818));
#4810 = ORIENTED_EDGE('',*,*,#4811,.T.);
#4811 = EDGE_CURVE('',#3630,#4123,#4812,.T.);
#4812 = LINE('',#4813,#4814);
#4813 = CARTESIAN_POINT('',(1.016,-8.89,0.));
#4814 = VECTOR('',#4815,1.);
#4815 = DIRECTION('',(0.,0.,1.));
#4816 = ORIENTED_EDGE('',*,*,#4130,.T.);
#4817 = ORIENTED_EDGE('',*,*,#4777,.F.);
#4818 = ORIENTED_EDGE('',*,*,#3637,.F.);
#4819 = PLANE('',#4820);
#4820 = AXIS2_PLACEMENT_3D('',#4821,#4822,#4823);
#4821 = CARTESIAN_POINT('',(1.016,-8.89,0.));
#4822 = DIRECTION('',(-0.707106781187,0.707106781187,0.));
#4823 = DIRECTION('',(0.707106781187,0.707106781187,0.));
#4824 = ADVANCED_FACE('',(#4825),#4836,.F.);
#4825 = FACE_BOUND('',#4826,.F.);
#4826 = EDGE_LOOP('',(#4827,#4828,#4829,#4835));
#4827 = ORIENTED_EDGE('',*,*,#4796,.T.);
#4828 = ORIENTED_EDGE('',*,*,#4034,.T.);
#4829 = ORIENTED_EDGE('',*,*,#4830,.F.);
#4830 = EDGE_CURVE('',#3542,#4035,#4831,.T.);
#4831 = LINE('',#4832,#4833);
#4832 = CARTESIAN_POINT('',(-1.27,-11.176,0.));
#4833 = VECTOR('',#4834,1.);
#4834 = DIRECTION('',(0.,0.,1.));
#4835 = ORIENTED_EDGE('',*,*,#3541,.F.);
#4836 = PLANE('',#4837);
#4837 = AXIS2_PLACEMENT_3D('',#4838,#4839,#4840);
#4838 = CARTESIAN_POINT('',(-1.27,-9.144,0.));
#4839 = DIRECTION('',(1.,0.,0.));
#4840 = DIRECTION('',(0.,-1.,0.));
#4841 = ADVANCED_FACE('',(#4842),#4853,.F.);
#4842 = FACE_BOUND('',#4843,.F.);
#4843 = EDGE_LOOP('',(#4844,#4850,#4851,#4852));
#4844 = ORIENTED_EDGE('',*,*,#4845,.T.);
#4845 = EDGE_CURVE('',#3622,#4115,#4846,.T.);
#4846 = LINE('',#4847,#4848);
#4847 = CARTESIAN_POINT('',(1.27,-9.144,0.));
#4848 = VECTOR('',#4849,1.);
#4849 = DIRECTION('',(0.,0.,1.));
#4850 = ORIENTED_EDGE('',*,*,#4122,.T.);
#4851 = ORIENTED_EDGE('',*,*,#4811,.F.);
#4852 = ORIENTED_EDGE('',*,*,#3629,.F.);
#4853 = PLANE('',#4854);
#4854 = AXIS2_PLACEMENT_3D('',#4855,#4856,#4857);
#4855 = CARTESIAN_POINT('',(1.27,-9.144,0.));
#4856 = DIRECTION('',(-0.707106781187,-0.707106781187,0.));
#4857 = DIRECTION('',(-0.707106781187,0.707106781187,0.));
#4858 = ADVANCED_FACE('',(#4859),#4870,.F.);
#4859 = FACE_BOUND('',#4860,.F.);
#4860 = EDGE_LOOP('',(#4861,#4862,#4863,#4869));
#4861 = ORIENTED_EDGE('',*,*,#4830,.T.);
#4862 = ORIENTED_EDGE('',*,*,#4042,.T.);
#4863 = ORIENTED_EDGE('',*,*,#4864,.F.);
#4864 = EDGE_CURVE('',#3550,#4043,#4865,.T.);
#4865 = LINE('',#4866,#4867);
#4866 = CARTESIAN_POINT('',(-1.016,-11.43,0.));
#4867 = VECTOR('',#4868,1.);
#4868 = DIRECTION('',(0.,0.,1.));
#4869 = ORIENTED_EDGE('',*,*,#3549,.F.);
#4870 = PLANE('',#4871);
#4871 = AXIS2_PLACEMENT_3D('',#4872,#4873,#4874);
#4872 = CARTESIAN_POINT('',(-1.27,-11.176,0.));
#4873 = DIRECTION('',(0.707106781187,0.707106781187,0.));
#4874 = DIRECTION('',(0.707106781187,-0.707106781187,0.));
#4875 = ADVANCED_FACE('',(#4876),#4887,.F.);
#4876 = FACE_BOUND('',#4877,.F.);
#4877 = EDGE_LOOP('',(#4878,#4884,#4885,#4886));
#4878 = ORIENTED_EDGE('',*,*,#4879,.T.);
#4879 = EDGE_CURVE('',#3614,#4107,#4880,.T.);
#4880 = LINE('',#4881,#4882);
#4881 = CARTESIAN_POINT('',(1.27,-11.176,0.));
#4882 = VECTOR('',#4883,1.);
#4883 = DIRECTION('',(0.,0.,1.));
#4884 = ORIENTED_EDGE('',*,*,#4114,.T.);
#4885 = ORIENTED_EDGE('',*,*,#4845,.F.);
#4886 = ORIENTED_EDGE('',*,*,#3621,.F.);
#4887 = PLANE('',#4888);
#4888 = AXIS2_PLACEMENT_3D('',#4889,#4890,#4891);
#4889 = CARTESIAN_POINT('',(1.27,-11.176,0.));
#4890 = DIRECTION('',(-1.,0.,0.));
#4891 = DIRECTION('',(0.,1.,0.));
#4892 = ADVANCED_FACE('',(#4893),#4904,.F.);
#4893 = FACE_BOUND('',#4894,.F.);
#4894 = EDGE_LOOP('',(#4895,#4896,#4897,#4903));
#4895 = ORIENTED_EDGE('',*,*,#4864,.T.);
#4896 = ORIENTED_EDGE('',*,*,#4050,.T.);
#4897 = ORIENTED_EDGE('',*,*,#4898,.F.);
#4898 = EDGE_CURVE('',#3558,#4051,#4899,.T.);
#4899 = LINE('',#4900,#4901);
#4900 = CARTESIAN_POINT('',(-1.27,-11.684,0.));
#4901 = VECTOR('',#4902,1.);
#4902 = DIRECTION('',(0.,0.,1.));
#4903 = ORIENTED_EDGE('',*,*,#3557,.F.);
#4904 = PLANE('',#4905);
#4905 = AXIS2_PLACEMENT_3D('',#4906,#4907,#4908);
#4906 = CARTESIAN_POINT('',(-1.016,-11.43,0.));
#4907 = DIRECTION('',(0.707106781187,-0.707106781187,0.));
#4908 = DIRECTION('',(-0.707106781187,-0.707106781187,0.));
#4909 = ADVANCED_FACE('',(#4910),#4921,.F.);
#4910 = FACE_BOUND('',#4911,.F.);
#4911 = EDGE_LOOP('',(#4912,#4918,#4919,#4920));
#4912 = ORIENTED_EDGE('',*,*,#4913,.T.);
#4913 = EDGE_CURVE('',#3606,#4099,#4914,.T.);
#4914 = LINE('',#4915,#4916);
#4915 = CARTESIAN_POINT('',(1.016,-11.43,0.));
#4916 = VECTOR('',#4917,1.);
#4917 = DIRECTION('',(0.,0.,1.));
#4918 = ORIENTED_EDGE('',*,*,#4106,.T.);
#4919 = ORIENTED_EDGE('',*,*,#4879,.F.);
#4920 = ORIENTED_EDGE('',*,*,#3613,.F.);
#4921 = PLANE('',#4922);
#4922 = AXIS2_PLACEMENT_3D('',#4923,#4924,#4925);
#4923 = CARTESIAN_POINT('',(1.016,-11.43,0.));
#4924 = DIRECTION('',(-0.707106781187,0.707106781187,0.));
#4925 = DIRECTION('',(0.707106781187,0.707106781187,0.));
#4926 = ADVANCED_FACE('',(#4927),#4938,.F.);
#4927 = FACE_BOUND('',#4928,.F.);
#4928 = EDGE_LOOP('',(#4929,#4930,#4931,#4937));
#4929 = ORIENTED_EDGE('',*,*,#4898,.T.);
#4930 = ORIENTED_EDGE('',*,*,#4058,.T.);
#4931 = ORIENTED_EDGE('',*,*,#4932,.F.);
#4932 = EDGE_CURVE('',#3566,#4059,#4933,.T.);
#4933 = LINE('',#4934,#4935);
#4934 = CARTESIAN_POINT('',(-1.27,-13.716,0.));
#4935 = VECTOR('',#4936,1.);
#4936 = DIRECTION('',(0.,0.,1.));
#4937 = ORIENTED_EDGE('',*,*,#3565,.F.);
#4938 = PLANE('',#4939);
#4939 = AXIS2_PLACEMENT_3D('',#4940,#4941,#4942);
#4940 = CARTESIAN_POINT('',(-1.27,-11.684,0.));
#4941 = DIRECTION('',(1.,0.,0.));
#4942 = DIRECTION('',(0.,-1.,0.));
#4943 = ADVANCED_FACE('',(#4944),#4955,.F.);
#4944 = FACE_BOUND('',#4945,.F.);
#4945 = EDGE_LOOP('',(#4946,#4952,#4953,#4954));
#4946 = ORIENTED_EDGE('',*,*,#4947,.T.);
#4947 = EDGE_CURVE('',#3598,#4091,#4948,.T.);
#4948 = LINE('',#4949,#4950);
#4949 = CARTESIAN_POINT('',(1.27,-11.684,0.));
#4950 = VECTOR('',#4951,1.);
#4951 = DIRECTION('',(0.,0.,1.));
#4952 = ORIENTED_EDGE('',*,*,#4098,.T.);
#4953 = ORIENTED_EDGE('',*,*,#4913,.F.);
#4954 = ORIENTED_EDGE('',*,*,#3605,.F.);
#4955 = PLANE('',#4956);
#4956 = AXIS2_PLACEMENT_3D('',#4957,#4958,#4959);
#4957 = CARTESIAN_POINT('',(1.27,-11.684,0.));
#4958 = DIRECTION('',(-0.707106781187,-0.707106781187,0.));
#4959 = DIRECTION('',(-0.707106781187,0.707106781187,0.));
#4960 = ADVANCED_FACE('',(#4961),#4972,.F.);
#4961 = FACE_BOUND('',#4962,.F.);
#4962 = EDGE_LOOP('',(#4963,#4964,#4965,#4971));
#4963 = ORIENTED_EDGE('',*,*,#4932,.T.);
#4964 = ORIENTED_EDGE('',*,*,#4066,.T.);
#4965 = ORIENTED_EDGE('',*,*,#4966,.F.);
#4966 = EDGE_CURVE('',#3574,#4067,#4967,.T.);
#4967 = LINE('',#4968,#4969);
#4968 = CARTESIAN_POINT('',(-1.016,-13.97,0.));
#4969 = VECTOR('',#4970,1.);
#4970 = DIRECTION('',(0.,0.,1.));
#4971 = ORIENTED_EDGE('',*,*,#3573,.F.);
#4972 = PLANE('',#4973);
#4973 = AXIS2_PLACEMENT_3D('',#4974,#4975,#4976);
#4974 = CARTESIAN_POINT('',(-1.27,-13.716,0.));
#4975 = DIRECTION('',(0.707106781187,0.707106781187,0.));
#4976 = DIRECTION('',(0.707106781187,-0.707106781187,0.));
#4977 = ADVANCED_FACE('',(#4978),#4989,.F.);
#4978 = FACE_BOUND('',#4979,.F.);
#4979 = EDGE_LOOP('',(#4980,#4986,#4987,#4988));
#4980 = ORIENTED_EDGE('',*,*,#4981,.T.);
#4981 = EDGE_CURVE('',#3590,#4083,#4982,.T.);
#4982 = LINE('',#4983,#4984);
#4983 = CARTESIAN_POINT('',(1.27,-13.716,0.));
#4984 = VECTOR('',#4985,1.);
#4985 = DIRECTION('',(0.,0.,1.));
#4986 = ORIENTED_EDGE('',*,*,#4090,.T.);
#4987 = ORIENTED_EDGE('',*,*,#4947,.F.);
#4988 = ORIENTED_EDGE('',*,*,#3597,.F.);
#4989 = PLANE('',#4990);
#4990 = AXIS2_PLACEMENT_3D('',#4991,#4992,#4993);
#4991 = CARTESIAN_POINT('',(1.27,-13.716,0.));
#4992 = DIRECTION('',(-1.,0.,0.));
#4993 = DIRECTION('',(0.,1.,0.));
#4994 = ADVANCED_FACE('',(#4995),#5006,.F.);
#4995 = FACE_BOUND('',#4996,.F.);
#4996 = EDGE_LOOP('',(#4997,#4998,#4999,#5005));
#4997 = ORIENTED_EDGE('',*,*,#4966,.T.);
#4998 = ORIENTED_EDGE('',*,*,#4074,.T.);
#4999 = ORIENTED_EDGE('',*,*,#5000,.F.);
#5000 = EDGE_CURVE('',#3582,#4075,#5001,.T.);
#5001 = LINE('',#5002,#5003);
#5002 = CARTESIAN_POINT('',(1.016,-13.97,0.));
#5003 = VECTOR('',#5004,1.);
#5004 = DIRECTION('',(0.,0.,1.));
#5005 = ORIENTED_EDGE('',*,*,#3581,.F.);
#5006 = PLANE('',#5007);
#5007 = AXIS2_PLACEMENT_3D('',#5008,#5009,#5010);
#5008 = CARTESIAN_POINT('',(-1.016,-13.97,0.));
#5009 = DIRECTION('',(0.,1.,0.));
#5010 = DIRECTION('',(1.,0.,0.));
#5011 = ADVANCED_FACE('',(#5012),#5018,.F.);
#5012 = FACE_BOUND('',#5013,.F.);
#5013 = EDGE_LOOP('',(#5014,#5015,#5016,#5017));
#5014 = ORIENTED_EDGE('',*,*,#5000,.T.);
#5015 = ORIENTED_EDGE('',*,*,#4082,.T.);
#5016 = ORIENTED_EDGE('',*,*,#4981,.F.);
#5017 = ORIENTED_EDGE('',*,*,#3589,.F.);
#5018 = PLANE('',#5019);
#5019 = AXIS2_PLACEMENT_3D('',#5020,#5021,#5022);
#5020 = CARTESIAN_POINT('',(1.016,-13.97,0.));
#5021 = DIRECTION('',(-0.707106781187,0.707106781187,0.));
#5022 = DIRECTION('',(0.707106781187,0.707106781187,0.));
#5023 = ADVANCED_FACE('',(#5024),#5049,.T.);
#5024 = FACE_BOUND('',#5025,.T.);
#5025 = EDGE_LOOP('',(#5026,#5034,#5042,#5048));
#5026 = ORIENTED_EDGE('',*,*,#5027,.F.);
#5027 = EDGE_CURVE('',#5028,#3735,#5030,.T.);
#5028 = VERTEX_POINT('',#5029);
#5029 = CARTESIAN_POINT('',(0.32,-0.32,-2.84));
#5030 = LINE('',#5031,#5032);
#5031 = CARTESIAN_POINT('',(0.32,-0.32,-3.));
#5032 = VECTOR('',#5033,1.);
#5033 = DIRECTION('',(0.,0.,1.));
#5034 = ORIENTED_EDGE('',*,*,#5035,.T.);
#5035 = EDGE_CURVE('',#5028,#5036,#5038,.T.);
#5036 = VERTEX_POINT('',#5037);
#5037 = CARTESIAN_POINT('',(0.32,0.32,-2.84));
#5038 = LINE('',#5039,#5040);
#5039 = CARTESIAN_POINT('',(0.32,-0.32,-2.84));
#5040 = VECTOR('',#5041,1.);
#5041 = DIRECTION('',(0.,1.,0.));
#5042 = ORIENTED_EDGE('',*,*,#5043,.T.);
#5043 = EDGE_CURVE('',#5036,#3737,#5044,.T.);
#5044 = LINE('',#5045,#5046);
#5045 = CARTESIAN_POINT('',(0.32,0.32,-3.));
#5046 = VECTOR('',#5047,1.);
#5047 = DIRECTION('',(0.,0.,1.));
#5048 = ORIENTED_EDGE('',*,*,#3734,.F.);
#5049 = PLANE('',#5050);
#5050 = AXIS2_PLACEMENT_3D('',#5051,#5052,#5053);
#5051 = CARTESIAN_POINT('',(0.32,-0.32,-3.));
#5052 = DIRECTION('',(1.,0.,0.));
#5053 = DIRECTION('',(0.,0.,1.));
#5054 = ADVANCED_FACE('',(#5055),#5073,.T.);
#5055 = FACE_BOUND('',#5056,.T.);
#5056 = EDGE_LOOP('',(#5057,#5058,#5066,#5072));
#5057 = ORIENTED_EDGE('',*,*,#5043,.F.);
#5058 = ORIENTED_EDGE('',*,*,#5059,.F.);
#5059 = EDGE_CURVE('',#5060,#5036,#5062,.T.);
#5060 = VERTEX_POINT('',#5061);
#5061 = CARTESIAN_POINT('',(-0.32,0.32,-2.84));
#5062 = LINE('',#5063,#5064);
#5063 = CARTESIAN_POINT('',(-0.32,0.32,-2.84));
#5064 = VECTOR('',#5065,1.);
#5065 = DIRECTION('',(1.,0.,0.));
#5066 = ORIENTED_EDGE('',*,*,#5067,.T.);
#5067 = EDGE_CURVE('',#5060,#3753,#5068,.T.);
#5068 = LINE('',#5069,#5070);
#5069 = CARTESIAN_POINT('',(-0.32,0.32,-3.));
#5070 = VECTOR('',#5071,1.);
#5071 = DIRECTION('',(0.,0.,1.));
#5072 = ORIENTED_EDGE('',*,*,#3760,.F.);
#5073 = PLANE('',#5074);
#5074 = AXIS2_PLACEMENT_3D('',#5075,#5076,#5077);
#5075 = CARTESIAN_POINT('',(-0.32,0.32,-3.));
#5076 = DIRECTION('',(0.,1.,0.));
#5077 = DIRECTION('',(0.,-0.,1.));
#5078 = ADVANCED_FACE('',(#5079),#5097,.F.);
#5079 = FACE_BOUND('',#5080,.F.);
#5080 = EDGE_LOOP('',(#5081,#5089,#5095,#5096));
#5081 = ORIENTED_EDGE('',*,*,#5082,.F.);
#5082 = EDGE_CURVE('',#5083,#3745,#5085,.T.);
#5083 = VERTEX_POINT('',#5084);
#5084 = CARTESIAN_POINT('',(-0.32,-0.32,-2.84));
#5085 = LINE('',#5086,#5087);
#5086 = CARTESIAN_POINT('',(-0.32,-0.32,-3.));
#5087 = VECTOR('',#5088,1.);
#5088 = DIRECTION('',(0.,0.,1.));
#5089 = ORIENTED_EDGE('',*,*,#5090,.T.);
#5090 = EDGE_CURVE('',#5083,#5060,#5091,.T.);
#5091 = LINE('',#5092,#5093);
#5092 = CARTESIAN_POINT('',(-0.32,-0.32,-2.84));
#5093 = VECTOR('',#5094,1.);
#5094 = DIRECTION('',(0.,1.,0.));
#5095 = ORIENTED_EDGE('',*,*,#5067,.T.);
#5096 = ORIENTED_EDGE('',*,*,#3752,.F.);
#5097 = PLANE('',#5098);
#5098 = AXIS2_PLACEMENT_3D('',#5099,#5100,#5101);
#5099 = CARTESIAN_POINT('',(-0.32,-0.32,-3.));
#5100 = DIRECTION('',(1.,0.,0.));
#5101 = DIRECTION('',(0.,0.,1.));
#5102 = ADVANCED_FACE('',(#5103),#5114,.F.);
#5103 = FACE_BOUND('',#5104,.F.);
#5104 = EDGE_LOOP('',(#5105,#5106,#5112,#5113));
#5105 = ORIENTED_EDGE('',*,*,#5027,.F.);
#5106 = ORIENTED_EDGE('',*,*,#5107,.F.);
#5107 = EDGE_CURVE('',#5083,#5028,#5108,.T.);
#5108 = LINE('',#5109,#5110);
#5109 = CARTESIAN_POINT('',(-0.32,-0.32,-2.84));
#5110 = VECTOR('',#5111,1.);
#5111 = DIRECTION('',(1.,0.,0.));
#5112 = ORIENTED_EDGE('',*,*,#5082,.T.);
#5113 = ORIENTED_EDGE('',*,*,#3744,.F.);
#5114 = PLANE('',#5115);
#5115 = AXIS2_PLACEMENT_3D('',#5116,#5117,#5118);
#5116 = CARTESIAN_POINT('',(-0.32,-0.32,-3.));
#5117 = DIRECTION('',(0.,1.,0.));
#5118 = DIRECTION('',(0.,-0.,1.));
#5119 = ADVANCED_FACE('',(#5120),#5145,.T.);
#5120 = FACE_BOUND('',#5121,.T.);
#5121 = EDGE_LOOP('',(#5122,#5130,#5138,#5144));
#5122 = ORIENTED_EDGE('',*,*,#5123,.F.);
#5123 = EDGE_CURVE('',#5124,#3769,#5126,.T.);
#5124 = VERTEX_POINT('',#5125);
#5125 = CARTESIAN_POINT('',(0.32,-5.4,-2.84));
#5126 = LINE('',#5127,#5128);
#5127 = CARTESIAN_POINT('',(0.32,-5.4,-3.));
#5128 = VECTOR('',#5129,1.);
#5129 = DIRECTION('',(0.,0.,1.));
#5130 = ORIENTED_EDGE('',*,*,#5131,.T.);
#5131 = EDGE_CURVE('',#5124,#5132,#5134,.T.);
#5132 = VERTEX_POINT('',#5133);
#5133 = CARTESIAN_POINT('',(0.32,-4.76,-2.84));
#5134 = LINE('',#5135,#5136);
#5135 = CARTESIAN_POINT('',(0.32,-5.4,-2.84));
#5136 = VECTOR('',#5137,1.);
#5137 = DIRECTION('',(0.,1.,0.));
#5138 = ORIENTED_EDGE('',*,*,#5139,.T.);
#5139 = EDGE_CURVE('',#5132,#3771,#5140,.T.);
#5140 = LINE('',#5141,#5142);
#5141 = CARTESIAN_POINT('',(0.32,-4.76,-3.));
#5142 = VECTOR('',#5143,1.);
#5143 = DIRECTION('',(0.,0.,1.));
#5144 = ORIENTED_EDGE('',*,*,#3768,.F.);
#5145 = PLANE('',#5146);
#5146 = AXIS2_PLACEMENT_3D('',#5147,#5148,#5149);
#5147 = CARTESIAN_POINT('',(0.32,-5.4,-3.));
#5148 = DIRECTION('',(1.,0.,0.));
#5149 = DIRECTION('',(0.,0.,1.));
#5150 = ADVANCED_FACE('',(#5151),#5169,.T.);
#5151 = FACE_BOUND('',#5152,.T.);
#5152 = EDGE_LOOP('',(#5153,#5154,#5162,#5168));
#5153 = ORIENTED_EDGE('',*,*,#5139,.F.);
#5154 = ORIENTED_EDGE('',*,*,#5155,.F.);
#5155 = EDGE_CURVE('',#5156,#5132,#5158,.T.);
#5156 = VERTEX_POINT('',#5157);
#5157 = CARTESIAN_POINT('',(-0.32,-4.76,-2.84));
#5158 = LINE('',#5159,#5160);
#5159 = CARTESIAN_POINT('',(-0.32,-4.76,-2.84));
#5160 = VECTOR('',#5161,1.);
#5161 = DIRECTION('',(1.,0.,0.));
#5162 = ORIENTED_EDGE('',*,*,#5163,.T.);
#5163 = EDGE_CURVE('',#5156,#3787,#5164,.T.);
#5164 = LINE('',#5165,#5166);
#5165 = CARTESIAN_POINT('',(-0.32,-4.76,-3.));
#5166 = VECTOR('',#5167,1.);
#5167 = DIRECTION('',(0.,0.,1.));
#5168 = ORIENTED_EDGE('',*,*,#3794,.F.);
#5169 = PLANE('',#5170);
#5170 = AXIS2_PLACEMENT_3D('',#5171,#5172,#5173);
#5171 = CARTESIAN_POINT('',(-0.32,-4.76,-3.));
#5172 = DIRECTION('',(0.,1.,0.));
#5173 = DIRECTION('',(0.,-0.,1.));
#5174 = ADVANCED_FACE('',(#5175),#5193,.F.);
#5175 = FACE_BOUND('',#5176,.F.);
#5176 = EDGE_LOOP('',(#5177,#5185,#5191,#5192));
#5177 = ORIENTED_EDGE('',*,*,#5178,.F.);
#5178 = EDGE_CURVE('',#5179,#3779,#5181,.T.);
#5179 = VERTEX_POINT('',#5180);
#5180 = CARTESIAN_POINT('',(-0.32,-5.4,-2.84));
#5181 = LINE('',#5182,#5183);
#5182 = CARTESIAN_POINT('',(-0.32,-5.4,-3.));
#5183 = VECTOR('',#5184,1.);
#5184 = DIRECTION('',(0.,0.,1.));
#5185 = ORIENTED_EDGE('',*,*,#5186,.T.);
#5186 = EDGE_CURVE('',#5179,#5156,#5187,.T.);
#5187 = LINE('',#5188,#5189);
#5188 = CARTESIAN_POINT('',(-0.32,-5.4,-2.84));
#5189 = VECTOR('',#5190,1.);
#5190 = DIRECTION('',(0.,1.,0.));
#5191 = ORIENTED_EDGE('',*,*,#5163,.T.);
#5192 = ORIENTED_EDGE('',*,*,#3786,.F.);
#5193 = PLANE('',#5194);
#5194 = AXIS2_PLACEMENT_3D('',#5195,#5196,#5197);
#5195 = CARTESIAN_POINT('',(-0.32,-5.4,-3.));
#5196 = DIRECTION('',(1.,0.,0.));
#5197 = DIRECTION('',(0.,0.,1.));
#5198 = ADVANCED_FACE('',(#5199),#5210,.F.);
#5199 = FACE_BOUND('',#5200,.F.);
#5200 = EDGE_LOOP('',(#5201,#5202,#5208,#5209));
#5201 = ORIENTED_EDGE('',*,*,#5123,.F.);
#5202 = ORIENTED_EDGE('',*,*,#5203,.F.);
#5203 = EDGE_CURVE('',#5179,#5124,#5204,.T.);
#5204 = LINE('',#5205,#5206);
#5205 = CARTESIAN_POINT('',(-0.32,-5.4,-2.84));
#5206 = VECTOR('',#5207,1.);
#5207 = DIRECTION('',(1.,0.,0.));
#5208 = ORIENTED_EDGE('',*,*,#5178,.T.);
#5209 = ORIENTED_EDGE('',*,*,#3778,.F.);
#5210 = PLANE('',#5211);
#5211 = AXIS2_PLACEMENT_3D('',#5212,#5213,#5214);
#5212 = CARTESIAN_POINT('',(-0.32,-5.4,-3.));
#5213 = DIRECTION('',(0.,1.,0.));
#5214 = DIRECTION('',(0.,-0.,1.));
#5215 = ADVANCED_FACE('',(#5216),#5241,.T.);
#5216 = FACE_BOUND('',#5217,.T.);
#5217 = EDGE_LOOP('',(#5218,#5226,#5234,#5240));
#5218 = ORIENTED_EDGE('',*,*,#5219,.F.);
#5219 = EDGE_CURVE('',#5220,#3803,#5222,.T.);
#5220 = VERTEX_POINT('',#5221);
#5221 = CARTESIAN_POINT('',(0.32,-2.86,-2.84));
#5222 = LINE('',#5223,#5224);
#5223 = CARTESIAN_POINT('',(0.32,-2.86,-3.));
#5224 = VECTOR('',#5225,1.);
#5225 = DIRECTION('',(0.,0.,1.));
#5226 = ORIENTED_EDGE('',*,*,#5227,.T.);
#5227 = EDGE_CURVE('',#5220,#5228,#5230,.T.);
#5228 = VERTEX_POINT('',#5229);
#5229 = CARTESIAN_POINT('',(0.32,-2.22,-2.84));
#5230 = LINE('',#5231,#5232);
#5231 = CARTESIAN_POINT('',(0.32,-2.86,-2.84));
#5232 = VECTOR('',#5233,1.);
#5233 = DIRECTION('',(0.,1.,0.));
#5234 = ORIENTED_EDGE('',*,*,#5235,.T.);
#5235 = EDGE_CURVE('',#5228,#3805,#5236,.T.);
#5236 = LINE('',#5237,#5238);
#5237 = CARTESIAN_POINT('',(0.32,-2.22,-3.));
#5238 = VECTOR('',#5239,1.);
#5239 = DIRECTION('',(0.,0.,1.));
#5240 = ORIENTED_EDGE('',*,*,#3802,.F.);
#5241 = PLANE('',#5242);
#5242 = AXIS2_PLACEMENT_3D('',#5243,#5244,#5245);
#5243 = CARTESIAN_POINT('',(0.32,-2.86,-3.));
#5244 = DIRECTION('',(1.,0.,0.));
#5245 = DIRECTION('',(0.,0.,1.));
#5246 = ADVANCED_FACE('',(#5247),#5265,.T.);
#5247 = FACE_BOUND('',#5248,.T.);
#5248 = EDGE_LOOP('',(#5249,#5250,#5258,#5264));
#5249 = ORIENTED_EDGE('',*,*,#5235,.F.);
#5250 = ORIENTED_EDGE('',*,*,#5251,.F.);
#5251 = EDGE_CURVE('',#5252,#5228,#5254,.T.);
#5252 = VERTEX_POINT('',#5253);
#5253 = CARTESIAN_POINT('',(-0.32,-2.22,-2.84));
#5254 = LINE('',#5255,#5256);
#5255 = CARTESIAN_POINT('',(-0.32,-2.22,-2.84));
#5256 = VECTOR('',#5257,1.);
#5257 = DIRECTION('',(1.,0.,0.));
#5258 = ORIENTED_EDGE('',*,*,#5259,.T.);
#5259 = EDGE_CURVE('',#5252,#3821,#5260,.T.);
#5260 = LINE('',#5261,#5262);
#5261 = CARTESIAN_POINT('',(-0.32,-2.22,-3.));
#5262 = VECTOR('',#5263,1.);
#5263 = DIRECTION('',(0.,0.,1.));
#5264 = ORIENTED_EDGE('',*,*,#3828,.F.);
#5265 = PLANE('',#5266);
#5266 = AXIS2_PLACEMENT_3D('',#5267,#5268,#5269);
#5267 = CARTESIAN_POINT('',(-0.32,-2.22,-3.));
#5268 = DIRECTION('',(0.,1.,0.));
#5269 = DIRECTION('',(0.,-0.,1.));
#5270 = ADVANCED_FACE('',(#5271),#5289,.F.);
#5271 = FACE_BOUND('',#5272,.F.);
#5272 = EDGE_LOOP('',(#5273,#5281,#5287,#5288));
#5273 = ORIENTED_EDGE('',*,*,#5274,.F.);
#5274 = EDGE_CURVE('',#5275,#3813,#5277,.T.);
#5275 = VERTEX_POINT('',#5276);
#5276 = CARTESIAN_POINT('',(-0.32,-2.86,-2.84));
#5277 = LINE('',#5278,#5279);
#5278 = CARTESIAN_POINT('',(-0.32,-2.86,-3.));
#5279 = VECTOR('',#5280,1.);
#5280 = DIRECTION('',(0.,0.,1.));
#5281 = ORIENTED_EDGE('',*,*,#5282,.T.);
#5282 = EDGE_CURVE('',#5275,#5252,#5283,.T.);
#5283 = LINE('',#5284,#5285);
#5284 = CARTESIAN_POINT('',(-0.32,-2.86,-2.84));
#5285 = VECTOR('',#5286,1.);
#5286 = DIRECTION('',(0.,1.,0.));
#5287 = ORIENTED_EDGE('',*,*,#5259,.T.);
#5288 = ORIENTED_EDGE('',*,*,#3820,.F.);
#5289 = PLANE('',#5290);
#5290 = AXIS2_PLACEMENT_3D('',#5291,#5292,#5293);
#5291 = CARTESIAN_POINT('',(-0.32,-2.86,-3.));
#5292 = DIRECTION('',(1.,0.,0.));
#5293 = DIRECTION('',(0.,0.,1.));
#5294 = ADVANCED_FACE('',(#5295),#5306,.F.);
#5295 = FACE_BOUND('',#5296,.F.);
#5296 = EDGE_LOOP('',(#5297,#5298,#5304,#5305));
#5297 = ORIENTED_EDGE('',*,*,#5219,.F.);
#5298 = ORIENTED_EDGE('',*,*,#5299,.F.);
#5299 = EDGE_CURVE('',#5275,#5220,#5300,.T.);
#5300 = LINE('',#5301,#5302);
#5301 = CARTESIAN_POINT('',(-0.32,-2.86,-2.84));
#5302 = VECTOR('',#5303,1.);
#5303 = DIRECTION('',(1.,0.,0.));
#5304 = ORIENTED_EDGE('',*,*,#5274,.T.);
#5305 = ORIENTED_EDGE('',*,*,#3812,.F.);
#5306 = PLANE('',#5307);
#5307 = AXIS2_PLACEMENT_3D('',#5308,#5309,#5310);
#5308 = CARTESIAN_POINT('',(-0.32,-2.86,-3.));
#5309 = DIRECTION('',(0.,1.,0.));
#5310 = DIRECTION('',(0.,-0.,1.));
#5311 = ADVANCED_FACE('',(#5312),#5337,.F.);
#5312 = FACE_BOUND('',#5313,.F.);
#5313 = EDGE_LOOP('',(#5314,#5322,#5330,#5336));
#5314 = ORIENTED_EDGE('',*,*,#5315,.F.);
#5315 = EDGE_CURVE('',#5316,#3837,#5318,.T.);
#5316 = VERTEX_POINT('',#5317);
#5317 = CARTESIAN_POINT('',(0.32,-13.02,-2.84));
#5318 = LINE('',#5319,#5320);
#5319 = CARTESIAN_POINT('',(0.32,-13.02,-3.));
#5320 = VECTOR('',#5321,1.);
#5321 = DIRECTION('',(0.,0.,1.));
#5322 = ORIENTED_EDGE('',*,*,#5323,.F.);
#5323 = EDGE_CURVE('',#5324,#5316,#5326,.T.);
#5324 = VERTEX_POINT('',#5325);
#5325 = CARTESIAN_POINT('',(-0.32,-13.02,-2.84));
#5326 = LINE('',#5327,#5328);
#5327 = CARTESIAN_POINT('',(-0.32,-13.02,-2.84));
#5328 = VECTOR('',#5329,1.);
#5329 = DIRECTION('',(1.,0.,0.));
#5330 = ORIENTED_EDGE('',*,*,#5331,.T.);
#5331 = EDGE_CURVE('',#5324,#3839,#5332,.T.);
#5332 = LINE('',#5333,#5334);
#5333 = CARTESIAN_POINT('',(-0.32,-13.02,-3.));
#5334 = VECTOR('',#5335,1.);
#5335 = DIRECTION('',(0.,0.,1.));
#5336 = ORIENTED_EDGE('',*,*,#3836,.F.);
#5337 = PLANE('',#5338);
#5338 = AXIS2_PLACEMENT_3D('',#5339,#5340,#5341);
#5339 = CARTESIAN_POINT('',(-0.32,-13.02,-3.));
#5340 = DIRECTION('',(0.,1.,0.));
#5341 = DIRECTION('',(0.,-0.,1.));
#5342 = ADVANCED_FACE('',(#5343),#5361,.T.);
#5343 = FACE_BOUND('',#5344,.T.);
#5344 = EDGE_LOOP('',(#5345,#5346,#5354,#5360));
#5345 = ORIENTED_EDGE('',*,*,#5315,.F.);
#5346 = ORIENTED_EDGE('',*,*,#5347,.T.);
#5347 = EDGE_CURVE('',#5316,#5348,#5350,.T.);
#5348 = VERTEX_POINT('',#5349);
#5349 = CARTESIAN_POINT('',(0.32,-12.38,-2.84));
#5350 = LINE('',#5351,#5352);
#5351 = CARTESIAN_POINT('',(0.32,-13.02,-2.84));
#5352 = VECTOR('',#5353,1.);
#5353 = DIRECTION('',(0.,1.,0.));
#5354 = ORIENTED_EDGE('',*,*,#5355,.T.);
#5355 = EDGE_CURVE('',#5348,#3855,#5356,.T.);
#5356 = LINE('',#5357,#5358);
#5357 = CARTESIAN_POINT('',(0.32,-12.38,-3.));
#5358 = VECTOR('',#5359,1.);
#5359 = DIRECTION('',(0.,0.,1.));
#5360 = ORIENTED_EDGE('',*,*,#3862,.F.);
#5361 = PLANE('',#5362);
#5362 = AXIS2_PLACEMENT_3D('',#5363,#5364,#5365);
#5363 = CARTESIAN_POINT('',(0.32,-13.02,-3.));
#5364 = DIRECTION('',(1.,0.,0.));
#5365 = DIRECTION('',(0.,0.,1.));
#5366 = ADVANCED_FACE('',(#5367),#5385,.T.);
#5367 = FACE_BOUND('',#5368,.T.);
#5368 = EDGE_LOOP('',(#5369,#5370,#5378,#5384));
#5369 = ORIENTED_EDGE('',*,*,#5355,.F.);
#5370 = ORIENTED_EDGE('',*,*,#5371,.F.);
#5371 = EDGE_CURVE('',#5372,#5348,#5374,.T.);
#5372 = VERTEX_POINT('',#5373);
#5373 = CARTESIAN_POINT('',(-0.32,-12.38,-2.84));
#5374 = LINE('',#5375,#5376);
#5375 = CARTESIAN_POINT('',(-0.32,-12.38,-2.84));
#5376 = VECTOR('',#5377,1.);
#5377 = DIRECTION('',(1.,0.,0.));
#5378 = ORIENTED_EDGE('',*,*,#5379,.T.);
#5379 = EDGE_CURVE('',#5372,#3847,#5380,.T.);
#5380 = LINE('',#5381,#5382);
#5381 = CARTESIAN_POINT('',(-0.32,-12.38,-3.));
#5382 = VECTOR('',#5383,1.);
#5383 = DIRECTION('',(0.,0.,1.));
#5384 = ORIENTED_EDGE('',*,*,#3854,.F.);
#5385 = PLANE('',#5386);
#5386 = AXIS2_PLACEMENT_3D('',#5387,#5388,#5389);
#5387 = CARTESIAN_POINT('',(-0.32,-12.38,-3.));
#5388 = DIRECTION('',(0.,1.,0.));
#5389 = DIRECTION('',(0.,-0.,1.));
#5390 = ADVANCED_FACE('',(#5391),#5402,.F.);
#5391 = FACE_BOUND('',#5392,.F.);
#5392 = EDGE_LOOP('',(#5393,#5394,#5400,#5401));
#5393 = ORIENTED_EDGE('',*,*,#5331,.F.);
#5394 = ORIENTED_EDGE('',*,*,#5395,.T.);
#5395 = EDGE_CURVE('',#5324,#5372,#5396,.T.);
#5396 = LINE('',#5397,#5398);
#5397 = CARTESIAN_POINT('',(-0.32,-13.02,-2.84));
#5398 = VECTOR('',#5399,1.);
#5399 = DIRECTION('',(0.,1.,0.));
#5400 = ORIENTED_EDGE('',*,*,#5379,.T.);
#5401 = ORIENTED_EDGE('',*,*,#3846,.F.);
#5402 = PLANE('',#5403);
#5403 = AXIS2_PLACEMENT_3D('',#5404,#5405,#5406);
#5404 = CARTESIAN_POINT('',(-0.32,-13.02,-3.));
#5405 = DIRECTION('',(1.,0.,0.));
#5406 = DIRECTION('',(0.,0.,1.));
#5407 = ADVANCED_FACE('',(#5408),#5433,.T.);
#5408 = FACE_BOUND('',#5409,.T.);
#5409 = EDGE_LOOP('',(#5410,#5418,#5426,#5432));
#5410 = ORIENTED_EDGE('',*,*,#5411,.F.);
#5411 = EDGE_CURVE('',#5412,#3871,#5414,.T.);
#5412 = VERTEX_POINT('',#5413);
#5413 = CARTESIAN_POINT('',(0.32,-9.84,-2.84));
#5414 = LINE('',#5415,#5416);
#5415 = CARTESIAN_POINT('',(0.32,-9.84,-3.));
#5416 = VECTOR('',#5417,1.);
#5417 = DIRECTION('',(0.,0.,1.));
#5418 = ORIENTED_EDGE('',*,*,#5419,.F.);
#5419 = EDGE_CURVE('',#5420,#5412,#5422,.T.);
#5420 = VERTEX_POINT('',#5421);
#5421 = CARTESIAN_POINT('',(-0.32,-9.84,-2.84));
#5422 = LINE('',#5423,#5424);
#5423 = CARTESIAN_POINT('',(-0.32,-9.84,-2.84));
#5424 = VECTOR('',#5425,1.);
#5425 = DIRECTION('',(1.,0.,0.));
#5426 = ORIENTED_EDGE('',*,*,#5427,.T.);
#5427 = EDGE_CURVE('',#5420,#3873,#5428,.T.);
#5428 = LINE('',#5429,#5430);
#5429 = CARTESIAN_POINT('',(-0.32,-9.84,-3.));
#5430 = VECTOR('',#5431,1.);
#5431 = DIRECTION('',(0.,0.,1.));
#5432 = ORIENTED_EDGE('',*,*,#3870,.F.);
#5433 = PLANE('',#5434);
#5434 = AXIS2_PLACEMENT_3D('',#5435,#5436,#5437);
#5435 = CARTESIAN_POINT('',(-0.32,-9.84,-3.));
#5436 = DIRECTION('',(0.,1.,0.));
#5437 = DIRECTION('',(0.,-0.,1.));
#5438 = ADVANCED_FACE('',(#5439),#5457,.F.);
#5439 = FACE_BOUND('',#5440,.F.);
#5440 = EDGE_LOOP('',(#5441,#5449,#5455,#5456));
#5441 = ORIENTED_EDGE('',*,*,#5442,.F.);
#5442 = EDGE_CURVE('',#5443,#3889,#5445,.T.);
#5443 = VERTEX_POINT('',#5444);
#5444 = CARTESIAN_POINT('',(-0.32,-10.48,-2.84));
#5445 = LINE('',#5446,#5447);
#5446 = CARTESIAN_POINT('',(-0.32,-10.48,-3.));
#5447 = VECTOR('',#5448,1.);
#5448 = DIRECTION('',(0.,0.,1.));
#5449 = ORIENTED_EDGE('',*,*,#5450,.T.);
#5450 = EDGE_CURVE('',#5443,#5420,#5451,.T.);
#5451 = LINE('',#5452,#5453);
#5452 = CARTESIAN_POINT('',(-0.32,-10.48,-2.84));
#5453 = VECTOR('',#5454,1.);
#5454 = DIRECTION('',(0.,1.,0.));
#5455 = ORIENTED_EDGE('',*,*,#5427,.T.);
#5456 = ORIENTED_EDGE('',*,*,#3896,.F.);
#5457 = PLANE('',#5458);
#5458 = AXIS2_PLACEMENT_3D('',#5459,#5460,#5461);
#5459 = CARTESIAN_POINT('',(-0.32,-10.48,-3.));
#5460 = DIRECTION('',(1.,0.,0.));
#5461 = DIRECTION('',(0.,0.,1.));
#5462 = ADVANCED_FACE('',(#5463),#5481,.F.);
#5463 = FACE_BOUND('',#5464,.F.);
#5464 = EDGE_LOOP('',(#5465,#5473,#5479,#5480));
#5465 = ORIENTED_EDGE('',*,*,#5466,.F.);
#5466 = EDGE_CURVE('',#5467,#3881,#5469,.T.);
#5467 = VERTEX_POINT('',#5468);
#5468 = CARTESIAN_POINT('',(0.32,-10.48,-2.84));
#5469 = LINE('',#5470,#5471);
#5470 = CARTESIAN_POINT('',(0.32,-10.48,-3.));
#5471 = VECTOR('',#5472,1.);
#5472 = DIRECTION('',(0.,0.,1.));
#5473 = ORIENTED_EDGE('',*,*,#5474,.F.);
#5474 = EDGE_CURVE('',#5443,#5467,#5475,.T.);
#5475 = LINE('',#5476,#5477);
#5476 = CARTESIAN_POINT('',(-0.32,-10.48,-2.84));
#5477 = VECTOR('',#5478,1.);
#5478 = DIRECTION('',(1.,0.,0.));
#5479 = ORIENTED_EDGE('',*,*,#5442,.T.);
#5480 = ORIENTED_EDGE('',*,*,#3888,.F.);
#5481 = PLANE('',#5482);
#5482 = AXIS2_PLACEMENT_3D('',#5483,#5484,#5485);
#5483 = CARTESIAN_POINT('',(-0.32,-10.48,-3.));
#5484 = DIRECTION('',(0.,1.,0.));
#5485 = DIRECTION('',(0.,-0.,1.));
#5486 = ADVANCED_FACE('',(#5487),#5498,.T.);
#5487 = FACE_BOUND('',#5488,.T.);
#5488 = EDGE_LOOP('',(#5489,#5490,#5496,#5497));
#5489 = ORIENTED_EDGE('',*,*,#5466,.F.);
#5490 = ORIENTED_EDGE('',*,*,#5491,.T.);
#5491 = EDGE_CURVE('',#5467,#5412,#5492,.T.);
#5492 = LINE('',#5493,#5494);
#5493 = CARTESIAN_POINT('',(0.32,-10.48,-2.84));
#5494 = VECTOR('',#5495,1.);
#5495 = DIRECTION('',(0.,1.,0.));
#5496 = ORIENTED_EDGE('',*,*,#5411,.T.);
#5497 = ORIENTED_EDGE('',*,*,#3880,.F.);
#5498 = PLANE('',#5499);
#5499 = AXIS2_PLACEMENT_3D('',#5500,#5501,#5502);
#5500 = CARTESIAN_POINT('',(0.32,-10.48,-3.));
#5501 = DIRECTION('',(1.,0.,0.));
#5502 = DIRECTION('',(0.,0.,1.));
#5503 = ADVANCED_FACE('',(#5504),#5529,.F.);
#5504 = FACE_BOUND('',#5505,.F.);
#5505 = EDGE_LOOP('',(#5506,#5514,#5522,#5528));
#5506 = ORIENTED_EDGE('',*,*,#5507,.F.);
#5507 = EDGE_CURVE('',#5508,#3905,#5510,.T.);
#5508 = VERTEX_POINT('',#5509);
#5509 = CARTESIAN_POINT('',(0.32,-7.94,-2.84));
#5510 = LINE('',#5511,#5512);
#5511 = CARTESIAN_POINT('',(0.32,-7.94,-3.));
#5512 = VECTOR('',#5513,1.);
#5513 = DIRECTION('',(0.,0.,1.));
#5514 = ORIENTED_EDGE('',*,*,#5515,.F.);
#5515 = EDGE_CURVE('',#5516,#5508,#5518,.T.);
#5516 = VERTEX_POINT('',#5517);
#5517 = CARTESIAN_POINT('',(-0.32,-7.94,-2.84));
#5518 = LINE('',#5519,#5520);
#5519 = CARTESIAN_POINT('',(-0.32,-7.94,-2.84));
#5520 = VECTOR('',#5521,1.);
#5521 = DIRECTION('',(1.,0.,0.));
#5522 = ORIENTED_EDGE('',*,*,#5523,.T.);
#5523 = EDGE_CURVE('',#5516,#3907,#5524,.T.);
#5524 = LINE('',#5525,#5526);
#5525 = CARTESIAN_POINT('',(-0.32,-7.94,-3.));
#5526 = VECTOR('',#5527,1.);
#5527 = DIRECTION('',(0.,0.,1.));
#5528 = ORIENTED_EDGE('',*,*,#3904,.F.);
#5529 = PLANE('',#5530);
#5530 = AXIS2_PLACEMENT_3D('',#5531,#5532,#5533);
#5531 = CARTESIAN_POINT('',(-0.32,-7.94,-3.));
#5532 = DIRECTION('',(0.,1.,0.));
#5533 = DIRECTION('',(0.,-0.,1.));
#5534 = ADVANCED_FACE('',(#5535),#5553,.T.);
#5535 = FACE_BOUND('',#5536,.T.);
#5536 = EDGE_LOOP('',(#5537,#5538,#5546,#5552));
#5537 = ORIENTED_EDGE('',*,*,#5507,.F.);
#5538 = ORIENTED_EDGE('',*,*,#5539,.T.);
#5539 = EDGE_CURVE('',#5508,#5540,#5542,.T.);
#5540 = VERTEX_POINT('',#5541);
#5541 = CARTESIAN_POINT('',(0.32,-7.3,-2.84));
#5542 = LINE('',#5543,#5544);
#5543 = CARTESIAN_POINT('',(0.32,-7.94,-2.84));
#5544 = VECTOR('',#5545,1.);
#5545 = DIRECTION('',(0.,1.,0.));
#5546 = ORIENTED_EDGE('',*,*,#5547,.T.);
#5547 = EDGE_CURVE('',#5540,#3923,#5548,.T.);
#5548 = LINE('',#5549,#5550);
#5549 = CARTESIAN_POINT('',(0.32,-7.3,-3.));
#5550 = VECTOR('',#5551,1.);
#5551 = DIRECTION('',(0.,0.,1.));
#5552 = ORIENTED_EDGE('',*,*,#3930,.F.);
#5553 = PLANE('',#5554);
#5554 = AXIS2_PLACEMENT_3D('',#5555,#5556,#5557);
#5555 = CARTESIAN_POINT('',(0.32,-7.94,-3.));
#5556 = DIRECTION('',(1.,0.,0.));
#5557 = DIRECTION('',(0.,0.,1.));
#5558 = ADVANCED_FACE('',(#5559),#5577,.T.);
#5559 = FACE_BOUND('',#5560,.T.);
#5560 = EDGE_LOOP('',(#5561,#5562,#5570,#5576));
#5561 = ORIENTED_EDGE('',*,*,#5547,.F.);
#5562 = ORIENTED_EDGE('',*,*,#5563,.F.);
#5563 = EDGE_CURVE('',#5564,#5540,#5566,.T.);
#5564 = VERTEX_POINT('',#5565);
#5565 = CARTESIAN_POINT('',(-0.32,-7.3,-2.84));
#5566 = LINE('',#5567,#5568);
#5567 = CARTESIAN_POINT('',(-0.32,-7.3,-2.84));
#5568 = VECTOR('',#5569,1.);
#5569 = DIRECTION('',(1.,0.,0.));
#5570 = ORIENTED_EDGE('',*,*,#5571,.T.);
#5571 = EDGE_CURVE('',#5564,#3915,#5572,.T.);
#5572 = LINE('',#5573,#5574);
#5573 = CARTESIAN_POINT('',(-0.32,-7.3,-3.));
#5574 = VECTOR('',#5575,1.);
#5575 = DIRECTION('',(0.,0.,1.));
#5576 = ORIENTED_EDGE('',*,*,#3922,.F.);
#5577 = PLANE('',#5578);
#5578 = AXIS2_PLACEMENT_3D('',#5579,#5580,#5581);
#5579 = CARTESIAN_POINT('',(-0.32,-7.3,-3.));
#5580 = DIRECTION('',(0.,1.,0.));
#5581 = DIRECTION('',(0.,-0.,1.));
#5582 = ADVANCED_FACE('',(#5583),#5594,.F.);
#5583 = FACE_BOUND('',#5584,.F.);
#5584 = EDGE_LOOP('',(#5585,#5586,#5592,#5593));
#5585 = ORIENTED_EDGE('',*,*,#5523,.F.);
#5586 = ORIENTED_EDGE('',*,*,#5587,.T.);
#5587 = EDGE_CURVE('',#5516,#5564,#5588,.T.);
#5588 = LINE('',#5589,#5590);
#5589 = CARTESIAN_POINT('',(-0.32,-7.94,-2.84));
#5590 = VECTOR('',#5591,1.);
#5591 = DIRECTION('',(0.,1.,0.));
#5592 = ORIENTED_EDGE('',*,*,#5571,.T.);
#5593 = ORIENTED_EDGE('',*,*,#3914,.F.);
#5594 = PLANE('',#5595);
#5595 = AXIS2_PLACEMENT_3D('',#5596,#5597,#5598);
#5596 = CARTESIAN_POINT('',(-0.32,-7.94,-3.));
#5597 = DIRECTION('',(1.,0.,0.));
#5598 = DIRECTION('',(0.,0.,1.));
#5599 = ADVANCED_FACE('',(#5600),#5625,.T.);
#5600 = FACE_BOUND('',#5601,.T.);
#5601 = EDGE_LOOP('',(#5602,#5610,#5611,#5619));
#5602 = ORIENTED_EDGE('',*,*,#5603,.F.);
#5603 = EDGE_CURVE('',#4228,#5604,#5606,.T.);
#5604 = VERTEX_POINT('',#5605);
#5605 = CARTESIAN_POINT('',(0.32,-0.32,8.38));
#5606 = LINE('',#5607,#5608);
#5607 = CARTESIAN_POINT('',(0.32,-0.32,-3.));
#5608 = VECTOR('',#5609,1.);
#5609 = DIRECTION('',(0.,0.,1.));
#5610 = ORIENTED_EDGE('',*,*,#4227,.T.);
#5611 = ORIENTED_EDGE('',*,*,#5612,.T.);
#5612 = EDGE_CURVE('',#4230,#5613,#5615,.T.);
#5613 = VERTEX_POINT('',#5614);
#5614 = CARTESIAN_POINT('',(0.32,0.32,8.38));
#5615 = LINE('',#5616,#5617);
#5616 = CARTESIAN_POINT('',(0.32,0.32,-3.));
#5617 = VECTOR('',#5618,1.);
#5618 = DIRECTION('',(0.,0.,1.));
#5619 = ORIENTED_EDGE('',*,*,#5620,.F.);
#5620 = EDGE_CURVE('',#5604,#5613,#5621,.T.);
#5621 = LINE('',#5622,#5623);
#5622 = CARTESIAN_POINT('',(0.32,-0.32,8.38));
#5623 = VECTOR('',#5624,1.);
#5624 = DIRECTION('',(0.,1.,0.));
#5625 = PLANE('',#5626);
#5626 = AXIS2_PLACEMENT_3D('',#5627,#5628,#5629);
#5627 = CARTESIAN_POINT('',(0.32,-0.32,-3.));
#5628 = DIRECTION('',(1.,0.,0.));
#5629 = DIRECTION('',(0.,0.,1.));
#5630 = ADVANCED_FACE('',(#5631),#5649,.T.);
#5631 = FACE_BOUND('',#5632,.T.);
#5632 = EDGE_LOOP('',(#5633,#5634,#5635,#5643));
#5633 = ORIENTED_EDGE('',*,*,#5612,.F.);
#5634 = ORIENTED_EDGE('',*,*,#4253,.T.);
#5635 = ORIENTED_EDGE('',*,*,#5636,.T.);
#5636 = EDGE_CURVE('',#4246,#5637,#5639,.T.);
#5637 = VERTEX_POINT('',#5638);
#5638 = CARTESIAN_POINT('',(-0.32,0.32,8.38));
#5639 = LINE('',#5640,#5641);
#5640 = CARTESIAN_POINT('',(-0.32,0.32,-3.));
#5641 = VECTOR('',#5642,1.);
#5642 = DIRECTION('',(0.,0.,1.));
#5643 = ORIENTED_EDGE('',*,*,#5644,.T.);
#5644 = EDGE_CURVE('',#5637,#5613,#5645,.T.);
#5645 = LINE('',#5646,#5647);
#5646 = CARTESIAN_POINT('',(-0.32,0.32,8.38));
#5647 = VECTOR('',#5648,1.);
#5648 = DIRECTION('',(1.,0.,0.));
#5649 = PLANE('',#5650);
#5650 = AXIS2_PLACEMENT_3D('',#5651,#5652,#5653);
#5651 = CARTESIAN_POINT('',(-0.32,0.32,-3.));
#5652 = DIRECTION('',(0.,1.,0.));
#5653 = DIRECTION('',(0.,-0.,1.));
#5654 = ADVANCED_FACE('',(#5655),#5673,.F.);
#5655 = FACE_BOUND('',#5656,.F.);
#5656 = EDGE_LOOP('',(#5657,#5665,#5666,#5667));
#5657 = ORIENTED_EDGE('',*,*,#5658,.F.);
#5658 = EDGE_CURVE('',#4238,#5659,#5661,.T.);
#5659 = VERTEX_POINT('',#5660);
#5660 = CARTESIAN_POINT('',(-0.32,-0.32,8.38));
#5661 = LINE('',#5662,#5663);
#5662 = CARTESIAN_POINT('',(-0.32,-0.32,-3.));
#5663 = VECTOR('',#5664,1.);
#5664 = DIRECTION('',(0.,0.,1.));
#5665 = ORIENTED_EDGE('',*,*,#4245,.T.);
#5666 = ORIENTED_EDGE('',*,*,#5636,.T.);
#5667 = ORIENTED_EDGE('',*,*,#5668,.F.);
#5668 = EDGE_CURVE('',#5659,#5637,#5669,.T.);
#5669 = LINE('',#5670,#5671);
#5670 = CARTESIAN_POINT('',(-0.32,-0.32,8.38));
#5671 = VECTOR('',#5672,1.);
#5672 = DIRECTION('',(0.,1.,0.));
#5673 = PLANE('',#5674);
#5674 = AXIS2_PLACEMENT_3D('',#5675,#5676,#5677);
#5675 = CARTESIAN_POINT('',(-0.32,-0.32,-3.));
#5676 = DIRECTION('',(1.,0.,0.));
#5677 = DIRECTION('',(0.,0.,1.));
#5678 = ADVANCED_FACE('',(#5679),#5690,.F.);
#5679 = FACE_BOUND('',#5680,.F.);
#5680 = EDGE_LOOP('',(#5681,#5682,#5683,#5684));
#5681 = ORIENTED_EDGE('',*,*,#5603,.F.);
#5682 = ORIENTED_EDGE('',*,*,#4237,.T.);
#5683 = ORIENTED_EDGE('',*,*,#5658,.T.);
#5684 = ORIENTED_EDGE('',*,*,#5685,.T.);
#5685 = EDGE_CURVE('',#5659,#5604,#5686,.T.);
#5686 = LINE('',#5687,#5688);
#5687 = CARTESIAN_POINT('',(-0.32,-0.32,8.38));
#5688 = VECTOR('',#5689,1.);
#5689 = DIRECTION('',(1.,0.,0.));
#5690 = PLANE('',#5691);
#5691 = AXIS2_PLACEMENT_3D('',#5692,#5693,#5694);
#5692 = CARTESIAN_POINT('',(-0.32,-0.32,-3.));
#5693 = DIRECTION('',(0.,1.,0.));
#5694 = DIRECTION('',(0.,-0.,1.));
#5695 = ADVANCED_FACE('',(#5696),#5721,.T.);
#5696 = FACE_BOUND('',#5697,.T.);
#5697 = EDGE_LOOP('',(#5698,#5706,#5707,#5715));
#5698 = ORIENTED_EDGE('',*,*,#5699,.F.);
#5699 = EDGE_CURVE('',#4262,#5700,#5702,.T.);
#5700 = VERTEX_POINT('',#5701);
#5701 = CARTESIAN_POINT('',(0.32,-5.4,8.38));
#5702 = LINE('',#5703,#5704);
#5703 = CARTESIAN_POINT('',(0.32,-5.4,-3.));
#5704 = VECTOR('',#5705,1.);
#5705 = DIRECTION('',(0.,0.,1.));
#5706 = ORIENTED_EDGE('',*,*,#4261,.T.);
#5707 = ORIENTED_EDGE('',*,*,#5708,.T.);
#5708 = EDGE_CURVE('',#4264,#5709,#5711,.T.);
#5709 = VERTEX_POINT('',#5710);
#5710 = CARTESIAN_POINT('',(0.32,-4.76,8.38));
#5711 = LINE('',#5712,#5713);
#5712 = CARTESIAN_POINT('',(0.32,-4.76,-3.));
#5713 = VECTOR('',#5714,1.);
#5714 = DIRECTION('',(0.,0.,1.));
#5715 = ORIENTED_EDGE('',*,*,#5716,.F.);
#5716 = EDGE_CURVE('',#5700,#5709,#5717,.T.);
#5717 = LINE('',#5718,#5719);
#5718 = CARTESIAN_POINT('',(0.32,-5.4,8.38));
#5719 = VECTOR('',#5720,1.);
#5720 = DIRECTION('',(0.,1.,0.));
#5721 = PLANE('',#5722);
#5722 = AXIS2_PLACEMENT_3D('',#5723,#5724,#5725);
#5723 = CARTESIAN_POINT('',(0.32,-5.4,-3.));
#5724 = DIRECTION('',(1.,0.,0.));
#5725 = DIRECTION('',(0.,0.,1.));
#5726 = ADVANCED_FACE('',(#5727),#5745,.T.);
#5727 = FACE_BOUND('',#5728,.T.);
#5728 = EDGE_LOOP('',(#5729,#5730,#5731,#5739));
#5729 = ORIENTED_EDGE('',*,*,#5708,.F.);
#5730 = ORIENTED_EDGE('',*,*,#4287,.T.);
#5731 = ORIENTED_EDGE('',*,*,#5732,.T.);
#5732 = EDGE_CURVE('',#4280,#5733,#5735,.T.);
#5733 = VERTEX_POINT('',#5734);
#5734 = CARTESIAN_POINT('',(-0.32,-4.76,8.38));
#5735 = LINE('',#5736,#5737);
#5736 = CARTESIAN_POINT('',(-0.32,-4.76,-3.));
#5737 = VECTOR('',#5738,1.);
#5738 = DIRECTION('',(0.,0.,1.));
#5739 = ORIENTED_EDGE('',*,*,#5740,.T.);
#5740 = EDGE_CURVE('',#5733,#5709,#5741,.T.);
#5741 = LINE('',#5742,#5743);
#5742 = CARTESIAN_POINT('',(-0.32,-4.76,8.38));
#5743 = VECTOR('',#5744,1.);
#5744 = DIRECTION('',(1.,0.,0.));
#5745 = PLANE('',#5746);
#5746 = AXIS2_PLACEMENT_3D('',#5747,#5748,#5749);
#5747 = CARTESIAN_POINT('',(-0.32,-4.76,-3.));
#5748 = DIRECTION('',(0.,1.,0.));
#5749 = DIRECTION('',(0.,-0.,1.));
#5750 = ADVANCED_FACE('',(#5751),#5769,.F.);
#5751 = FACE_BOUND('',#5752,.F.);
#5752 = EDGE_LOOP('',(#5753,#5761,#5762,#5763));
#5753 = ORIENTED_EDGE('',*,*,#5754,.F.);
#5754 = EDGE_CURVE('',#4272,#5755,#5757,.T.);
#5755 = VERTEX_POINT('',#5756);
#5756 = CARTESIAN_POINT('',(-0.32,-5.4,8.38));
#5757 = LINE('',#5758,#5759);
#5758 = CARTESIAN_POINT('',(-0.32,-5.4,-3.));
#5759 = VECTOR('',#5760,1.);
#5760 = DIRECTION('',(0.,0.,1.));
#5761 = ORIENTED_EDGE('',*,*,#4279,.T.);
#5762 = ORIENTED_EDGE('',*,*,#5732,.T.);
#5763 = ORIENTED_EDGE('',*,*,#5764,.F.);
#5764 = EDGE_CURVE('',#5755,#5733,#5765,.T.);
#5765 = LINE('',#5766,#5767);
#5766 = CARTESIAN_POINT('',(-0.32,-5.4,8.38));
#5767 = VECTOR('',#5768,1.);
#5768 = DIRECTION('',(0.,1.,0.));
#5769 = PLANE('',#5770);
#5770 = AXIS2_PLACEMENT_3D('',#5771,#5772,#5773);
#5771 = CARTESIAN_POINT('',(-0.32,-5.4,-3.));
#5772 = DIRECTION('',(1.,0.,0.));
#5773 = DIRECTION('',(0.,0.,1.));
#5774 = ADVANCED_FACE('',(#5775),#5786,.F.);
#5775 = FACE_BOUND('',#5776,.F.);
#5776 = EDGE_LOOP('',(#5777,#5778,#5779,#5780));
#5777 = ORIENTED_EDGE('',*,*,#5699,.F.);
#5778 = ORIENTED_EDGE('',*,*,#4271,.T.);
#5779 = ORIENTED_EDGE('',*,*,#5754,.T.);
#5780 = ORIENTED_EDGE('',*,*,#5781,.T.);
#5781 = EDGE_CURVE('',#5755,#5700,#5782,.T.);
#5782 = LINE('',#5783,#5784);
#5783 = CARTESIAN_POINT('',(-0.32,-5.4,8.38));
#5784 = VECTOR('',#5785,1.);
#5785 = DIRECTION('',(1.,0.,0.));
#5786 = PLANE('',#5787);
#5787 = AXIS2_PLACEMENT_3D('',#5788,#5789,#5790);
#5788 = CARTESIAN_POINT('',(-0.32,-5.4,-3.));
#5789 = DIRECTION('',(0.,1.,0.));
#5790 = DIRECTION('',(0.,-0.,1.));
#5791 = ADVANCED_FACE('',(#5792),#5817,.T.);
#5792 = FACE_BOUND('',#5793,.T.);
#5793 = EDGE_LOOP('',(#5794,#5802,#5803,#5811));
#5794 = ORIENTED_EDGE('',*,*,#5795,.F.);
#5795 = EDGE_CURVE('',#4296,#5796,#5798,.T.);
#5796 = VERTEX_POINT('',#5797);
#5797 = CARTESIAN_POINT('',(0.32,-2.86,8.38));
#5798 = LINE('',#5799,#5800);
#5799 = CARTESIAN_POINT('',(0.32,-2.86,-3.));
#5800 = VECTOR('',#5801,1.);
#5801 = DIRECTION('',(0.,0.,1.));
#5802 = ORIENTED_EDGE('',*,*,#4295,.T.);
#5803 = ORIENTED_EDGE('',*,*,#5804,.T.);
#5804 = EDGE_CURVE('',#4298,#5805,#5807,.T.);
#5805 = VERTEX_POINT('',#5806);
#5806 = CARTESIAN_POINT('',(0.32,-2.22,8.38));
#5807 = LINE('',#5808,#5809);
#5808 = CARTESIAN_POINT('',(0.32,-2.22,-3.));
#5809 = VECTOR('',#5810,1.);
#5810 = DIRECTION('',(0.,0.,1.));
#5811 = ORIENTED_EDGE('',*,*,#5812,.F.);
#5812 = EDGE_CURVE('',#5796,#5805,#5813,.T.);
#5813 = LINE('',#5814,#5815);
#5814 = CARTESIAN_POINT('',(0.32,-2.86,8.38));
#5815 = VECTOR('',#5816,1.);
#5816 = DIRECTION('',(0.,1.,0.));
#5817 = PLANE('',#5818);
#5818 = AXIS2_PLACEMENT_3D('',#5819,#5820,#5821);
#5819 = CARTESIAN_POINT('',(0.32,-2.86,-3.));
#5820 = DIRECTION('',(1.,0.,0.));
#5821 = DIRECTION('',(0.,0.,1.));
#5822 = ADVANCED_FACE('',(#5823),#5841,.T.);
#5823 = FACE_BOUND('',#5824,.T.);
#5824 = EDGE_LOOP('',(#5825,#5826,#5827,#5835));
#5825 = ORIENTED_EDGE('',*,*,#5804,.F.);
#5826 = ORIENTED_EDGE('',*,*,#4321,.T.);
#5827 = ORIENTED_EDGE('',*,*,#5828,.T.);
#5828 = EDGE_CURVE('',#4314,#5829,#5831,.T.);
#5829 = VERTEX_POINT('',#5830);
#5830 = CARTESIAN_POINT('',(-0.32,-2.22,8.38));
#5831 = LINE('',#5832,#5833);
#5832 = CARTESIAN_POINT('',(-0.32,-2.22,-3.));
#5833 = VECTOR('',#5834,1.);
#5834 = DIRECTION('',(0.,0.,1.));
#5835 = ORIENTED_EDGE('',*,*,#5836,.T.);
#5836 = EDGE_CURVE('',#5829,#5805,#5837,.T.);
#5837 = LINE('',#5838,#5839);
#5838 = CARTESIAN_POINT('',(-0.32,-2.22,8.38));
#5839 = VECTOR('',#5840,1.);
#5840 = DIRECTION('',(1.,0.,0.));
#5841 = PLANE('',#5842);
#5842 = AXIS2_PLACEMENT_3D('',#5843,#5844,#5845);
#5843 = CARTESIAN_POINT('',(-0.32,-2.22,-3.));
#5844 = DIRECTION('',(0.,1.,0.));
#5845 = DIRECTION('',(0.,-0.,1.));
#5846 = ADVANCED_FACE('',(#5847),#5865,.F.);
#5847 = FACE_BOUND('',#5848,.F.);
#5848 = EDGE_LOOP('',(#5849,#5857,#5858,#5859));
#5849 = ORIENTED_EDGE('',*,*,#5850,.F.);
#5850 = EDGE_CURVE('',#4306,#5851,#5853,.T.);
#5851 = VERTEX_POINT('',#5852);
#5852 = CARTESIAN_POINT('',(-0.32,-2.86,8.38));
#5853 = LINE('',#5854,#5855);
#5854 = CARTESIAN_POINT('',(-0.32,-2.86,-3.));
#5855 = VECTOR('',#5856,1.);
#5856 = DIRECTION('',(0.,0.,1.));
#5857 = ORIENTED_EDGE('',*,*,#4313,.T.);
#5858 = ORIENTED_EDGE('',*,*,#5828,.T.);
#5859 = ORIENTED_EDGE('',*,*,#5860,.F.);
#5860 = EDGE_CURVE('',#5851,#5829,#5861,.T.);
#5861 = LINE('',#5862,#5863);
#5862 = CARTESIAN_POINT('',(-0.32,-2.86,8.38));
#5863 = VECTOR('',#5864,1.);
#5864 = DIRECTION('',(0.,1.,0.));
#5865 = PLANE('',#5866);
#5866 = AXIS2_PLACEMENT_3D('',#5867,#5868,#5869);
#5867 = CARTESIAN_POINT('',(-0.32,-2.86,-3.));
#5868 = DIRECTION('',(1.,0.,0.));
#5869 = DIRECTION('',(0.,0.,1.));
#5870 = ADVANCED_FACE('',(#5871),#5882,.F.);
#5871 = FACE_BOUND('',#5872,.F.);
#5872 = EDGE_LOOP('',(#5873,#5874,#5875,#5876));
#5873 = ORIENTED_EDGE('',*,*,#5795,.F.);
#5874 = ORIENTED_EDGE('',*,*,#4305,.T.);
#5875 = ORIENTED_EDGE('',*,*,#5850,.T.);
#5876 = ORIENTED_EDGE('',*,*,#5877,.T.);
#5877 = EDGE_CURVE('',#5851,#5796,#5878,.T.);
#5878 = LINE('',#5879,#5880);
#5879 = CARTESIAN_POINT('',(-0.32,-2.86,8.38));
#5880 = VECTOR('',#5881,1.);
#5881 = DIRECTION('',(1.,0.,0.));
#5882 = PLANE('',#5883);
#5883 = AXIS2_PLACEMENT_3D('',#5884,#5885,#5886);
#5884 = CARTESIAN_POINT('',(-0.32,-2.86,-3.));
#5885 = DIRECTION('',(0.,1.,0.));
#5886 = DIRECTION('',(0.,-0.,1.));
#5887 = ADVANCED_FACE('',(#5888),#5913,.F.);
#5888 = FACE_BOUND('',#5889,.F.);
#5889 = EDGE_LOOP('',(#5890,#5898,#5899,#5907));
#5890 = ORIENTED_EDGE('',*,*,#5891,.F.);
#5891 = EDGE_CURVE('',#4330,#5892,#5894,.T.);
#5892 = VERTEX_POINT('',#5893);
#5893 = CARTESIAN_POINT('',(0.32,-13.02,8.38));
#5894 = LINE('',#5895,#5896);
#5895 = CARTESIAN_POINT('',(0.32,-13.02,-3.));
#5896 = VECTOR('',#5897,1.);
#5897 = DIRECTION('',(0.,0.,1.));
#5898 = ORIENTED_EDGE('',*,*,#4329,.T.);
#5899 = ORIENTED_EDGE('',*,*,#5900,.T.);
#5900 = EDGE_CURVE('',#4332,#5901,#5903,.T.);
#5901 = VERTEX_POINT('',#5902);
#5902 = CARTESIAN_POINT('',(-0.32,-13.02,8.38));
#5903 = LINE('',#5904,#5905);
#5904 = CARTESIAN_POINT('',(-0.32,-13.02,-3.));
#5905 = VECTOR('',#5906,1.);
#5906 = DIRECTION('',(0.,0.,1.));
#5907 = ORIENTED_EDGE('',*,*,#5908,.T.);
#5908 = EDGE_CURVE('',#5901,#5892,#5909,.T.);
#5909 = LINE('',#5910,#5911);
#5910 = CARTESIAN_POINT('',(-0.32,-13.02,8.38));
#5911 = VECTOR('',#5912,1.);
#5912 = DIRECTION('',(1.,0.,0.));
#5913 = PLANE('',#5914);
#5914 = AXIS2_PLACEMENT_3D('',#5915,#5916,#5917);
#5915 = CARTESIAN_POINT('',(-0.32,-13.02,-3.));
#5916 = DIRECTION('',(0.,1.,0.));
#5917 = DIRECTION('',(0.,-0.,1.));
#5918 = ADVANCED_FACE('',(#5919),#5937,.T.);
#5919 = FACE_BOUND('',#5920,.T.);
#5920 = EDGE_LOOP('',(#5921,#5922,#5923,#5931));
#5921 = ORIENTED_EDGE('',*,*,#5891,.F.);
#5922 = ORIENTED_EDGE('',*,*,#4355,.T.);
#5923 = ORIENTED_EDGE('',*,*,#5924,.T.);
#5924 = EDGE_CURVE('',#4348,#5925,#5927,.T.);
#5925 = VERTEX_POINT('',#5926);
#5926 = CARTESIAN_POINT('',(0.32,-12.38,8.38));
#5927 = LINE('',#5928,#5929);
#5928 = CARTESIAN_POINT('',(0.32,-12.38,-3.));
#5929 = VECTOR('',#5930,1.);
#5930 = DIRECTION('',(0.,0.,1.));
#5931 = ORIENTED_EDGE('',*,*,#5932,.F.);
#5932 = EDGE_CURVE('',#5892,#5925,#5933,.T.);
#5933 = LINE('',#5934,#5935);
#5934 = CARTESIAN_POINT('',(0.32,-13.02,8.38));
#5935 = VECTOR('',#5936,1.);
#5936 = DIRECTION('',(0.,1.,0.));
#5937 = PLANE('',#5938);
#5938 = AXIS2_PLACEMENT_3D('',#5939,#5940,#5941);
#5939 = CARTESIAN_POINT('',(0.32,-13.02,-3.));
#5940 = DIRECTION('',(1.,0.,0.));
#5941 = DIRECTION('',(0.,0.,1.));
#5942 = ADVANCED_FACE('',(#5943),#5961,.T.);
#5943 = FACE_BOUND('',#5944,.T.);
#5944 = EDGE_LOOP('',(#5945,#5946,#5947,#5955));
#5945 = ORIENTED_EDGE('',*,*,#5924,.F.);
#5946 = ORIENTED_EDGE('',*,*,#4347,.T.);
#5947 = ORIENTED_EDGE('',*,*,#5948,.T.);
#5948 = EDGE_CURVE('',#4340,#5949,#5951,.T.);
#5949 = VERTEX_POINT('',#5950);
#5950 = CARTESIAN_POINT('',(-0.32,-12.38,8.38));
#5951 = LINE('',#5952,#5953);
#5952 = CARTESIAN_POINT('',(-0.32,-12.38,-3.));
#5953 = VECTOR('',#5954,1.);
#5954 = DIRECTION('',(0.,0.,1.));
#5955 = ORIENTED_EDGE('',*,*,#5956,.T.);
#5956 = EDGE_CURVE('',#5949,#5925,#5957,.T.);
#5957 = LINE('',#5958,#5959);
#5958 = CARTESIAN_POINT('',(-0.32,-12.38,8.38));
#5959 = VECTOR('',#5960,1.);
#5960 = DIRECTION('',(1.,0.,0.));
#5961 = PLANE('',#5962);
#5962 = AXIS2_PLACEMENT_3D('',#5963,#5964,#5965);
#5963 = CARTESIAN_POINT('',(-0.32,-12.38,-3.));
#5964 = DIRECTION('',(0.,1.,0.));
#5965 = DIRECTION('',(0.,-0.,1.));
#5966 = ADVANCED_FACE('',(#5967),#5978,.F.);
#5967 = FACE_BOUND('',#5968,.F.);
#5968 = EDGE_LOOP('',(#5969,#5970,#5971,#5972));
#5969 = ORIENTED_EDGE('',*,*,#5900,.F.);
#5970 = ORIENTED_EDGE('',*,*,#4339,.T.);
#5971 = ORIENTED_EDGE('',*,*,#5948,.T.);
#5972 = ORIENTED_EDGE('',*,*,#5973,.F.);
#5973 = EDGE_CURVE('',#5901,#5949,#5974,.T.);
#5974 = LINE('',#5975,#5976);
#5975 = CARTESIAN_POINT('',(-0.32,-13.02,8.38));
#5976 = VECTOR('',#5977,1.);
#5977 = DIRECTION('',(0.,1.,0.));
#5978 = PLANE('',#5979);
#5979 = AXIS2_PLACEMENT_3D('',#5980,#5981,#5982);
#5980 = CARTESIAN_POINT('',(-0.32,-13.02,-3.));
#5981 = DIRECTION('',(1.,0.,0.));
#5982 = DIRECTION('',(0.,0.,1.));
#5983 = ADVANCED_FACE('',(#5984),#6009,.T.);
#5984 = FACE_BOUND('',#5985,.T.);
#5985 = EDGE_LOOP('',(#5986,#5994,#5995,#6003));
#5986 = ORIENTED_EDGE('',*,*,#5987,.F.);
#5987 = EDGE_CURVE('',#4364,#5988,#5990,.T.);
#5988 = VERTEX_POINT('',#5989);
#5989 = CARTESIAN_POINT('',(0.32,-9.84,8.38));
#5990 = LINE('',#5991,#5992);
#5991 = CARTESIAN_POINT('',(0.32,-9.84,-3.));
#5992 = VECTOR('',#5993,1.);
#5993 = DIRECTION('',(0.,0.,1.));
#5994 = ORIENTED_EDGE('',*,*,#4363,.T.);
#5995 = ORIENTED_EDGE('',*,*,#5996,.T.);
#5996 = EDGE_CURVE('',#4366,#5997,#5999,.T.);
#5997 = VERTEX_POINT('',#5998);
#5998 = CARTESIAN_POINT('',(-0.32,-9.84,8.38));
#5999 = LINE('',#6000,#6001);
#6000 = CARTESIAN_POINT('',(-0.32,-9.84,-3.));
#6001 = VECTOR('',#6002,1.);
#6002 = DIRECTION('',(0.,0.,1.));
#6003 = ORIENTED_EDGE('',*,*,#6004,.T.);
#6004 = EDGE_CURVE('',#5997,#5988,#6005,.T.);
#6005 = LINE('',#6006,#6007);
#6006 = CARTESIAN_POINT('',(-0.32,-9.84,8.38));
#6007 = VECTOR('',#6008,1.);
#6008 = DIRECTION('',(1.,0.,0.));
#6009 = PLANE('',#6010);
#6010 = AXIS2_PLACEMENT_3D('',#6011,#6012,#6013);
#6011 = CARTESIAN_POINT('',(-0.32,-9.84,-3.));
#6012 = DIRECTION('',(0.,1.,0.));
#6013 = DIRECTION('',(0.,-0.,1.));
#6014 = ADVANCED_FACE('',(#6015),#6033,.F.);
#6015 = FACE_BOUND('',#6016,.F.);
#6016 = EDGE_LOOP('',(#6017,#6025,#6026,#6027));
#6017 = ORIENTED_EDGE('',*,*,#6018,.F.);
#6018 = EDGE_CURVE('',#4382,#6019,#6021,.T.);
#6019 = VERTEX_POINT('',#6020);
#6020 = CARTESIAN_POINT('',(-0.32,-10.48,8.38));
#6021 = LINE('',#6022,#6023);
#6022 = CARTESIAN_POINT('',(-0.32,-10.48,-3.));
#6023 = VECTOR('',#6024,1.);
#6024 = DIRECTION('',(0.,0.,1.));
#6025 = ORIENTED_EDGE('',*,*,#4389,.T.);
#6026 = ORIENTED_EDGE('',*,*,#5996,.T.);
#6027 = ORIENTED_EDGE('',*,*,#6028,.F.);
#6028 = EDGE_CURVE('',#6019,#5997,#6029,.T.);
#6029 = LINE('',#6030,#6031);
#6030 = CARTESIAN_POINT('',(-0.32,-10.48,8.38));
#6031 = VECTOR('',#6032,1.);
#6032 = DIRECTION('',(0.,1.,0.));
#6033 = PLANE('',#6034);
#6034 = AXIS2_PLACEMENT_3D('',#6035,#6036,#6037);
#6035 = CARTESIAN_POINT('',(-0.32,-10.48,-3.));
#6036 = DIRECTION('',(1.,0.,0.));
#6037 = DIRECTION('',(0.,0.,1.));
#6038 = ADVANCED_FACE('',(#6039),#6057,.F.);
#6039 = FACE_BOUND('',#6040,.F.);
#6040 = EDGE_LOOP('',(#6041,#6049,#6050,#6051));
#6041 = ORIENTED_EDGE('',*,*,#6042,.F.);
#6042 = EDGE_CURVE('',#4374,#6043,#6045,.T.);
#6043 = VERTEX_POINT('',#6044);
#6044 = CARTESIAN_POINT('',(0.32,-10.48,8.38));
#6045 = LINE('',#6046,#6047);
#6046 = CARTESIAN_POINT('',(0.32,-10.48,-3.));
#6047 = VECTOR('',#6048,1.);
#6048 = DIRECTION('',(0.,0.,1.));
#6049 = ORIENTED_EDGE('',*,*,#4381,.T.);
#6050 = ORIENTED_EDGE('',*,*,#6018,.T.);
#6051 = ORIENTED_EDGE('',*,*,#6052,.T.);
#6052 = EDGE_CURVE('',#6019,#6043,#6053,.T.);
#6053 = LINE('',#6054,#6055);
#6054 = CARTESIAN_POINT('',(-0.32,-10.48,8.38));
#6055 = VECTOR('',#6056,1.);
#6056 = DIRECTION('',(1.,0.,0.));
#6057 = PLANE('',#6058);
#6058 = AXIS2_PLACEMENT_3D('',#6059,#6060,#6061);
#6059 = CARTESIAN_POINT('',(-0.32,-10.48,-3.));
#6060 = DIRECTION('',(0.,1.,0.));
#6061 = DIRECTION('',(0.,-0.,1.));
#6062 = ADVANCED_FACE('',(#6063),#6074,.T.);
#6063 = FACE_BOUND('',#6064,.T.);
#6064 = EDGE_LOOP('',(#6065,#6066,#6067,#6068));
#6065 = ORIENTED_EDGE('',*,*,#6042,.F.);
#6066 = ORIENTED_EDGE('',*,*,#4373,.T.);
#6067 = ORIENTED_EDGE('',*,*,#5987,.T.);
#6068 = ORIENTED_EDGE('',*,*,#6069,.F.);
#6069 = EDGE_CURVE('',#6043,#5988,#6070,.T.);
#6070 = LINE('',#6071,#6072);
#6071 = CARTESIAN_POINT('',(0.32,-10.48,8.38));
#6072 = VECTOR('',#6073,1.);
#6073 = DIRECTION('',(0.,1.,0.));
#6074 = PLANE('',#6075);
#6075 = AXIS2_PLACEMENT_3D('',#6076,#6077,#6078);
#6076 = CARTESIAN_POINT('',(0.32,-10.48,-3.));
#6077 = DIRECTION('',(1.,0.,0.));
#6078 = DIRECTION('',(0.,0.,1.));
#6079 = ADVANCED_FACE('',(#6080),#6105,.F.);
#6080 = FACE_BOUND('',#6081,.F.);
#6081 = EDGE_LOOP('',(#6082,#6090,#6091,#6099));
#6082 = ORIENTED_EDGE('',*,*,#6083,.F.);
#6083 = EDGE_CURVE('',#4398,#6084,#6086,.T.);
#6084 = VERTEX_POINT('',#6085);
#6085 = CARTESIAN_POINT('',(0.32,-7.94,8.38));
#6086 = LINE('',#6087,#6088);
#6087 = CARTESIAN_POINT('',(0.32,-7.94,-3.));
#6088 = VECTOR('',#6089,1.);
#6089 = DIRECTION('',(0.,0.,1.));
#6090 = ORIENTED_EDGE('',*,*,#4397,.T.);
#6091 = ORIENTED_EDGE('',*,*,#6092,.T.);
#6092 = EDGE_CURVE('',#4400,#6093,#6095,.T.);
#6093 = VERTEX_POINT('',#6094);
#6094 = CARTESIAN_POINT('',(-0.32,-7.94,8.38));
#6095 = LINE('',#6096,#6097);
#6096 = CARTESIAN_POINT('',(-0.32,-7.94,-3.));
#6097 = VECTOR('',#6098,1.);
#6098 = DIRECTION('',(0.,0.,1.));
#6099 = ORIENTED_EDGE('',*,*,#6100,.T.);
#6100 = EDGE_CURVE('',#6093,#6084,#6101,.T.);
#6101 = LINE('',#6102,#6103);
#6102 = CARTESIAN_POINT('',(-0.32,-7.94,8.38));
#6103 = VECTOR('',#6104,1.);
#6104 = DIRECTION('',(1.,0.,0.));
#6105 = PLANE('',#6106);
#6106 = AXIS2_PLACEMENT_3D('',#6107,#6108,#6109);
#6107 = CARTESIAN_POINT('',(-0.32,-7.94,-3.));
#6108 = DIRECTION('',(0.,1.,0.));
#6109 = DIRECTION('',(0.,-0.,1.));
#6110 = ADVANCED_FACE('',(#6111),#6129,.T.);
#6111 = FACE_BOUND('',#6112,.T.);
#6112 = EDGE_LOOP('',(#6113,#6114,#6115,#6123));
#6113 = ORIENTED_EDGE('',*,*,#6083,.F.);
#6114 = ORIENTED_EDGE('',*,*,#4423,.T.);
#6115 = ORIENTED_EDGE('',*,*,#6116,.T.);
#6116 = EDGE_CURVE('',#4416,#6117,#6119,.T.);
#6117 = VERTEX_POINT('',#6118);
#6118 = CARTESIAN_POINT('',(0.32,-7.3,8.38));
#6119 = LINE('',#6120,#6121);
#6120 = CARTESIAN_POINT('',(0.32,-7.3,-3.));
#6121 = VECTOR('',#6122,1.);
#6122 = DIRECTION('',(0.,0.,1.));
#6123 = ORIENTED_EDGE('',*,*,#6124,.F.);
#6124 = EDGE_CURVE('',#6084,#6117,#6125,.T.);
#6125 = LINE('',#6126,#6127);
#6126 = CARTESIAN_POINT('',(0.32,-7.94,8.38));
#6127 = VECTOR('',#6128,1.);
#6128 = DIRECTION('',(0.,1.,0.));
#6129 = PLANE('',#6130);
#6130 = AXIS2_PLACEMENT_3D('',#6131,#6132,#6133);
#6131 = CARTESIAN_POINT('',(0.32,-7.94,-3.));
#6132 = DIRECTION('',(1.,0.,0.));
#6133 = DIRECTION('',(0.,0.,1.));
#6134 = ADVANCED_FACE('',(#6135),#6153,.T.);
#6135 = FACE_BOUND('',#6136,.T.);
#6136 = EDGE_LOOP('',(#6137,#6138,#6139,#6147));
#6137 = ORIENTED_EDGE('',*,*,#6116,.F.);
#6138 = ORIENTED_EDGE('',*,*,#4415,.T.);
#6139 = ORIENTED_EDGE('',*,*,#6140,.T.);
#6140 = EDGE_CURVE('',#4408,#6141,#6143,.T.);
#6141 = VERTEX_POINT('',#6142);
#6142 = CARTESIAN_POINT('',(-0.32,-7.3,8.38));
#6143 = LINE('',#6144,#6145);
#6144 = CARTESIAN_POINT('',(-0.32,-7.3,-3.));
#6145 = VECTOR('',#6146,1.);
#6146 = DIRECTION('',(0.,0.,1.));
#6147 = ORIENTED_EDGE('',*,*,#6148,.T.);
#6148 = EDGE_CURVE('',#6141,#6117,#6149,.T.);
#6149 = LINE('',#6150,#6151);
#6150 = CARTESIAN_POINT('',(-0.32,-7.3,8.38));
#6151 = VECTOR('',#6152,1.);
#6152 = DIRECTION('',(1.,0.,0.));
#6153 = PLANE('',#6154);
#6154 = AXIS2_PLACEMENT_3D('',#6155,#6156,#6157);
#6155 = CARTESIAN_POINT('',(-0.32,-7.3,-3.));
#6156 = DIRECTION('',(0.,1.,0.));
#6157 = DIRECTION('',(0.,-0.,1.));
#6158 = ADVANCED_FACE('',(#6159),#6170,.F.);
#6159 = FACE_BOUND('',#6160,.F.);
#6160 = EDGE_LOOP('',(#6161,#6162,#6163,#6164));
#6161 = ORIENTED_EDGE('',*,*,#6092,.F.);
#6162 = ORIENTED_EDGE('',*,*,#4407,.T.);
#6163 = ORIENTED_EDGE('',*,*,#6140,.T.);
#6164 = ORIENTED_EDGE('',*,*,#6165,.F.);
#6165 = EDGE_CURVE('',#6093,#6141,#6166,.T.);
#6166 = LINE('',#6167,#6168);
#6167 = CARTESIAN_POINT('',(-0.32,-7.94,8.38));
#6168 = VECTOR('',#6169,1.);
#6169 = DIRECTION('',(0.,1.,0.));
#6170 = PLANE('',#6171);
#6171 = AXIS2_PLACEMENT_3D('',#6172,#6173,#6174);
#6172 = CARTESIAN_POINT('',(-0.32,-7.94,-3.));
#6173 = DIRECTION('',(1.,0.,0.));
#6174 = DIRECTION('',(0.,0.,1.));
#6175 = ADVANCED_FACE('',(#6176),#6201,.F.);
#6176 = FACE_BOUND('',#6177,.F.);
#6177 = EDGE_LOOP('',(#6178,#6186,#6187,#6195));
#6178 = ORIENTED_EDGE('',*,*,#6179,.F.);
#6179 = EDGE_CURVE('',#5028,#6180,#6182,.T.);
#6180 = VERTEX_POINT('',#6181);
#6181 = CARTESIAN_POINT('',(0.16,-0.16,-3.));
#6182 = LINE('',#6183,#6184);
#6183 = CARTESIAN_POINT('',(0.16,-0.16,-3.));
#6184 = VECTOR('',#6185,1.);
#6185 = DIRECTION('',(-0.57735026919,0.57735026919,-0.57735026919));
#6186 = ORIENTED_EDGE('',*,*,#5035,.T.);
#6187 = ORIENTED_EDGE('',*,*,#6188,.T.);
#6188 = EDGE_CURVE('',#5036,#6189,#6191,.T.);
#6189 = VERTEX_POINT('',#6190);
#6190 = CARTESIAN_POINT('',(0.16,0.16,-3.));
#6191 = LINE('',#6192,#6193);
#6192 = CARTESIAN_POINT('',(5.333333333333E-02,5.333333333333E-02,
    -3.106666666667));
#6193 = VECTOR('',#6194,1.);
#6194 = DIRECTION('',(-0.57735026919,-0.57735026919,-0.57735026919));
#6195 = ORIENTED_EDGE('',*,*,#6196,.F.);
#6196 = EDGE_CURVE('',#6180,#6189,#6197,.T.);
#6197 = LINE('',#6198,#6199);
#6198 = CARTESIAN_POINT('',(0.16,-0.32,-3.));
#6199 = VECTOR('',#6200,1.);
#6200 = DIRECTION('',(0.,1.,0.));
#6201 = PLANE('',#6202);
#6202 = AXIS2_PLACEMENT_3D('',#6203,#6204,#6205);
#6203 = CARTESIAN_POINT('',(0.24,-0.32,-2.92));
#6204 = DIRECTION('',(-0.707106781187,1.735167508357E-18,0.707106781187)
  );
#6205 = DIRECTION('',(1.226948711654E-18,1.,-1.226948711654E-18));
#6206 = ADVANCED_FACE('',(#6207),#6225,.F.);
#6207 = FACE_BOUND('',#6208,.T.);
#6208 = EDGE_LOOP('',(#6209,#6217,#6218,#6219));
#6209 = ORIENTED_EDGE('',*,*,#6210,.F.);
#6210 = EDGE_CURVE('',#5060,#6211,#6213,.T.);
#6211 = VERTEX_POINT('',#6212);
#6212 = CARTESIAN_POINT('',(-0.16,0.16,-3.));
#6213 = LINE('',#6214,#6215);
#6214 = CARTESIAN_POINT('',(-0.16,0.16,-3.));
#6215 = VECTOR('',#6216,1.);
#6216 = DIRECTION('',(0.57735026919,-0.57735026919,-0.57735026919));
#6217 = ORIENTED_EDGE('',*,*,#5059,.T.);
#6218 = ORIENTED_EDGE('',*,*,#6188,.T.);
#6219 = ORIENTED_EDGE('',*,*,#6220,.F.);
#6220 = EDGE_CURVE('',#6211,#6189,#6221,.T.);
#6221 = LINE('',#6222,#6223);
#6222 = CARTESIAN_POINT('',(-0.32,0.16,-3.));
#6223 = VECTOR('',#6224,1.);
#6224 = DIRECTION('',(1.,0.,0.));
#6225 = PLANE('',#6226);
#6226 = AXIS2_PLACEMENT_3D('',#6227,#6228,#6229);
#6227 = CARTESIAN_POINT('',(-0.32,0.24,-2.92));
#6228 = DIRECTION('',(-1.735167508357E-18,-0.707106781187,0.707106781187
    ));
#6229 = DIRECTION('',(-1.,1.226948711654E-18,-1.226948711654E-18));
#6230 = ADVANCED_FACE('',(#6231),#6249,.T.);
#6231 = FACE_BOUND('',#6232,.T.);
#6232 = EDGE_LOOP('',(#6233,#6241,#6242,#6243));
#6233 = ORIENTED_EDGE('',*,*,#6234,.F.);
#6234 = EDGE_CURVE('',#5083,#6235,#6237,.T.);
#6235 = VERTEX_POINT('',#6236);
#6236 = CARTESIAN_POINT('',(-0.16,-0.16,-3.));
#6237 = LINE('',#6238,#6239);
#6238 = CARTESIAN_POINT('',(-0.266666666667,-0.266666666667,
    -2.893333333333));
#6239 = VECTOR('',#6240,1.);
#6240 = DIRECTION('',(0.57735026919,0.57735026919,-0.57735026919));
#6241 = ORIENTED_EDGE('',*,*,#5090,.T.);
#6242 = ORIENTED_EDGE('',*,*,#6210,.T.);
#6243 = ORIENTED_EDGE('',*,*,#6244,.F.);
#6244 = EDGE_CURVE('',#6235,#6211,#6245,.T.);
#6245 = LINE('',#6246,#6247);
#6246 = CARTESIAN_POINT('',(-0.16,-0.32,-3.));
#6247 = VECTOR('',#6248,1.);
#6248 = DIRECTION('',(0.,1.,0.));
#6249 = PLANE('',#6250);
#6250 = AXIS2_PLACEMENT_3D('',#6251,#6252,#6253);
#6251 = CARTESIAN_POINT('',(-0.24,-0.32,-2.92));
#6252 = DIRECTION('',(-0.707106781187,-1.735167508357E-18,
    -0.707106781187));
#6253 = DIRECTION('',(-1.226948711654E-18,1.,-1.226948711654E-18));
#6254 = ADVANCED_FACE('',(#6255),#6266,.T.);
#6255 = FACE_BOUND('',#6256,.F.);
#6256 = EDGE_LOOP('',(#6257,#6258,#6259,#6260));
#6257 = ORIENTED_EDGE('',*,*,#6234,.F.);
#6258 = ORIENTED_EDGE('',*,*,#5107,.T.);
#6259 = ORIENTED_EDGE('',*,*,#6179,.T.);
#6260 = ORIENTED_EDGE('',*,*,#6261,.F.);
#6261 = EDGE_CURVE('',#6235,#6180,#6262,.T.);
#6262 = LINE('',#6263,#6264);
#6263 = CARTESIAN_POINT('',(-0.32,-0.16,-3.));
#6264 = VECTOR('',#6265,1.);
#6265 = DIRECTION('',(1.,0.,0.));
#6266 = PLANE('',#6267);
#6267 = AXIS2_PLACEMENT_3D('',#6268,#6269,#6270);
#6268 = CARTESIAN_POINT('',(-0.32,-0.24,-2.92));
#6269 = DIRECTION('',(1.735167508357E-18,-0.707106781187,-0.707106781187
    ));
#6270 = DIRECTION('',(-1.,-1.226948711654E-18,-1.226948711654E-18));
#6271 = ADVANCED_FACE('',(#6272),#6297,.F.);
#6272 = FACE_BOUND('',#6273,.F.);
#6273 = EDGE_LOOP('',(#6274,#6282,#6283,#6291));
#6274 = ORIENTED_EDGE('',*,*,#6275,.F.);
#6275 = EDGE_CURVE('',#5124,#6276,#6278,.T.);
#6276 = VERTEX_POINT('',#6277);
#6277 = CARTESIAN_POINT('',(0.16,-5.24,-3.));
#6278 = LINE('',#6279,#6280);
#6279 = CARTESIAN_POINT('',(0.16,-5.24,-3.));
#6280 = VECTOR('',#6281,1.);
#6281 = DIRECTION('',(-0.57735026919,0.57735026919,-0.57735026919));
#6282 = ORIENTED_EDGE('',*,*,#5131,.T.);
#6283 = ORIENTED_EDGE('',*,*,#6284,.T.);
#6284 = EDGE_CURVE('',#5132,#6285,#6287,.T.);
#6285 = VERTEX_POINT('',#6286);
#6286 = CARTESIAN_POINT('',(0.16,-4.92,-3.));
#6287 = LINE('',#6288,#6289);
#6288 = CARTESIAN_POINT('',(5.333333333333E-02,-5.026666666667,
    -3.106666666667));
#6289 = VECTOR('',#6290,1.);
#6290 = DIRECTION('',(-0.57735026919,-0.57735026919,-0.57735026919));
#6291 = ORIENTED_EDGE('',*,*,#6292,.F.);
#6292 = EDGE_CURVE('',#6276,#6285,#6293,.T.);
#6293 = LINE('',#6294,#6295);
#6294 = CARTESIAN_POINT('',(0.16,-5.4,-3.));
#6295 = VECTOR('',#6296,1.);
#6296 = DIRECTION('',(0.,1.,0.));
#6297 = PLANE('',#6298);
#6298 = AXIS2_PLACEMENT_3D('',#6299,#6300,#6301);
#6299 = CARTESIAN_POINT('',(0.24,-5.4,-2.92));
#6300 = DIRECTION('',(-0.707106781187,1.735167508357E-18,0.707106781187)
  );
#6301 = DIRECTION('',(1.226948711654E-18,1.,-1.226948711654E-18));
#6302 = ADVANCED_FACE('',(#6303),#6321,.F.);
#6303 = FACE_BOUND('',#6304,.T.);
#6304 = EDGE_LOOP('',(#6305,#6313,#6314,#6315));
#6305 = ORIENTED_EDGE('',*,*,#6306,.F.);
#6306 = EDGE_CURVE('',#5156,#6307,#6309,.T.);
#6307 = VERTEX_POINT('',#6308);
#6308 = CARTESIAN_POINT('',(-0.16,-4.92,-3.));
#6309 = LINE('',#6310,#6311);
#6310 = CARTESIAN_POINT('',(-0.16,-4.92,-3.));
#6311 = VECTOR('',#6312,1.);
#6312 = DIRECTION('',(0.57735026919,-0.57735026919,-0.57735026919));
#6313 = ORIENTED_EDGE('',*,*,#5155,.T.);
#6314 = ORIENTED_EDGE('',*,*,#6284,.T.);
#6315 = ORIENTED_EDGE('',*,*,#6316,.F.);
#6316 = EDGE_CURVE('',#6307,#6285,#6317,.T.);
#6317 = LINE('',#6318,#6319);
#6318 = CARTESIAN_POINT('',(-0.32,-4.92,-3.));
#6319 = VECTOR('',#6320,1.);
#6320 = DIRECTION('',(1.,0.,0.));
#6321 = PLANE('',#6322);
#6322 = AXIS2_PLACEMENT_3D('',#6323,#6324,#6325);
#6323 = CARTESIAN_POINT('',(-0.32,-4.84,-2.92));
#6324 = DIRECTION('',(-1.735167508357E-18,-0.707106781187,0.707106781187
    ));
#6325 = DIRECTION('',(-1.,1.226948711654E-18,-1.226948711654E-18));
#6326 = ADVANCED_FACE('',(#6327),#6345,.T.);
#6327 = FACE_BOUND('',#6328,.T.);
#6328 = EDGE_LOOP('',(#6329,#6337,#6338,#6339));
#6329 = ORIENTED_EDGE('',*,*,#6330,.F.);
#6330 = EDGE_CURVE('',#5179,#6331,#6333,.T.);
#6331 = VERTEX_POINT('',#6332);
#6332 = CARTESIAN_POINT('',(-0.16,-5.24,-3.));
#6333 = LINE('',#6334,#6335);
#6334 = CARTESIAN_POINT('',(-0.266666666667,-5.346666666667,
    -2.893333333333));
#6335 = VECTOR('',#6336,1.);
#6336 = DIRECTION('',(0.57735026919,0.57735026919,-0.57735026919));
#6337 = ORIENTED_EDGE('',*,*,#5186,.T.);
#6338 = ORIENTED_EDGE('',*,*,#6306,.T.);
#6339 = ORIENTED_EDGE('',*,*,#6340,.F.);
#6340 = EDGE_CURVE('',#6331,#6307,#6341,.T.);
#6341 = LINE('',#6342,#6343);
#6342 = CARTESIAN_POINT('',(-0.16,-5.4,-3.));
#6343 = VECTOR('',#6344,1.);
#6344 = DIRECTION('',(0.,1.,0.));
#6345 = PLANE('',#6346);
#6346 = AXIS2_PLACEMENT_3D('',#6347,#6348,#6349);
#6347 = CARTESIAN_POINT('',(-0.24,-5.4,-2.92));
#6348 = DIRECTION('',(-0.707106781187,-1.735167508357E-18,
    -0.707106781187));
#6349 = DIRECTION('',(-1.226948711654E-18,1.,-1.226948711654E-18));
#6350 = ADVANCED_FACE('',(#6351),#6362,.T.);
#6351 = FACE_BOUND('',#6352,.F.);
#6352 = EDGE_LOOP('',(#6353,#6354,#6355,#6356));
#6353 = ORIENTED_EDGE('',*,*,#6330,.F.);
#6354 = ORIENTED_EDGE('',*,*,#5203,.T.);
#6355 = ORIENTED_EDGE('',*,*,#6275,.T.);
#6356 = ORIENTED_EDGE('',*,*,#6357,.F.);
#6357 = EDGE_CURVE('',#6331,#6276,#6358,.T.);
#6358 = LINE('',#6359,#6360);
#6359 = CARTESIAN_POINT('',(-0.32,-5.24,-3.));
#6360 = VECTOR('',#6361,1.);
#6361 = DIRECTION('',(1.,0.,0.));
#6362 = PLANE('',#6363);
#6363 = AXIS2_PLACEMENT_3D('',#6364,#6365,#6366);
#6364 = CARTESIAN_POINT('',(-0.32,-5.32,-2.92));
#6365 = DIRECTION('',(1.735167508357E-18,-0.707106781187,-0.707106781187
    ));
#6366 = DIRECTION('',(-1.,-1.226948711654E-18,-1.226948711654E-18));
#6367 = ADVANCED_FACE('',(#6368),#6393,.F.);
#6368 = FACE_BOUND('',#6369,.F.);
#6369 = EDGE_LOOP('',(#6370,#6378,#6379,#6387));
#6370 = ORIENTED_EDGE('',*,*,#6371,.F.);
#6371 = EDGE_CURVE('',#5220,#6372,#6374,.T.);
#6372 = VERTEX_POINT('',#6373);
#6373 = CARTESIAN_POINT('',(0.16,-2.7,-3.));
#6374 = LINE('',#6375,#6376);
#6375 = CARTESIAN_POINT('',(0.16,-2.7,-3.));
#6376 = VECTOR('',#6377,1.);
#6377 = DIRECTION('',(-0.57735026919,0.57735026919,-0.57735026919));
#6378 = ORIENTED_EDGE('',*,*,#5227,.T.);
#6379 = ORIENTED_EDGE('',*,*,#6380,.T.);
#6380 = EDGE_CURVE('',#5228,#6381,#6383,.T.);
#6381 = VERTEX_POINT('',#6382);
#6382 = CARTESIAN_POINT('',(0.16,-2.38,-3.));
#6383 = LINE('',#6384,#6385);
#6384 = CARTESIAN_POINT('',(5.333333333333E-02,-2.486666666667,
    -3.106666666667));
#6385 = VECTOR('',#6386,1.);
#6386 = DIRECTION('',(-0.57735026919,-0.57735026919,-0.57735026919));
#6387 = ORIENTED_EDGE('',*,*,#6388,.F.);
#6388 = EDGE_CURVE('',#6372,#6381,#6389,.T.);
#6389 = LINE('',#6390,#6391);
#6390 = CARTESIAN_POINT('',(0.16,-2.86,-3.));
#6391 = VECTOR('',#6392,1.);
#6392 = DIRECTION('',(0.,1.,0.));
#6393 = PLANE('',#6394);
#6394 = AXIS2_PLACEMENT_3D('',#6395,#6396,#6397);
#6395 = CARTESIAN_POINT('',(0.24,-2.86,-2.92));
#6396 = DIRECTION('',(-0.707106781187,1.735167508357E-18,0.707106781187)
  );
#6397 = DIRECTION('',(1.226948711654E-18,1.,-1.226948711654E-18));
#6398 = ADVANCED_FACE('',(#6399),#6417,.F.);
#6399 = FACE_BOUND('',#6400,.T.);
#6400 = EDGE_LOOP('',(#6401,#6409,#6410,#6411));
#6401 = ORIENTED_EDGE('',*,*,#6402,.F.);
#6402 = EDGE_CURVE('',#5252,#6403,#6405,.T.);
#6403 = VERTEX_POINT('',#6404);
#6404 = CARTESIAN_POINT('',(-0.16,-2.38,-3.));
#6405 = LINE('',#6406,#6407);
#6406 = CARTESIAN_POINT('',(-0.16,-2.38,-3.));
#6407 = VECTOR('',#6408,1.);
#6408 = DIRECTION('',(0.57735026919,-0.57735026919,-0.57735026919));
#6409 = ORIENTED_EDGE('',*,*,#5251,.T.);
#6410 = ORIENTED_EDGE('',*,*,#6380,.T.);
#6411 = ORIENTED_EDGE('',*,*,#6412,.F.);
#6412 = EDGE_CURVE('',#6403,#6381,#6413,.T.);
#6413 = LINE('',#6414,#6415);
#6414 = CARTESIAN_POINT('',(-0.32,-2.38,-3.));
#6415 = VECTOR('',#6416,1.);
#6416 = DIRECTION('',(1.,0.,0.));
#6417 = PLANE('',#6418);
#6418 = AXIS2_PLACEMENT_3D('',#6419,#6420,#6421);
#6419 = CARTESIAN_POINT('',(-0.32,-2.3,-2.92));
#6420 = DIRECTION('',(-1.735167508357E-18,-0.707106781187,0.707106781187
    ));
#6421 = DIRECTION('',(-1.,1.226948711654E-18,-1.226948711654E-18));
#6422 = ADVANCED_FACE('',(#6423),#6441,.T.);
#6423 = FACE_BOUND('',#6424,.T.);
#6424 = EDGE_LOOP('',(#6425,#6433,#6434,#6435));
#6425 = ORIENTED_EDGE('',*,*,#6426,.F.);
#6426 = EDGE_CURVE('',#5275,#6427,#6429,.T.);
#6427 = VERTEX_POINT('',#6428);
#6428 = CARTESIAN_POINT('',(-0.16,-2.7,-3.));
#6429 = LINE('',#6430,#6431);
#6430 = CARTESIAN_POINT('',(-0.266666666667,-2.806666666667,
    -2.893333333333));
#6431 = VECTOR('',#6432,1.);
#6432 = DIRECTION('',(0.57735026919,0.57735026919,-0.57735026919));
#6433 = ORIENTED_EDGE('',*,*,#5282,.T.);
#6434 = ORIENTED_EDGE('',*,*,#6402,.T.);
#6435 = ORIENTED_EDGE('',*,*,#6436,.F.);
#6436 = EDGE_CURVE('',#6427,#6403,#6437,.T.);
#6437 = LINE('',#6438,#6439);
#6438 = CARTESIAN_POINT('',(-0.16,-2.86,-3.));
#6439 = VECTOR('',#6440,1.);
#6440 = DIRECTION('',(0.,1.,0.));
#6441 = PLANE('',#6442);
#6442 = AXIS2_PLACEMENT_3D('',#6443,#6444,#6445);
#6443 = CARTESIAN_POINT('',(-0.24,-2.86,-2.92));
#6444 = DIRECTION('',(-0.707106781187,-1.735167508357E-18,
    -0.707106781187));
#6445 = DIRECTION('',(-1.226948711654E-18,1.,-1.226948711654E-18));
#6446 = ADVANCED_FACE('',(#6447),#6458,.T.);
#6447 = FACE_BOUND('',#6448,.F.);
#6448 = EDGE_LOOP('',(#6449,#6450,#6451,#6452));
#6449 = ORIENTED_EDGE('',*,*,#6426,.F.);
#6450 = ORIENTED_EDGE('',*,*,#5299,.T.);
#6451 = ORIENTED_EDGE('',*,*,#6371,.T.);
#6452 = ORIENTED_EDGE('',*,*,#6453,.F.);
#6453 = EDGE_CURVE('',#6427,#6372,#6454,.T.);
#6454 = LINE('',#6455,#6456);
#6455 = CARTESIAN_POINT('',(-0.32,-2.7,-3.));
#6456 = VECTOR('',#6457,1.);
#6457 = DIRECTION('',(1.,0.,0.));
#6458 = PLANE('',#6459);
#6459 = AXIS2_PLACEMENT_3D('',#6460,#6461,#6462);
#6460 = CARTESIAN_POINT('',(-0.32,-2.78,-2.92));
#6461 = DIRECTION('',(1.735167508357E-18,-0.707106781187,-0.707106781187
    ));
#6462 = DIRECTION('',(-1.,-1.226948711654E-18,-1.226948711654E-18));
#6463 = ADVANCED_FACE('',(#6464),#6489,.T.);
#6464 = FACE_BOUND('',#6465,.F.);
#6465 = EDGE_LOOP('',(#6466,#6474,#6475,#6483));
#6466 = ORIENTED_EDGE('',*,*,#6467,.F.);
#6467 = EDGE_CURVE('',#5324,#6468,#6470,.T.);
#6468 = VERTEX_POINT('',#6469);
#6469 = CARTESIAN_POINT('',(-0.16,-12.86,-3.));
#6470 = LINE('',#6471,#6472);
#6471 = CARTESIAN_POINT('',(-0.266666666667,-12.96666666666,
    -2.893333333333));
#6472 = VECTOR('',#6473,1.);
#6473 = DIRECTION('',(0.57735026919,0.57735026919,-0.57735026919));
#6474 = ORIENTED_EDGE('',*,*,#5323,.T.);
#6475 = ORIENTED_EDGE('',*,*,#6476,.T.);
#6476 = EDGE_CURVE('',#5316,#6477,#6479,.T.);
#6477 = VERTEX_POINT('',#6478);
#6478 = CARTESIAN_POINT('',(0.16,-12.86,-3.));
#6479 = LINE('',#6480,#6481);
#6480 = CARTESIAN_POINT('',(0.16,-12.86,-3.));
#6481 = VECTOR('',#6482,1.);
#6482 = DIRECTION('',(-0.57735026919,0.57735026919,-0.57735026919));
#6483 = ORIENTED_EDGE('',*,*,#6484,.F.);
#6484 = EDGE_CURVE('',#6468,#6477,#6485,.T.);
#6485 = LINE('',#6486,#6487);
#6486 = CARTESIAN_POINT('',(-0.32,-12.86,-3.));
#6487 = VECTOR('',#6488,1.);
#6488 = DIRECTION('',(1.,0.,0.));
#6489 = PLANE('',#6490);
#6490 = AXIS2_PLACEMENT_3D('',#6491,#6492,#6493);
#6491 = CARTESIAN_POINT('',(-0.32,-12.94,-2.92));
#6492 = DIRECTION('',(1.735167508357E-18,-0.707106781187,-0.707106781187
    ));
#6493 = DIRECTION('',(-1.,-1.226948711654E-18,-1.226948711654E-18));
#6494 = ADVANCED_FACE('',(#6495),#6513,.F.);
#6495 = FACE_BOUND('',#6496,.F.);
#6496 = EDGE_LOOP('',(#6497,#6498,#6499,#6507));
#6497 = ORIENTED_EDGE('',*,*,#6476,.F.);
#6498 = ORIENTED_EDGE('',*,*,#5347,.T.);
#6499 = ORIENTED_EDGE('',*,*,#6500,.T.);
#6500 = EDGE_CURVE('',#5348,#6501,#6503,.T.);
#6501 = VERTEX_POINT('',#6502);
#6502 = CARTESIAN_POINT('',(0.16,-12.54,-3.));
#6503 = LINE('',#6504,#6505);
#6504 = CARTESIAN_POINT('',(5.333333333333E-02,-12.64666666666,
    -3.106666666667));
#6505 = VECTOR('',#6506,1.);
#6506 = DIRECTION('',(-0.57735026919,-0.57735026919,-0.57735026919));
#6507 = ORIENTED_EDGE('',*,*,#6508,.F.);
#6508 = EDGE_CURVE('',#6477,#6501,#6509,.T.);
#6509 = LINE('',#6510,#6511);
#6510 = CARTESIAN_POINT('',(0.16,-13.02,-3.));
#6511 = VECTOR('',#6512,1.);
#6512 = DIRECTION('',(0.,1.,0.));
#6513 = PLANE('',#6514);
#6514 = AXIS2_PLACEMENT_3D('',#6515,#6516,#6517);
#6515 = CARTESIAN_POINT('',(0.24,-13.02,-2.92));
#6516 = DIRECTION('',(-0.707106781187,1.735167508357E-18,0.707106781187)
  );
#6517 = DIRECTION('',(1.226948711654E-18,1.,-1.226948711654E-18));
#6518 = ADVANCED_FACE('',(#6519),#6537,.F.);
#6519 = FACE_BOUND('',#6520,.T.);
#6520 = EDGE_LOOP('',(#6521,#6529,#6530,#6531));
#6521 = ORIENTED_EDGE('',*,*,#6522,.F.);
#6522 = EDGE_CURVE('',#5372,#6523,#6525,.T.);
#6523 = VERTEX_POINT('',#6524);
#6524 = CARTESIAN_POINT('',(-0.16,-12.54,-3.));
#6525 = LINE('',#6526,#6527);
#6526 = CARTESIAN_POINT('',(-0.16,-12.54,-3.));
#6527 = VECTOR('',#6528,1.);
#6528 = DIRECTION('',(0.57735026919,-0.57735026919,-0.57735026919));
#6529 = ORIENTED_EDGE('',*,*,#5371,.T.);
#6530 = ORIENTED_EDGE('',*,*,#6500,.T.);
#6531 = ORIENTED_EDGE('',*,*,#6532,.F.);
#6532 = EDGE_CURVE('',#6523,#6501,#6533,.T.);
#6533 = LINE('',#6534,#6535);
#6534 = CARTESIAN_POINT('',(-0.32,-12.54,-3.));
#6535 = VECTOR('',#6536,1.);
#6536 = DIRECTION('',(1.,0.,0.));
#6537 = PLANE('',#6538);
#6538 = AXIS2_PLACEMENT_3D('',#6539,#6540,#6541);
#6539 = CARTESIAN_POINT('',(-0.32,-12.46,-2.92));
#6540 = DIRECTION('',(-1.735167508357E-18,-0.707106781187,0.707106781187
    ));
#6541 = DIRECTION('',(-1.,1.226948711654E-18,-1.226948711654E-18));
#6542 = ADVANCED_FACE('',(#6543),#6554,.T.);
#6543 = FACE_BOUND('',#6544,.T.);
#6544 = EDGE_LOOP('',(#6545,#6546,#6547,#6548));
#6545 = ORIENTED_EDGE('',*,*,#6467,.F.);
#6546 = ORIENTED_EDGE('',*,*,#5395,.T.);
#6547 = ORIENTED_EDGE('',*,*,#6522,.T.);
#6548 = ORIENTED_EDGE('',*,*,#6549,.F.);
#6549 = EDGE_CURVE('',#6468,#6523,#6550,.T.);
#6550 = LINE('',#6551,#6552);
#6551 = CARTESIAN_POINT('',(-0.16,-13.02,-3.));
#6552 = VECTOR('',#6553,1.);
#6553 = DIRECTION('',(0.,1.,0.));
#6554 = PLANE('',#6555);
#6555 = AXIS2_PLACEMENT_3D('',#6556,#6557,#6558);
#6556 = CARTESIAN_POINT('',(-0.24,-13.02,-2.92));
#6557 = DIRECTION('',(-0.707106781187,-1.735167508357E-18,
    -0.707106781187));
#6558 = DIRECTION('',(-1.226948711654E-18,1.,-1.226948711654E-18));
#6559 = ADVANCED_FACE('',(#6560),#6585,.F.);
#6560 = FACE_BOUND('',#6561,.T.);
#6561 = EDGE_LOOP('',(#6562,#6570,#6571,#6579));
#6562 = ORIENTED_EDGE('',*,*,#6563,.F.);
#6563 = EDGE_CURVE('',#5420,#6564,#6566,.T.);
#6564 = VERTEX_POINT('',#6565);
#6565 = CARTESIAN_POINT('',(-0.16,-10.,-3.));
#6566 = LINE('',#6567,#6568);
#6567 = CARTESIAN_POINT('',(-0.16,-10.,-3.));
#6568 = VECTOR('',#6569,1.);
#6569 = DIRECTION('',(0.57735026919,-0.57735026919,-0.57735026919));
#6570 = ORIENTED_EDGE('',*,*,#5419,.T.);
#6571 = ORIENTED_EDGE('',*,*,#6572,.T.);
#6572 = EDGE_CURVE('',#5412,#6573,#6575,.T.);
#6573 = VERTEX_POINT('',#6574);
#6574 = CARTESIAN_POINT('',(0.16,-10.,-3.));
#6575 = LINE('',#6576,#6577);
#6576 = CARTESIAN_POINT('',(5.333333333333E-02,-10.10666666666,
    -3.106666666667));
#6577 = VECTOR('',#6578,1.);
#6578 = DIRECTION('',(-0.57735026919,-0.57735026919,-0.57735026919));
#6579 = ORIENTED_EDGE('',*,*,#6580,.F.);
#6580 = EDGE_CURVE('',#6564,#6573,#6581,.T.);
#6581 = LINE('',#6582,#6583);
#6582 = CARTESIAN_POINT('',(-0.32,-10.,-3.));
#6583 = VECTOR('',#6584,1.);
#6584 = DIRECTION('',(1.,0.,0.));
#6585 = PLANE('',#6586);
#6586 = AXIS2_PLACEMENT_3D('',#6587,#6588,#6589);
#6587 = CARTESIAN_POINT('',(-0.32,-9.92,-2.92));
#6588 = DIRECTION('',(-1.735167508357E-18,-0.707106781187,0.707106781187
    ));
#6589 = DIRECTION('',(-1.,1.226948711654E-18,-1.226948711654E-18));
#6590 = ADVANCED_FACE('',(#6591),#6609,.T.);
#6591 = FACE_BOUND('',#6592,.T.);
#6592 = EDGE_LOOP('',(#6593,#6601,#6602,#6603));
#6593 = ORIENTED_EDGE('',*,*,#6594,.F.);
#6594 = EDGE_CURVE('',#5443,#6595,#6597,.T.);
#6595 = VERTEX_POINT('',#6596);
#6596 = CARTESIAN_POINT('',(-0.16,-10.32,-3.));
#6597 = LINE('',#6598,#6599);
#6598 = CARTESIAN_POINT('',(-0.266666666667,-10.42666666666,
    -2.893333333333));
#6599 = VECTOR('',#6600,1.);
#6600 = DIRECTION('',(0.57735026919,0.57735026919,-0.57735026919));
#6601 = ORIENTED_EDGE('',*,*,#5450,.T.);
#6602 = ORIENTED_EDGE('',*,*,#6563,.T.);
#6603 = ORIENTED_EDGE('',*,*,#6604,.F.);
#6604 = EDGE_CURVE('',#6595,#6564,#6605,.T.);
#6605 = LINE('',#6606,#6607);
#6606 = CARTESIAN_POINT('',(-0.16,-10.48,-3.));
#6607 = VECTOR('',#6608,1.);
#6608 = DIRECTION('',(0.,1.,0.));
#6609 = PLANE('',#6610);
#6610 = AXIS2_PLACEMENT_3D('',#6611,#6612,#6613);
#6611 = CARTESIAN_POINT('',(-0.24,-10.48,-2.92));
#6612 = DIRECTION('',(-0.707106781187,-1.735167508357E-18,
    -0.707106781187));
#6613 = DIRECTION('',(-1.226948711654E-18,1.,-1.226948711654E-18));
#6614 = ADVANCED_FACE('',(#6615),#6633,.T.);
#6615 = FACE_BOUND('',#6616,.F.);
#6616 = EDGE_LOOP('',(#6617,#6618,#6619,#6627));
#6617 = ORIENTED_EDGE('',*,*,#6594,.F.);
#6618 = ORIENTED_EDGE('',*,*,#5474,.T.);
#6619 = ORIENTED_EDGE('',*,*,#6620,.T.);
#6620 = EDGE_CURVE('',#5467,#6621,#6623,.T.);
#6621 = VERTEX_POINT('',#6622);
#6622 = CARTESIAN_POINT('',(0.16,-10.32,-3.));
#6623 = LINE('',#6624,#6625);
#6624 = CARTESIAN_POINT('',(0.16,-10.32,-3.));
#6625 = VECTOR('',#6626,1.);
#6626 = DIRECTION('',(-0.57735026919,0.57735026919,-0.57735026919));
#6627 = ORIENTED_EDGE('',*,*,#6628,.F.);
#6628 = EDGE_CURVE('',#6595,#6621,#6629,.T.);
#6629 = LINE('',#6630,#6631);
#6630 = CARTESIAN_POINT('',(-0.32,-10.32,-3.));
#6631 = VECTOR('',#6632,1.);
#6632 = DIRECTION('',(1.,0.,0.));
#6633 = PLANE('',#6634);
#6634 = AXIS2_PLACEMENT_3D('',#6635,#6636,#6637);
#6635 = CARTESIAN_POINT('',(-0.32,-10.4,-2.92));
#6636 = DIRECTION('',(1.735167508357E-18,-0.707106781187,-0.707106781187
    ));
#6637 = DIRECTION('',(-1.,-1.226948711654E-18,-1.226948711654E-18));
#6638 = ADVANCED_FACE('',(#6639),#6650,.F.);
#6639 = FACE_BOUND('',#6640,.F.);
#6640 = EDGE_LOOP('',(#6641,#6642,#6643,#6644));
#6641 = ORIENTED_EDGE('',*,*,#6620,.F.);
#6642 = ORIENTED_EDGE('',*,*,#5491,.T.);
#6643 = ORIENTED_EDGE('',*,*,#6572,.T.);
#6644 = ORIENTED_EDGE('',*,*,#6645,.F.);
#6645 = EDGE_CURVE('',#6621,#6573,#6646,.T.);
#6646 = LINE('',#6647,#6648);
#6647 = CARTESIAN_POINT('',(0.16,-10.48,-3.));
#6648 = VECTOR('',#6649,1.);
#6649 = DIRECTION('',(0.,1.,0.));
#6650 = PLANE('',#6651);
#6651 = AXIS2_PLACEMENT_3D('',#6652,#6653,#6654);
#6652 = CARTESIAN_POINT('',(0.24,-10.48,-2.92));
#6653 = DIRECTION('',(-0.707106781187,1.735167508357E-18,0.707106781187)
  );
#6654 = DIRECTION('',(1.226948711654E-18,1.,-1.226948711654E-18));
#6655 = ADVANCED_FACE('',(#6656),#6681,.T.);
#6656 = FACE_BOUND('',#6657,.F.);
#6657 = EDGE_LOOP('',(#6658,#6666,#6667,#6675));
#6658 = ORIENTED_EDGE('',*,*,#6659,.F.);
#6659 = EDGE_CURVE('',#5516,#6660,#6662,.T.);
#6660 = VERTEX_POINT('',#6661);
#6661 = CARTESIAN_POINT('',(-0.16,-7.78,-3.));
#6662 = LINE('',#6663,#6664);
#6663 = CARTESIAN_POINT('',(-0.266666666667,-7.886666666667,
    -2.893333333333));
#6664 = VECTOR('',#6665,1.);
#6665 = DIRECTION('',(0.57735026919,0.57735026919,-0.57735026919));
#6666 = ORIENTED_EDGE('',*,*,#5515,.T.);
#6667 = ORIENTED_EDGE('',*,*,#6668,.T.);
#6668 = EDGE_CURVE('',#5508,#6669,#6671,.T.);
#6669 = VERTEX_POINT('',#6670);
#6670 = CARTESIAN_POINT('',(0.16,-7.78,-3.));
#6671 = LINE('',#6672,#6673);
#6672 = CARTESIAN_POINT('',(0.16,-7.78,-3.));
#6673 = VECTOR('',#6674,1.);
#6674 = DIRECTION('',(-0.57735026919,0.57735026919,-0.57735026919));
#6675 = ORIENTED_EDGE('',*,*,#6676,.F.);
#6676 = EDGE_CURVE('',#6660,#6669,#6677,.T.);
#6677 = LINE('',#6678,#6679);
#6678 = CARTESIAN_POINT('',(-0.32,-7.78,-3.));
#6679 = VECTOR('',#6680,1.);
#6680 = DIRECTION('',(1.,0.,0.));
#6681 = PLANE('',#6682);
#6682 = AXIS2_PLACEMENT_3D('',#6683,#6684,#6685);
#6683 = CARTESIAN_POINT('',(-0.32,-7.86,-2.92));
#6684 = DIRECTION('',(1.735167508357E-18,-0.707106781187,-0.707106781187
    ));
#6685 = DIRECTION('',(-1.,-1.226948711654E-18,-1.226948711654E-18));
#6686 = ADVANCED_FACE('',(#6687),#6705,.F.);
#6687 = FACE_BOUND('',#6688,.F.);
#6688 = EDGE_LOOP('',(#6689,#6690,#6691,#6699));
#6689 = ORIENTED_EDGE('',*,*,#6668,.F.);
#6690 = ORIENTED_EDGE('',*,*,#5539,.T.);
#6691 = ORIENTED_EDGE('',*,*,#6692,.T.);
#6692 = EDGE_CURVE('',#5540,#6693,#6695,.T.);
#6693 = VERTEX_POINT('',#6694);
#6694 = CARTESIAN_POINT('',(0.16,-7.46,-3.));
#6695 = LINE('',#6696,#6697);
#6696 = CARTESIAN_POINT('',(5.333333333333E-02,-7.566666666667,
    -3.106666666667));
#6697 = VECTOR('',#6698,1.);
#6698 = DIRECTION('',(-0.57735026919,-0.57735026919,-0.57735026919));
#6699 = ORIENTED_EDGE('',*,*,#6700,.F.);
#6700 = EDGE_CURVE('',#6669,#6693,#6701,.T.);
#6701 = LINE('',#6702,#6703);
#6702 = CARTESIAN_POINT('',(0.16,-7.94,-3.));
#6703 = VECTOR('',#6704,1.);
#6704 = DIRECTION('',(0.,1.,0.));
#6705 = PLANE('',#6706);
#6706 = AXIS2_PLACEMENT_3D('',#6707,#6708,#6709);
#6707 = CARTESIAN_POINT('',(0.24,-7.94,-2.92));
#6708 = DIRECTION('',(-0.707106781187,1.735167508357E-18,0.707106781187)
  );
#6709 = DIRECTION('',(1.226948711654E-18,1.,-1.226948711654E-18));
#6710 = ADVANCED_FACE('',(#6711),#6729,.F.);
#6711 = FACE_BOUND('',#6712,.T.);
#6712 = EDGE_LOOP('',(#6713,#6721,#6722,#6723));
#6713 = ORIENTED_EDGE('',*,*,#6714,.F.);
#6714 = EDGE_CURVE('',#5564,#6715,#6717,.T.);
#6715 = VERTEX_POINT('',#6716);
#6716 = CARTESIAN_POINT('',(-0.16,-7.46,-3.));
#6717 = LINE('',#6718,#6719);
#6718 = CARTESIAN_POINT('',(-0.16,-7.46,-3.));
#6719 = VECTOR('',#6720,1.);
#6720 = DIRECTION('',(0.57735026919,-0.57735026919,-0.57735026919));
#6721 = ORIENTED_EDGE('',*,*,#5563,.T.);
#6722 = ORIENTED_EDGE('',*,*,#6692,.T.);
#6723 = ORIENTED_EDGE('',*,*,#6724,.F.);
#6724 = EDGE_CURVE('',#6715,#6693,#6725,.T.);
#6725 = LINE('',#6726,#6727);
#6726 = CARTESIAN_POINT('',(-0.32,-7.46,-3.));
#6727 = VECTOR('',#6728,1.);
#6728 = DIRECTION('',(1.,0.,0.));
#6729 = PLANE('',#6730);
#6730 = AXIS2_PLACEMENT_3D('',#6731,#6732,#6733);
#6731 = CARTESIAN_POINT('',(-0.32,-7.38,-2.92));
#6732 = DIRECTION('',(-1.735167508357E-18,-0.707106781187,0.707106781187
    ));
#6733 = DIRECTION('',(-1.,1.226948711654E-18,-1.226948711654E-18));
#6734 = ADVANCED_FACE('',(#6735),#6746,.T.);
#6735 = FACE_BOUND('',#6736,.T.);
#6736 = EDGE_LOOP('',(#6737,#6738,#6739,#6740));
#6737 = ORIENTED_EDGE('',*,*,#6659,.F.);
#6738 = ORIENTED_EDGE('',*,*,#5587,.T.);
#6739 = ORIENTED_EDGE('',*,*,#6714,.T.);
#6740 = ORIENTED_EDGE('',*,*,#6741,.F.);
#6741 = EDGE_CURVE('',#6660,#6715,#6742,.T.);
#6742 = LINE('',#6743,#6744);
#6743 = CARTESIAN_POINT('',(-0.16,-7.94,-3.));
#6744 = VECTOR('',#6745,1.);
#6745 = DIRECTION('',(0.,1.,0.));
#6746 = PLANE('',#6747);
#6747 = AXIS2_PLACEMENT_3D('',#6748,#6749,#6750);
#6748 = CARTESIAN_POINT('',(-0.24,-7.94,-2.92));
#6749 = DIRECTION('',(-0.707106781187,-1.735167508357E-18,
    -0.707106781187));
#6750 = DIRECTION('',(-1.226948711654E-18,1.,-1.226948711654E-18));
#6751 = ADVANCED_FACE('',(#6752),#6777,.T.);
#6752 = FACE_BOUND('',#6753,.T.);
#6753 = EDGE_LOOP('',(#6754,#6762,#6763,#6771));
#6754 = ORIENTED_EDGE('',*,*,#6755,.F.);
#6755 = EDGE_CURVE('',#5604,#6756,#6758,.T.);
#6756 = VERTEX_POINT('',#6757);
#6757 = CARTESIAN_POINT('',(0.16,-0.16,8.54));
#6758 = LINE('',#6759,#6760);
#6759 = CARTESIAN_POINT('',(0.16,-0.16,8.54));
#6760 = VECTOR('',#6761,1.);
#6761 = DIRECTION('',(-0.57735026919,0.57735026919,0.57735026919));
#6762 = ORIENTED_EDGE('',*,*,#5620,.T.);
#6763 = ORIENTED_EDGE('',*,*,#6764,.T.);
#6764 = EDGE_CURVE('',#5613,#6765,#6767,.T.);
#6765 = VERTEX_POINT('',#6766);
#6766 = CARTESIAN_POINT('',(0.16,0.16,8.54));
#6767 = LINE('',#6768,#6769);
#6768 = CARTESIAN_POINT('',(5.333333333333E-02,5.333333333333E-02,
    8.646666666667));
#6769 = VECTOR('',#6770,1.);
#6770 = DIRECTION('',(-0.57735026919,-0.57735026919,0.57735026919));
#6771 = ORIENTED_EDGE('',*,*,#6772,.F.);
#6772 = EDGE_CURVE('',#6756,#6765,#6773,.T.);
#6773 = LINE('',#6774,#6775);
#6774 = CARTESIAN_POINT('',(0.16,-0.32,8.54));
#6775 = VECTOR('',#6776,1.);
#6776 = DIRECTION('',(0.,1.,0.));
#6777 = PLANE('',#6778);
#6778 = AXIS2_PLACEMENT_3D('',#6779,#6780,#6781);
#6779 = CARTESIAN_POINT('',(0.24,-0.32,8.46));
#6780 = DIRECTION('',(0.707106781187,-1.735167508357E-18,0.707106781187)
  );
#6781 = DIRECTION('',(1.226948711654E-18,1.,1.226948711654E-18));
#6782 = ADVANCED_FACE('',(#6783),#6801,.T.);
#6783 = FACE_BOUND('',#6784,.F.);
#6784 = EDGE_LOOP('',(#6785,#6793,#6794,#6795));
#6785 = ORIENTED_EDGE('',*,*,#6786,.F.);
#6786 = EDGE_CURVE('',#5637,#6787,#6789,.T.);
#6787 = VERTEX_POINT('',#6788);
#6788 = CARTESIAN_POINT('',(-0.16,0.16,8.54));
#6789 = LINE('',#6790,#6791);
#6790 = CARTESIAN_POINT('',(-0.16,0.16,8.54));
#6791 = VECTOR('',#6792,1.);
#6792 = DIRECTION('',(0.57735026919,-0.57735026919,0.57735026919));
#6793 = ORIENTED_EDGE('',*,*,#5644,.T.);
#6794 = ORIENTED_EDGE('',*,*,#6764,.T.);
#6795 = ORIENTED_EDGE('',*,*,#6796,.F.);
#6796 = EDGE_CURVE('',#6787,#6765,#6797,.T.);
#6797 = LINE('',#6798,#6799);
#6798 = CARTESIAN_POINT('',(-0.32,0.16,8.54));
#6799 = VECTOR('',#6800,1.);
#6800 = DIRECTION('',(1.,0.,0.));
#6801 = PLANE('',#6802);
#6802 = AXIS2_PLACEMENT_3D('',#6803,#6804,#6805);
#6803 = CARTESIAN_POINT('',(-0.32,0.24,8.46));
#6804 = DIRECTION('',(1.735167508357E-18,0.707106781187,0.707106781187)
  );
#6805 = DIRECTION('',(-1.,1.226948711654E-18,1.226948711654E-18));
#6806 = ADVANCED_FACE('',(#6807),#6825,.F.);
#6807 = FACE_BOUND('',#6808,.F.);
#6808 = EDGE_LOOP('',(#6809,#6817,#6818,#6819));
#6809 = ORIENTED_EDGE('',*,*,#6810,.F.);
#6810 = EDGE_CURVE('',#5659,#6811,#6813,.T.);
#6811 = VERTEX_POINT('',#6812);
#6812 = CARTESIAN_POINT('',(-0.16,-0.16,8.54));
#6813 = LINE('',#6814,#6815);
#6814 = CARTESIAN_POINT('',(-0.266666666667,-0.266666666667,
    8.433333333333));
#6815 = VECTOR('',#6816,1.);
#6816 = DIRECTION('',(0.57735026919,0.57735026919,0.57735026919));
#6817 = ORIENTED_EDGE('',*,*,#5668,.T.);
#6818 = ORIENTED_EDGE('',*,*,#6786,.T.);
#6819 = ORIENTED_EDGE('',*,*,#6820,.F.);
#6820 = EDGE_CURVE('',#6811,#6787,#6821,.T.);
#6821 = LINE('',#6822,#6823);
#6822 = CARTESIAN_POINT('',(-0.16,-0.32,8.54));
#6823 = VECTOR('',#6824,1.);
#6824 = DIRECTION('',(0.,1.,0.));
#6825 = PLANE('',#6826);
#6826 = AXIS2_PLACEMENT_3D('',#6827,#6828,#6829);
#6827 = CARTESIAN_POINT('',(-0.24,-0.32,8.46));
#6828 = DIRECTION('',(0.707106781187,1.735167508357E-18,-0.707106781187)
  );
#6829 = DIRECTION('',(-1.226948711654E-18,1.,1.226948711654E-18));
#6830 = ADVANCED_FACE('',(#6831),#6842,.F.);
#6831 = FACE_BOUND('',#6832,.T.);
#6832 = EDGE_LOOP('',(#6833,#6834,#6835,#6836));
#6833 = ORIENTED_EDGE('',*,*,#6810,.F.);
#6834 = ORIENTED_EDGE('',*,*,#5685,.T.);
#6835 = ORIENTED_EDGE('',*,*,#6755,.T.);
#6836 = ORIENTED_EDGE('',*,*,#6837,.F.);
#6837 = EDGE_CURVE('',#6811,#6756,#6838,.T.);
#6838 = LINE('',#6839,#6840);
#6839 = CARTESIAN_POINT('',(-0.32,-0.16,8.54));
#6840 = VECTOR('',#6841,1.);
#6841 = DIRECTION('',(1.,0.,0.));
#6842 = PLANE('',#6843);
#6843 = AXIS2_PLACEMENT_3D('',#6844,#6845,#6846);
#6844 = CARTESIAN_POINT('',(-0.32,-0.24,8.46));
#6845 = DIRECTION('',(-1.735167508357E-18,0.707106781187,-0.707106781187
    ));
#6846 = DIRECTION('',(-1.,-1.226948711654E-18,1.226948711654E-18));
#6847 = ADVANCED_FACE('',(#6848),#6873,.T.);
#6848 = FACE_BOUND('',#6849,.T.);
#6849 = EDGE_LOOP('',(#6850,#6858,#6859,#6867));
#6850 = ORIENTED_EDGE('',*,*,#6851,.F.);
#6851 = EDGE_CURVE('',#5700,#6852,#6854,.T.);
#6852 = VERTEX_POINT('',#6853);
#6853 = CARTESIAN_POINT('',(0.16,-5.24,8.54));
#6854 = LINE('',#6855,#6856);
#6855 = CARTESIAN_POINT('',(0.16,-5.24,8.54));
#6856 = VECTOR('',#6857,1.);
#6857 = DIRECTION('',(-0.57735026919,0.57735026919,0.57735026919));
#6858 = ORIENTED_EDGE('',*,*,#5716,.T.);
#6859 = ORIENTED_EDGE('',*,*,#6860,.T.);
#6860 = EDGE_CURVE('',#5709,#6861,#6863,.T.);
#6861 = VERTEX_POINT('',#6862);
#6862 = CARTESIAN_POINT('',(0.16,-4.92,8.54));
#6863 = LINE('',#6864,#6865);
#6864 = CARTESIAN_POINT('',(5.333333333333E-02,-5.026666666667,
    8.646666666667));
#6865 = VECTOR('',#6866,1.);
#6866 = DIRECTION('',(-0.57735026919,-0.57735026919,0.57735026919));
#6867 = ORIENTED_EDGE('',*,*,#6868,.F.);
#6868 = EDGE_CURVE('',#6852,#6861,#6869,.T.);
#6869 = LINE('',#6870,#6871);
#6870 = CARTESIAN_POINT('',(0.16,-5.4,8.54));
#6871 = VECTOR('',#6872,1.);
#6872 = DIRECTION('',(0.,1.,0.));
#6873 = PLANE('',#6874);
#6874 = AXIS2_PLACEMENT_3D('',#6875,#6876,#6877);
#6875 = CARTESIAN_POINT('',(0.24,-5.4,8.46));
#6876 = DIRECTION('',(0.707106781187,-1.735167508357E-18,0.707106781187)
  );
#6877 = DIRECTION('',(1.226948711654E-18,1.,1.226948711654E-18));
#6878 = ADVANCED_FACE('',(#6879),#6897,.T.);
#6879 = FACE_BOUND('',#6880,.F.);
#6880 = EDGE_LOOP('',(#6881,#6889,#6890,#6891));
#6881 = ORIENTED_EDGE('',*,*,#6882,.F.);
#6882 = EDGE_CURVE('',#5733,#6883,#6885,.T.);
#6883 = VERTEX_POINT('',#6884);
#6884 = CARTESIAN_POINT('',(-0.16,-4.92,8.54));
#6885 = LINE('',#6886,#6887);
#6886 = CARTESIAN_POINT('',(-0.16,-4.92,8.54));
#6887 = VECTOR('',#6888,1.);
#6888 = DIRECTION('',(0.57735026919,-0.57735026919,0.57735026919));
#6889 = ORIENTED_EDGE('',*,*,#5740,.T.);
#6890 = ORIENTED_EDGE('',*,*,#6860,.T.);
#6891 = ORIENTED_EDGE('',*,*,#6892,.F.);
#6892 = EDGE_CURVE('',#6883,#6861,#6893,.T.);
#6893 = LINE('',#6894,#6895);
#6894 = CARTESIAN_POINT('',(-0.32,-4.92,8.54));
#6895 = VECTOR('',#6896,1.);
#6896 = DIRECTION('',(1.,0.,0.));
#6897 = PLANE('',#6898);
#6898 = AXIS2_PLACEMENT_3D('',#6899,#6900,#6901);
#6899 = CARTESIAN_POINT('',(-0.32,-4.84,8.46));
#6900 = DIRECTION('',(1.735167508357E-18,0.707106781187,0.707106781187)
  );
#6901 = DIRECTION('',(-1.,1.226948711654E-18,1.226948711654E-18));
#6902 = ADVANCED_FACE('',(#6903),#6921,.F.);
#6903 = FACE_BOUND('',#6904,.F.);
#6904 = EDGE_LOOP('',(#6905,#6913,#6914,#6915));
#6905 = ORIENTED_EDGE('',*,*,#6906,.F.);
#6906 = EDGE_CURVE('',#5755,#6907,#6909,.T.);
#6907 = VERTEX_POINT('',#6908);
#6908 = CARTESIAN_POINT('',(-0.16,-5.24,8.54));
#6909 = LINE('',#6910,#6911);
#6910 = CARTESIAN_POINT('',(-0.266666666667,-5.346666666667,
    8.433333333333));
#6911 = VECTOR('',#6912,1.);
#6912 = DIRECTION('',(0.57735026919,0.57735026919,0.57735026919));
#6913 = ORIENTED_EDGE('',*,*,#5764,.T.);
#6914 = ORIENTED_EDGE('',*,*,#6882,.T.);
#6915 = ORIENTED_EDGE('',*,*,#6916,.F.);
#6916 = EDGE_CURVE('',#6907,#6883,#6917,.T.);
#6917 = LINE('',#6918,#6919);
#6918 = CARTESIAN_POINT('',(-0.16,-5.4,8.54));
#6919 = VECTOR('',#6920,1.);
#6920 = DIRECTION('',(0.,1.,0.));
#6921 = PLANE('',#6922);
#6922 = AXIS2_PLACEMENT_3D('',#6923,#6924,#6925);
#6923 = CARTESIAN_POINT('',(-0.24,-5.4,8.46));
#6924 = DIRECTION('',(0.707106781187,1.735167508357E-18,-0.707106781187)
  );
#6925 = DIRECTION('',(-1.226948711654E-18,1.,1.226948711654E-18));
#6926 = ADVANCED_FACE('',(#6927),#6938,.F.);
#6927 = FACE_BOUND('',#6928,.T.);
#6928 = EDGE_LOOP('',(#6929,#6930,#6931,#6932));
#6929 = ORIENTED_EDGE('',*,*,#6906,.F.);
#6930 = ORIENTED_EDGE('',*,*,#5781,.T.);
#6931 = ORIENTED_EDGE('',*,*,#6851,.T.);
#6932 = ORIENTED_EDGE('',*,*,#6933,.F.);
#6933 = EDGE_CURVE('',#6907,#6852,#6934,.T.);
#6934 = LINE('',#6935,#6936);
#6935 = CARTESIAN_POINT('',(-0.32,-5.24,8.54));
#6936 = VECTOR('',#6937,1.);
#6937 = DIRECTION('',(1.,0.,0.));
#6938 = PLANE('',#6939);
#6939 = AXIS2_PLACEMENT_3D('',#6940,#6941,#6942);
#6940 = CARTESIAN_POINT('',(-0.32,-5.32,8.46));
#6941 = DIRECTION('',(-1.735167508357E-18,0.707106781187,-0.707106781187
    ));
#6942 = DIRECTION('',(-1.,-1.226948711654E-18,1.226948711654E-18));
#6943 = ADVANCED_FACE('',(#6944),#6969,.T.);
#6944 = FACE_BOUND('',#6945,.T.);
#6945 = EDGE_LOOP('',(#6946,#6954,#6955,#6963));
#6946 = ORIENTED_EDGE('',*,*,#6947,.F.);
#6947 = EDGE_CURVE('',#5796,#6948,#6950,.T.);
#6948 = VERTEX_POINT('',#6949);
#6949 = CARTESIAN_POINT('',(0.16,-2.7,8.54));
#6950 = LINE('',#6951,#6952);
#6951 = CARTESIAN_POINT('',(0.16,-2.7,8.54));
#6952 = VECTOR('',#6953,1.);
#6953 = DIRECTION('',(-0.57735026919,0.57735026919,0.57735026919));
#6954 = ORIENTED_EDGE('',*,*,#5812,.T.);
#6955 = ORIENTED_EDGE('',*,*,#6956,.T.);
#6956 = EDGE_CURVE('',#5805,#6957,#6959,.T.);
#6957 = VERTEX_POINT('',#6958);
#6958 = CARTESIAN_POINT('',(0.16,-2.38,8.54));
#6959 = LINE('',#6960,#6961);
#6960 = CARTESIAN_POINT('',(5.333333333333E-02,-2.486666666667,
    8.646666666667));
#6961 = VECTOR('',#6962,1.);
#6962 = DIRECTION('',(-0.57735026919,-0.57735026919,0.57735026919));
#6963 = ORIENTED_EDGE('',*,*,#6964,.F.);
#6964 = EDGE_CURVE('',#6948,#6957,#6965,.T.);
#6965 = LINE('',#6966,#6967);
#6966 = CARTESIAN_POINT('',(0.16,-2.86,8.54));
#6967 = VECTOR('',#6968,1.);
#6968 = DIRECTION('',(0.,1.,0.));
#6969 = PLANE('',#6970);
#6970 = AXIS2_PLACEMENT_3D('',#6971,#6972,#6973);
#6971 = CARTESIAN_POINT('',(0.24,-2.86,8.46));
#6972 = DIRECTION('',(0.707106781187,-1.735167508357E-18,0.707106781187)
  );
#6973 = DIRECTION('',(1.226948711654E-18,1.,1.226948711654E-18));
#6974 = ADVANCED_FACE('',(#6975),#6993,.T.);
#6975 = FACE_BOUND('',#6976,.F.);
#6976 = EDGE_LOOP('',(#6977,#6985,#6986,#6987));
#6977 = ORIENTED_EDGE('',*,*,#6978,.F.);
#6978 = EDGE_CURVE('',#5829,#6979,#6981,.T.);
#6979 = VERTEX_POINT('',#6980);
#6980 = CARTESIAN_POINT('',(-0.16,-2.38,8.54));
#6981 = LINE('',#6982,#6983);
#6982 = CARTESIAN_POINT('',(-0.16,-2.38,8.54));
#6983 = VECTOR('',#6984,1.);
#6984 = DIRECTION('',(0.57735026919,-0.57735026919,0.57735026919));
#6985 = ORIENTED_EDGE('',*,*,#5836,.T.);
#6986 = ORIENTED_EDGE('',*,*,#6956,.T.);
#6987 = ORIENTED_EDGE('',*,*,#6988,.F.);
#6988 = EDGE_CURVE('',#6979,#6957,#6989,.T.);
#6989 = LINE('',#6990,#6991);
#6990 = CARTESIAN_POINT('',(-0.32,-2.38,8.54));
#6991 = VECTOR('',#6992,1.);
#6992 = DIRECTION('',(1.,0.,0.));
#6993 = PLANE('',#6994);
#6994 = AXIS2_PLACEMENT_3D('',#6995,#6996,#6997);
#6995 = CARTESIAN_POINT('',(-0.32,-2.3,8.46));
#6996 = DIRECTION('',(1.735167508357E-18,0.707106781187,0.707106781187)
  );
#6997 = DIRECTION('',(-1.,1.226948711654E-18,1.226948711654E-18));
#6998 = ADVANCED_FACE('',(#6999),#7017,.F.);
#6999 = FACE_BOUND('',#7000,.F.);
#7000 = EDGE_LOOP('',(#7001,#7009,#7010,#7011));
#7001 = ORIENTED_EDGE('',*,*,#7002,.F.);
#7002 = EDGE_CURVE('',#5851,#7003,#7005,.T.);
#7003 = VERTEX_POINT('',#7004);
#7004 = CARTESIAN_POINT('',(-0.16,-2.7,8.54));
#7005 = LINE('',#7006,#7007);
#7006 = CARTESIAN_POINT('',(-0.266666666667,-2.806666666667,
    8.433333333333));
#7007 = VECTOR('',#7008,1.);
#7008 = DIRECTION('',(0.57735026919,0.57735026919,0.57735026919));
#7009 = ORIENTED_EDGE('',*,*,#5860,.T.);
#7010 = ORIENTED_EDGE('',*,*,#6978,.T.);
#7011 = ORIENTED_EDGE('',*,*,#7012,.F.);
#7012 = EDGE_CURVE('',#7003,#6979,#7013,.T.);
#7013 = LINE('',#7014,#7015);
#7014 = CARTESIAN_POINT('',(-0.16,-2.86,8.54));
#7015 = VECTOR('',#7016,1.);
#7016 = DIRECTION('',(0.,1.,0.));
#7017 = PLANE('',#7018);
#7018 = AXIS2_PLACEMENT_3D('',#7019,#7020,#7021);
#7019 = CARTESIAN_POINT('',(-0.24,-2.86,8.46));
#7020 = DIRECTION('',(0.707106781187,1.735167508357E-18,-0.707106781187)
  );
#7021 = DIRECTION('',(-1.226948711654E-18,1.,1.226948711654E-18));
#7022 = ADVANCED_FACE('',(#7023),#7034,.F.);
#7023 = FACE_BOUND('',#7024,.T.);
#7024 = EDGE_LOOP('',(#7025,#7026,#7027,#7028));
#7025 = ORIENTED_EDGE('',*,*,#7002,.F.);
#7026 = ORIENTED_EDGE('',*,*,#5877,.T.);
#7027 = ORIENTED_EDGE('',*,*,#6947,.T.);
#7028 = ORIENTED_EDGE('',*,*,#7029,.F.);
#7029 = EDGE_CURVE('',#7003,#6948,#7030,.T.);
#7030 = LINE('',#7031,#7032);
#7031 = CARTESIAN_POINT('',(-0.32,-2.7,8.54));
#7032 = VECTOR('',#7033,1.);
#7033 = DIRECTION('',(1.,0.,0.));
#7034 = PLANE('',#7035);
#7035 = AXIS2_PLACEMENT_3D('',#7036,#7037,#7038);
#7036 = CARTESIAN_POINT('',(-0.32,-2.78,8.46));
#7037 = DIRECTION('',(-1.735167508357E-18,0.707106781187,-0.707106781187
    ));
#7038 = DIRECTION('',(-1.,-1.226948711654E-18,1.226948711654E-18));
#7039 = ADVANCED_FACE('',(#7040),#7065,.F.);
#7040 = FACE_BOUND('',#7041,.T.);
#7041 = EDGE_LOOP('',(#7042,#7050,#7051,#7059));
#7042 = ORIENTED_EDGE('',*,*,#7043,.F.);
#7043 = EDGE_CURVE('',#5901,#7044,#7046,.T.);
#7044 = VERTEX_POINT('',#7045);
#7045 = CARTESIAN_POINT('',(-0.16,-12.86,8.54));
#7046 = LINE('',#7047,#7048);
#7047 = CARTESIAN_POINT('',(-0.266666666667,-12.96666666666,
    8.433333333333));
#7048 = VECTOR('',#7049,1.);
#7049 = DIRECTION('',(0.57735026919,0.57735026919,0.57735026919));
#7050 = ORIENTED_EDGE('',*,*,#5908,.T.);
#7051 = ORIENTED_EDGE('',*,*,#7052,.T.);
#7052 = EDGE_CURVE('',#5892,#7053,#7055,.T.);
#7053 = VERTEX_POINT('',#7054);
#7054 = CARTESIAN_POINT('',(0.16,-12.86,8.54));
#7055 = LINE('',#7056,#7057);
#7056 = CARTESIAN_POINT('',(0.16,-12.86,8.54));
#7057 = VECTOR('',#7058,1.);
#7058 = DIRECTION('',(-0.57735026919,0.57735026919,0.57735026919));
#7059 = ORIENTED_EDGE('',*,*,#7060,.F.);
#7060 = EDGE_CURVE('',#7044,#7053,#7061,.T.);
#7061 = LINE('',#7062,#7063);
#7062 = CARTESIAN_POINT('',(-0.32,-12.86,8.54));
#7063 = VECTOR('',#7064,1.);
#7064 = DIRECTION('',(1.,0.,0.));
#7065 = PLANE('',#7066);
#7066 = AXIS2_PLACEMENT_3D('',#7067,#7068,#7069);
#7067 = CARTESIAN_POINT('',(-0.32,-12.94,8.46));
#7068 = DIRECTION('',(-1.735167508357E-18,0.707106781187,-0.707106781187
    ));
#7069 = DIRECTION('',(-1.,-1.226948711654E-18,1.226948711654E-18));
#7070 = ADVANCED_FACE('',(#7071),#7089,.T.);
#7071 = FACE_BOUND('',#7072,.T.);
#7072 = EDGE_LOOP('',(#7073,#7074,#7075,#7083));
#7073 = ORIENTED_EDGE('',*,*,#7052,.F.);
#7074 = ORIENTED_EDGE('',*,*,#5932,.T.);
#7075 = ORIENTED_EDGE('',*,*,#7076,.T.);
#7076 = EDGE_CURVE('',#5925,#7077,#7079,.T.);
#7077 = VERTEX_POINT('',#7078);
#7078 = CARTESIAN_POINT('',(0.16,-12.54,8.54));
#7079 = LINE('',#7080,#7081);
#7080 = CARTESIAN_POINT('',(5.333333333333E-02,-12.64666666666,
    8.646666666667));
#7081 = VECTOR('',#7082,1.);
#7082 = DIRECTION('',(-0.57735026919,-0.57735026919,0.57735026919));
#7083 = ORIENTED_EDGE('',*,*,#7084,.F.);
#7084 = EDGE_CURVE('',#7053,#7077,#7085,.T.);
#7085 = LINE('',#7086,#7087);
#7086 = CARTESIAN_POINT('',(0.16,-13.02,8.54));
#7087 = VECTOR('',#7088,1.);
#7088 = DIRECTION('',(0.,1.,0.));
#7089 = PLANE('',#7090);
#7090 = AXIS2_PLACEMENT_3D('',#7091,#7092,#7093);
#7091 = CARTESIAN_POINT('',(0.24,-13.02,8.46));
#7092 = DIRECTION('',(0.707106781187,-1.735167508357E-18,0.707106781187)
  );
#7093 = DIRECTION('',(1.226948711654E-18,1.,1.226948711654E-18));
#7094 = ADVANCED_FACE('',(#7095),#7113,.T.);
#7095 = FACE_BOUND('',#7096,.F.);
#7096 = EDGE_LOOP('',(#7097,#7105,#7106,#7107));
#7097 = ORIENTED_EDGE('',*,*,#7098,.F.);
#7098 = EDGE_CURVE('',#5949,#7099,#7101,.T.);
#7099 = VERTEX_POINT('',#7100);
#7100 = CARTESIAN_POINT('',(-0.16,-12.54,8.54));
#7101 = LINE('',#7102,#7103);
#7102 = CARTESIAN_POINT('',(-0.16,-12.54,8.54));
#7103 = VECTOR('',#7104,1.);
#7104 = DIRECTION('',(0.57735026919,-0.57735026919,0.57735026919));
#7105 = ORIENTED_EDGE('',*,*,#5956,.T.);
#7106 = ORIENTED_EDGE('',*,*,#7076,.T.);
#7107 = ORIENTED_EDGE('',*,*,#7108,.F.);
#7108 = EDGE_CURVE('',#7099,#7077,#7109,.T.);
#7109 = LINE('',#7110,#7111);
#7110 = CARTESIAN_POINT('',(-0.32,-12.54,8.54));
#7111 = VECTOR('',#7112,1.);
#7112 = DIRECTION('',(1.,0.,0.));
#7113 = PLANE('',#7114);
#7114 = AXIS2_PLACEMENT_3D('',#7115,#7116,#7117);
#7115 = CARTESIAN_POINT('',(-0.32,-12.46,8.46));
#7116 = DIRECTION('',(1.735167508357E-18,0.707106781187,0.707106781187)
  );
#7117 = DIRECTION('',(-1.,1.226948711654E-18,1.226948711654E-18));
#7118 = ADVANCED_FACE('',(#7119),#7130,.F.);
#7119 = FACE_BOUND('',#7120,.F.);
#7120 = EDGE_LOOP('',(#7121,#7122,#7123,#7124));
#7121 = ORIENTED_EDGE('',*,*,#7043,.F.);
#7122 = ORIENTED_EDGE('',*,*,#5973,.T.);
#7123 = ORIENTED_EDGE('',*,*,#7098,.T.);
#7124 = ORIENTED_EDGE('',*,*,#7125,.F.);
#7125 = EDGE_CURVE('',#7044,#7099,#7126,.T.);
#7126 = LINE('',#7127,#7128);
#7127 = CARTESIAN_POINT('',(-0.16,-13.02,8.54));
#7128 = VECTOR('',#7129,1.);
#7129 = DIRECTION('',(0.,1.,0.));
#7130 = PLANE('',#7131);
#7131 = AXIS2_PLACEMENT_3D('',#7132,#7133,#7134);
#7132 = CARTESIAN_POINT('',(-0.24,-13.02,8.46));
#7133 = DIRECTION('',(0.707106781187,1.735167508357E-18,-0.707106781187)
  );
#7134 = DIRECTION('',(-1.226948711654E-18,1.,1.226948711654E-18));
#7135 = ADVANCED_FACE('',(#7136),#7161,.T.);
#7136 = FACE_BOUND('',#7137,.F.);
#7137 = EDGE_LOOP('',(#7138,#7146,#7147,#7155));
#7138 = ORIENTED_EDGE('',*,*,#7139,.F.);
#7139 = EDGE_CURVE('',#5997,#7140,#7142,.T.);
#7140 = VERTEX_POINT('',#7141);
#7141 = CARTESIAN_POINT('',(-0.16,-10.,8.54));
#7142 = LINE('',#7143,#7144);
#7143 = CARTESIAN_POINT('',(-0.16,-10.,8.54));
#7144 = VECTOR('',#7145,1.);
#7145 = DIRECTION('',(0.57735026919,-0.57735026919,0.57735026919));
#7146 = ORIENTED_EDGE('',*,*,#6004,.T.);
#7147 = ORIENTED_EDGE('',*,*,#7148,.T.);
#7148 = EDGE_CURVE('',#5988,#7149,#7151,.T.);
#7149 = VERTEX_POINT('',#7150);
#7150 = CARTESIAN_POINT('',(0.16,-10.,8.54));
#7151 = LINE('',#7152,#7153);
#7152 = CARTESIAN_POINT('',(5.333333333333E-02,-10.10666666666,
    8.646666666667));
#7153 = VECTOR('',#7154,1.);
#7154 = DIRECTION('',(-0.57735026919,-0.57735026919,0.57735026919));
#7155 = ORIENTED_EDGE('',*,*,#7156,.F.);
#7156 = EDGE_CURVE('',#7140,#7149,#7157,.T.);
#7157 = LINE('',#7158,#7159);
#7158 = CARTESIAN_POINT('',(-0.32,-10.,8.54));
#7159 = VECTOR('',#7160,1.);
#7160 = DIRECTION('',(1.,0.,0.));
#7161 = PLANE('',#7162);
#7162 = AXIS2_PLACEMENT_3D('',#7163,#7164,#7165);
#7163 = CARTESIAN_POINT('',(-0.32,-9.92,8.46));
#7164 = DIRECTION('',(1.735167508357E-18,0.707106781187,0.707106781187)
  );
#7165 = DIRECTION('',(-1.,1.226948711654E-18,1.226948711654E-18));
#7166 = ADVANCED_FACE('',(#7167),#7185,.F.);
#7167 = FACE_BOUND('',#7168,.F.);
#7168 = EDGE_LOOP('',(#7169,#7177,#7178,#7179));
#7169 = ORIENTED_EDGE('',*,*,#7170,.F.);
#7170 = EDGE_CURVE('',#6019,#7171,#7173,.T.);
#7171 = VERTEX_POINT('',#7172);
#7172 = CARTESIAN_POINT('',(-0.16,-10.32,8.54));
#7173 = LINE('',#7174,#7175);
#7174 = CARTESIAN_POINT('',(-0.266666666667,-10.42666666666,
    8.433333333333));
#7175 = VECTOR('',#7176,1.);
#7176 = DIRECTION('',(0.57735026919,0.57735026919,0.57735026919));
#7177 = ORIENTED_EDGE('',*,*,#6028,.T.);
#7178 = ORIENTED_EDGE('',*,*,#7139,.T.);
#7179 = ORIENTED_EDGE('',*,*,#7180,.F.);
#7180 = EDGE_CURVE('',#7171,#7140,#7181,.T.);
#7181 = LINE('',#7182,#7183);
#7182 = CARTESIAN_POINT('',(-0.16,-10.48,8.54));
#7183 = VECTOR('',#7184,1.);
#7184 = DIRECTION('',(0.,1.,0.));
#7185 = PLANE('',#7186);
#7186 = AXIS2_PLACEMENT_3D('',#7187,#7188,#7189);
#7187 = CARTESIAN_POINT('',(-0.24,-10.48,8.46));
#7188 = DIRECTION('',(0.707106781187,1.735167508357E-18,-0.707106781187)
  );
#7189 = DIRECTION('',(-1.226948711654E-18,1.,1.226948711654E-18));
#7190 = ADVANCED_FACE('',(#7191),#7209,.F.);
#7191 = FACE_BOUND('',#7192,.T.);
#7192 = EDGE_LOOP('',(#7193,#7194,#7195,#7203));
#7193 = ORIENTED_EDGE('',*,*,#7170,.F.);
#7194 = ORIENTED_EDGE('',*,*,#6052,.T.);
#7195 = ORIENTED_EDGE('',*,*,#7196,.T.);
#7196 = EDGE_CURVE('',#6043,#7197,#7199,.T.);
#7197 = VERTEX_POINT('',#7198);
#7198 = CARTESIAN_POINT('',(0.16,-10.32,8.54));
#7199 = LINE('',#7200,#7201);
#7200 = CARTESIAN_POINT('',(0.16,-10.32,8.54));
#7201 = VECTOR('',#7202,1.);
#7202 = DIRECTION('',(-0.57735026919,0.57735026919,0.57735026919));
#7203 = ORIENTED_EDGE('',*,*,#7204,.F.);
#7204 = EDGE_CURVE('',#7171,#7197,#7205,.T.);
#7205 = LINE('',#7206,#7207);
#7206 = CARTESIAN_POINT('',(-0.32,-10.32,8.54));
#7207 = VECTOR('',#7208,1.);
#7208 = DIRECTION('',(1.,0.,0.));
#7209 = PLANE('',#7210);
#7210 = AXIS2_PLACEMENT_3D('',#7211,#7212,#7213);
#7211 = CARTESIAN_POINT('',(-0.32,-10.4,8.46));
#7212 = DIRECTION('',(-1.735167508357E-18,0.707106781187,-0.707106781187
    ));
#7213 = DIRECTION('',(-1.,-1.226948711654E-18,1.226948711654E-18));
#7214 = ADVANCED_FACE('',(#7215),#7226,.T.);
#7215 = FACE_BOUND('',#7216,.T.);
#7216 = EDGE_LOOP('',(#7217,#7218,#7219,#7220));
#7217 = ORIENTED_EDGE('',*,*,#7196,.F.);
#7218 = ORIENTED_EDGE('',*,*,#6069,.T.);
#7219 = ORIENTED_EDGE('',*,*,#7148,.T.);
#7220 = ORIENTED_EDGE('',*,*,#7221,.F.);
#7221 = EDGE_CURVE('',#7197,#7149,#7222,.T.);
#7222 = LINE('',#7223,#7224);
#7223 = CARTESIAN_POINT('',(0.16,-10.48,8.54));
#7224 = VECTOR('',#7225,1.);
#7225 = DIRECTION('',(0.,1.,0.));
#7226 = PLANE('',#7227);
#7227 = AXIS2_PLACEMENT_3D('',#7228,#7229,#7230);
#7228 = CARTESIAN_POINT('',(0.24,-10.48,8.46));
#7229 = DIRECTION('',(0.707106781187,-1.735167508357E-18,0.707106781187)
  );
#7230 = DIRECTION('',(1.226948711654E-18,1.,1.226948711654E-18));
#7231 = ADVANCED_FACE('',(#7232),#7257,.F.);
#7232 = FACE_BOUND('',#7233,.T.);
#7233 = EDGE_LOOP('',(#7234,#7242,#7243,#7251));
#7234 = ORIENTED_EDGE('',*,*,#7235,.F.);
#7235 = EDGE_CURVE('',#6093,#7236,#7238,.T.);
#7236 = VERTEX_POINT('',#7237);
#7237 = CARTESIAN_POINT('',(-0.16,-7.78,8.54));
#7238 = LINE('',#7239,#7240);
#7239 = CARTESIAN_POINT('',(-0.266666666667,-7.886666666667,
    8.433333333333));
#7240 = VECTOR('',#7241,1.);
#7241 = DIRECTION('',(0.57735026919,0.57735026919,0.57735026919));
#7242 = ORIENTED_EDGE('',*,*,#6100,.T.);
#7243 = ORIENTED_EDGE('',*,*,#7244,.T.);
#7244 = EDGE_CURVE('',#6084,#7245,#7247,.T.);
#7245 = VERTEX_POINT('',#7246);
#7246 = CARTESIAN_POINT('',(0.16,-7.78,8.54));
#7247 = LINE('',#7248,#7249);
#7248 = CARTESIAN_POINT('',(0.16,-7.78,8.54));
#7249 = VECTOR('',#7250,1.);
#7250 = DIRECTION('',(-0.57735026919,0.57735026919,0.57735026919));
#7251 = ORIENTED_EDGE('',*,*,#7252,.F.);
#7252 = EDGE_CURVE('',#7236,#7245,#7253,.T.);
#7253 = LINE('',#7254,#7255);
#7254 = CARTESIAN_POINT('',(-0.32,-7.78,8.54));
#7255 = VECTOR('',#7256,1.);
#7256 = DIRECTION('',(1.,0.,0.));
#7257 = PLANE('',#7258);
#7258 = AXIS2_PLACEMENT_3D('',#7259,#7260,#7261);
#7259 = CARTESIAN_POINT('',(-0.32,-7.86,8.46));
#7260 = DIRECTION('',(-1.735167508357E-18,0.707106781187,-0.707106781187
    ));
#7261 = DIRECTION('',(-1.,-1.226948711654E-18,1.226948711654E-18));
#7262 = ADVANCED_FACE('',(#7263),#7281,.T.);
#7263 = FACE_BOUND('',#7264,.T.);
#7264 = EDGE_LOOP('',(#7265,#7266,#7267,#7275));
#7265 = ORIENTED_EDGE('',*,*,#7244,.F.);
#7266 = ORIENTED_EDGE('',*,*,#6124,.T.);
#7267 = ORIENTED_EDGE('',*,*,#7268,.T.);
#7268 = EDGE_CURVE('',#6117,#7269,#7271,.T.);
#7269 = VERTEX_POINT('',#7270);
#7270 = CARTESIAN_POINT('',(0.16,-7.46,8.54));
#7271 = LINE('',#7272,#7273);
#7272 = CARTESIAN_POINT('',(5.333333333333E-02,-7.566666666667,
    8.646666666667));
#7273 = VECTOR('',#7274,1.);
#7274 = DIRECTION('',(-0.57735026919,-0.57735026919,0.57735026919));
#7275 = ORIENTED_EDGE('',*,*,#7276,.F.);
#7276 = EDGE_CURVE('',#7245,#7269,#7277,.T.);
#7277 = LINE('',#7278,#7279);
#7278 = CARTESIAN_POINT('',(0.16,-7.94,8.54));
#7279 = VECTOR('',#7280,1.);
#7280 = DIRECTION('',(0.,1.,0.));
#7281 = PLANE('',#7282);
#7282 = AXIS2_PLACEMENT_3D('',#7283,#7284,#7285);
#7283 = CARTESIAN_POINT('',(0.24,-7.94,8.46));
#7284 = DIRECTION('',(0.707106781187,-1.735167508357E-18,0.707106781187)
  );
#7285 = DIRECTION('',(1.226948711654E-18,1.,1.226948711654E-18));
#7286 = ADVANCED_FACE('',(#7287),#7305,.T.);
#7287 = FACE_BOUND('',#7288,.F.);
#7288 = EDGE_LOOP('',(#7289,#7297,#7298,#7299));
#7289 = ORIENTED_EDGE('',*,*,#7290,.F.);
#7290 = EDGE_CURVE('',#6141,#7291,#7293,.T.);
#7291 = VERTEX_POINT('',#7292);
#7292 = CARTESIAN_POINT('',(-0.16,-7.46,8.54));
#7293 = LINE('',#7294,#7295);
#7294 = CARTESIAN_POINT('',(-0.16,-7.46,8.54));
#7295 = VECTOR('',#7296,1.);
#7296 = DIRECTION('',(0.57735026919,-0.57735026919,0.57735026919));
#7297 = ORIENTED_EDGE('',*,*,#6148,.T.);
#7298 = ORIENTED_EDGE('',*,*,#7268,.T.);
#7299 = ORIENTED_EDGE('',*,*,#7300,.F.);
#7300 = EDGE_CURVE('',#7291,#7269,#7301,.T.);
#7301 = LINE('',#7302,#7303);
#7302 = CARTESIAN_POINT('',(-0.32,-7.46,8.54));
#7303 = VECTOR('',#7304,1.);
#7304 = DIRECTION('',(1.,0.,0.));
#7305 = PLANE('',#7306);
#7306 = AXIS2_PLACEMENT_3D('',#7307,#7308,#7309);
#7307 = CARTESIAN_POINT('',(-0.32,-7.38,8.46));
#7308 = DIRECTION('',(1.735167508357E-18,0.707106781187,0.707106781187)
  );
#7309 = DIRECTION('',(-1.,1.226948711654E-18,1.226948711654E-18));
#7310 = ADVANCED_FACE('',(#7311),#7322,.F.);
#7311 = FACE_BOUND('',#7312,.F.);
#7312 = EDGE_LOOP('',(#7313,#7314,#7315,#7316));
#7313 = ORIENTED_EDGE('',*,*,#7235,.F.);
#7314 = ORIENTED_EDGE('',*,*,#6165,.T.);
#7315 = ORIENTED_EDGE('',*,*,#7290,.T.);
#7316 = ORIENTED_EDGE('',*,*,#7317,.F.);
#7317 = EDGE_CURVE('',#7236,#7291,#7318,.T.);
#7318 = LINE('',#7319,#7320);
#7319 = CARTESIAN_POINT('',(-0.16,-7.94,8.54));
#7320 = VECTOR('',#7321,1.);
#7321 = DIRECTION('',(0.,1.,0.));
#7322 = PLANE('',#7323);
#7323 = AXIS2_PLACEMENT_3D('',#7324,#7325,#7326);
#7324 = CARTESIAN_POINT('',(-0.24,-7.94,8.46));
#7325 = DIRECTION('',(0.707106781187,1.735167508357E-18,-0.707106781187)
  );
#7326 = DIRECTION('',(-1.226948711654E-18,1.,1.226948711654E-18));
#7327 = ADVANCED_FACE('',(#7328),#7334,.F.);
#7328 = FACE_BOUND('',#7329,.F.);
#7329 = EDGE_LOOP('',(#7330,#7331,#7332,#7333));
#7330 = ORIENTED_EDGE('',*,*,#6220,.F.);
#7331 = ORIENTED_EDGE('',*,*,#6244,.F.);
#7332 = ORIENTED_EDGE('',*,*,#6261,.T.);
#7333 = ORIENTED_EDGE('',*,*,#6196,.T.);
#7334 = PLANE('',#7335);
#7335 = AXIS2_PLACEMENT_3D('',#7336,#7337,#7338);
#7336 = CARTESIAN_POINT('',(-0.32,-0.32,-3.));
#7337 = DIRECTION('',(0.,0.,1.));
#7338 = DIRECTION('',(1.,0.,-0.));
#7339 = ADVANCED_FACE('',(#7340),#7346,.F.);
#7340 = FACE_BOUND('',#7341,.F.);
#7341 = EDGE_LOOP('',(#7342,#7343,#7344,#7345));
#7342 = ORIENTED_EDGE('',*,*,#6316,.F.);
#7343 = ORIENTED_EDGE('',*,*,#6340,.F.);
#7344 = ORIENTED_EDGE('',*,*,#6357,.T.);
#7345 = ORIENTED_EDGE('',*,*,#6292,.T.);
#7346 = PLANE('',#7347);
#7347 = AXIS2_PLACEMENT_3D('',#7348,#7349,#7350);
#7348 = CARTESIAN_POINT('',(-0.32,-5.4,-3.));
#7349 = DIRECTION('',(0.,0.,1.));
#7350 = DIRECTION('',(1.,0.,-0.));
#7351 = ADVANCED_FACE('',(#7352),#7358,.F.);
#7352 = FACE_BOUND('',#7353,.F.);
#7353 = EDGE_LOOP('',(#7354,#7355,#7356,#7357));
#7354 = ORIENTED_EDGE('',*,*,#6412,.F.);
#7355 = ORIENTED_EDGE('',*,*,#6436,.F.);
#7356 = ORIENTED_EDGE('',*,*,#6453,.T.);
#7357 = ORIENTED_EDGE('',*,*,#6388,.T.);
#7358 = PLANE('',#7359);
#7359 = AXIS2_PLACEMENT_3D('',#7360,#7361,#7362);
#7360 = CARTESIAN_POINT('',(-0.32,-2.86,-3.));
#7361 = DIRECTION('',(0.,0.,1.));
#7362 = DIRECTION('',(1.,0.,-0.));
#7363 = ADVANCED_FACE('',(#7364),#7370,.F.);
#7364 = FACE_BOUND('',#7365,.F.);
#7365 = EDGE_LOOP('',(#7366,#7367,#7368,#7369));
#7366 = ORIENTED_EDGE('',*,*,#6532,.F.);
#7367 = ORIENTED_EDGE('',*,*,#6549,.F.);
#7368 = ORIENTED_EDGE('',*,*,#6484,.T.);
#7369 = ORIENTED_EDGE('',*,*,#6508,.T.);
#7370 = PLANE('',#7371);
#7371 = AXIS2_PLACEMENT_3D('',#7372,#7373,#7374);
#7372 = CARTESIAN_POINT('',(-0.32,-13.02,-3.));
#7373 = DIRECTION('',(0.,0.,1.));
#7374 = DIRECTION('',(1.,0.,-0.));
#7375 = ADVANCED_FACE('',(#7376),#7382,.F.);
#7376 = FACE_BOUND('',#7377,.F.);
#7377 = EDGE_LOOP('',(#7378,#7379,#7380,#7381));
#7378 = ORIENTED_EDGE('',*,*,#6580,.F.);
#7379 = ORIENTED_EDGE('',*,*,#6604,.F.);
#7380 = ORIENTED_EDGE('',*,*,#6628,.T.);
#7381 = ORIENTED_EDGE('',*,*,#6645,.T.);
#7382 = PLANE('',#7383);
#7383 = AXIS2_PLACEMENT_3D('',#7384,#7385,#7386);
#7384 = CARTESIAN_POINT('',(-0.32,-10.48,-3.));
#7385 = DIRECTION('',(0.,0.,1.));
#7386 = DIRECTION('',(1.,0.,-0.));
#7387 = ADVANCED_FACE('',(#7388),#7394,.F.);
#7388 = FACE_BOUND('',#7389,.F.);
#7389 = EDGE_LOOP('',(#7390,#7391,#7392,#7393));
#7390 = ORIENTED_EDGE('',*,*,#6724,.F.);
#7391 = ORIENTED_EDGE('',*,*,#6741,.F.);
#7392 = ORIENTED_EDGE('',*,*,#6676,.T.);
#7393 = ORIENTED_EDGE('',*,*,#6700,.T.);
#7394 = PLANE('',#7395);
#7395 = AXIS2_PLACEMENT_3D('',#7396,#7397,#7398);
#7396 = CARTESIAN_POINT('',(-0.32,-7.94,-3.));
#7397 = DIRECTION('',(0.,0.,1.));
#7398 = DIRECTION('',(1.,0.,-0.));
#7399 = ADVANCED_FACE('',(#7400),#7406,.T.);
#7400 = FACE_BOUND('',#7401,.T.);
#7401 = EDGE_LOOP('',(#7402,#7403,#7404,#7405));
#7402 = ORIENTED_EDGE('',*,*,#6772,.T.);
#7403 = ORIENTED_EDGE('',*,*,#6796,.F.);
#7404 = ORIENTED_EDGE('',*,*,#6820,.F.);
#7405 = ORIENTED_EDGE('',*,*,#6837,.T.);
#7406 = PLANE('',#7407);
#7407 = AXIS2_PLACEMENT_3D('',#7408,#7409,#7410);
#7408 = CARTESIAN_POINT('',(-0.32,-0.32,8.54));
#7409 = DIRECTION('',(0.,0.,1.));
#7410 = DIRECTION('',(1.,0.,-0.));
#7411 = ADVANCED_FACE('',(#7412),#7418,.T.);
#7412 = FACE_BOUND('',#7413,.T.);
#7413 = EDGE_LOOP('',(#7414,#7415,#7416,#7417));
#7414 = ORIENTED_EDGE('',*,*,#6868,.T.);
#7415 = ORIENTED_EDGE('',*,*,#6892,.F.);
#7416 = ORIENTED_EDGE('',*,*,#6916,.F.);
#7417 = ORIENTED_EDGE('',*,*,#6933,.T.);
#7418 = PLANE('',#7419);
#7419 = AXIS2_PLACEMENT_3D('',#7420,#7421,#7422);
#7420 = CARTESIAN_POINT('',(-0.32,-5.4,8.54));
#7421 = DIRECTION('',(0.,0.,1.));
#7422 = DIRECTION('',(1.,0.,-0.));
#7423 = ADVANCED_FACE('',(#7424),#7430,.T.);
#7424 = FACE_BOUND('',#7425,.T.);
#7425 = EDGE_LOOP('',(#7426,#7427,#7428,#7429));
#7426 = ORIENTED_EDGE('',*,*,#6964,.T.);
#7427 = ORIENTED_EDGE('',*,*,#6988,.F.);
#7428 = ORIENTED_EDGE('',*,*,#7012,.F.);
#7429 = ORIENTED_EDGE('',*,*,#7029,.T.);
#7430 = PLANE('',#7431);
#7431 = AXIS2_PLACEMENT_3D('',#7432,#7433,#7434);
#7432 = CARTESIAN_POINT('',(-0.32,-2.86,8.54));
#7433 = DIRECTION('',(0.,0.,1.));
#7434 = DIRECTION('',(1.,0.,-0.));
#7435 = ADVANCED_FACE('',(#7436),#7442,.T.);
#7436 = FACE_BOUND('',#7437,.T.);
#7437 = EDGE_LOOP('',(#7438,#7439,#7440,#7441));
#7438 = ORIENTED_EDGE('',*,*,#7084,.T.);
#7439 = ORIENTED_EDGE('',*,*,#7108,.F.);
#7440 = ORIENTED_EDGE('',*,*,#7125,.F.);
#7441 = ORIENTED_EDGE('',*,*,#7060,.T.);
#7442 = PLANE('',#7443);
#7443 = AXIS2_PLACEMENT_3D('',#7444,#7445,#7446);
#7444 = CARTESIAN_POINT('',(-0.32,-13.02,8.54));
#7445 = DIRECTION('',(0.,0.,1.));
#7446 = DIRECTION('',(1.,0.,-0.));
#7447 = ADVANCED_FACE('',(#7448),#7454,.T.);
#7448 = FACE_BOUND('',#7449,.T.);
#7449 = EDGE_LOOP('',(#7450,#7451,#7452,#7453));
#7450 = ORIENTED_EDGE('',*,*,#7221,.T.);
#7451 = ORIENTED_EDGE('',*,*,#7156,.F.);
#7452 = ORIENTED_EDGE('',*,*,#7180,.F.);
#7453 = ORIENTED_EDGE('',*,*,#7204,.T.);
#7454 = PLANE('',#7455);
#7455 = AXIS2_PLACEMENT_3D('',#7456,#7457,#7458);
#7456 = CARTESIAN_POINT('',(-0.32,-10.48,8.54));
#7457 = DIRECTION('',(0.,0.,1.));
#7458 = DIRECTION('',(1.,0.,-0.));
#7459 = ADVANCED_FACE('',(#7460),#7466,.T.);
#7460 = FACE_BOUND('',#7461,.T.);
#7461 = EDGE_LOOP('',(#7462,#7463,#7464,#7465));
#7462 = ORIENTED_EDGE('',*,*,#7276,.T.);
#7463 = ORIENTED_EDGE('',*,*,#7300,.F.);
#7464 = ORIENTED_EDGE('',*,*,#7317,.F.);
#7465 = ORIENTED_EDGE('',*,*,#7252,.T.);
#7466 = PLANE('',#7467);
#7467 = AXIS2_PLACEMENT_3D('',#7468,#7469,#7470);
#7468 = CARTESIAN_POINT('',(-0.32,-7.94,8.54));
#7469 = DIRECTION('',(0.,0.,1.));
#7470 = DIRECTION('',(1.,0.,-0.));
#7471 = ( GEOMETRIC_REPRESENTATION_CONTEXT(3) 
GLOBAL_UNCERTAINTY_ASSIGNED_CONTEXT((#7475)) 
GLOBAL_UNIT_ASSIGNED_CONTEXT((#7472,#7473,#7474)) REPRESENTATION_CONTEXT
('Context #1','3D Context with UNIT and UNCERTAINTY') );
#7472 = ( LENGTH_UNIT() NAMED_UNIT(*) SI_UNIT(.MILLI.,.METRE.) );
#7473 = ( NAMED_UNIT(*) PLANE_ANGLE_UNIT() SI_UNIT($,.RADIAN.) );
#7474 = ( NAMED_UNIT(*) SI_UNIT($,.STERADIAN.) SOLID_ANGLE_UNIT() );
#7475 = UNCERTAINTY_MEASURE_WITH_UNIT(LENGTH_MEASURE(1.E-07),#7472,
  'distance_accuracy_value','confusion accuracy');
#7476 = CONTEXT_DEPENDENT_SHAPE_REPRESENTATION(#7477,#7479);
#7477 = ( REPRESENTATION_RELATIONSHIP('','',#3342,#3319) 
REPRESENTATION_RELATIONSHIP_WITH_TRANSFORMATION(#7478) 
SHAPE_REPRESENTATION_RELATIONSHIP() );
#7478 = ITEM_DEFINED_TRANSFORMATION('','',#11,#3320);
#7479 = PRODUCT_DEFINITION_SHAPE('Placement','Placement of an item',
  #7480);
#7480 = NEXT_ASSEMBLY_USAGE_OCCURRENCE('3','=>[0:1:1:5]','',#3314,#3337,
  $);
#7481 = PRODUCT_RELATED_PRODUCT_CATEGORY('part',$,(#3339));
#7482 = CONTEXT_DEPENDENT_SHAPE_REPRESENTATION(#7483,#7485);
#7483 = ( REPRESENTATION_RELATIONSHIP('','',#48,#10) 
REPRESENTATION_RELATIONSHIP_WITH_TRANSFORMATION(#7484) 
SHAPE_REPRESENTATION_RELATIONSHIP() );
#7484 = ITEM_DEFINED_TRANSFORMATION('','',#11,#23);
#7485 = PRODUCT_DEFINITION_SHAPE('Placement','Placement of an item',
  #7486);
#7486 = NEXT_ASSEMBLY_USAGE_OCCURRENCE('5','SW1','',#5,#43,$);
#7487 = CONTEXT_DEPENDENT_SHAPE_REPRESENTATION(#7488,#7490);
#7488 = ( REPRESENTATION_RELATIONSHIP('','',#48,#10) 
REPRESENTATION_RELATIONSHIP_WITH_TRANSFORMATION(#7489) 
SHAPE_REPRESENTATION_RELATIONSHIP() );
#7489 = ITEM_DEFINED_TRANSFORMATION('','',#11,#27);
#7490 = PRODUCT_DEFINITION_SHAPE('Placement','Placement of an item',
  #7491);
#7491 = NEXT_ASSEMBLY_USAGE_OCCURRENCE('6','SW2','',#5,#43,$);
#7492 = SHAPE_DEFINITION_REPRESENTATION(#7493,#7499);
#7493 = PRODUCT_DEFINITION_SHAPE('','',#7494);
#7494 = PRODUCT_DEFINITION('design','',#7495,#7498);
#7495 = PRODUCT_DEFINITION_FORMATION('','',#7496);
#7496 = PRODUCT('LilyCam_PCB','LilyCam_PCB','',(#7497));
#7497 = PRODUCT_CONTEXT('',#2,'mechanical');
#7498 = PRODUCT_DEFINITION_CONTEXT('part definition',#2,'design');
#7499 = ADVANCED_BREP_SHAPE_REPRESENTATION('',(#11,#7500),#9194);
#7500 = MANIFOLD_SOLID_BREP('',#7501);
#7501 = CLOSED_SHELL('',(#7502,#7544,#7575,#7606,#8054,#8502,#8519,#8536
    ,#8553,#8570,#8582,#8599,#8616,#8633,#8650,#8667,#8684,#8701,#8718,
    #8735,#8752,#8769,#8786,#8803,#8820,#8837,#8854,#8871,#8888,#8905,
    #8922,#8939,#8956,#8973,#8990,#9007,#9024,#9041,#9058,#9075,#9092,
    #9109,#9126,#9143,#9160,#9177));
#7502 = ADVANCED_FACE('',(#7503),#7539,.T.);
#7503 = FACE_BOUND('',#7504,.T.);
#7504 = EDGE_LOOP('',(#7505,#7515,#7524,#7532));
#7505 = ORIENTED_EDGE('',*,*,#7506,.T.);
#7506 = EDGE_CURVE('',#7507,#7509,#7511,.T.);
#7507 = VERTEX_POINT('',#7508);
#7508 = CARTESIAN_POINT('',(85.,-84.5,0.));
#7509 = VERTEX_POINT('',#7510);
#7510 = CARTESIAN_POINT('',(85.,-84.5,1.51));
#7511 = LINE('',#7512,#7513);
#7512 = CARTESIAN_POINT('',(85.,-84.5,0.));
#7513 = VECTOR('',#7514,1.);
#7514 = DIRECTION('',(0.,0.,1.));
#7515 = ORIENTED_EDGE('',*,*,#7516,.T.);
#7516 = EDGE_CURVE('',#7509,#7517,#7519,.T.);
#7517 = VERTEX_POINT('',#7518);
#7518 = CARTESIAN_POINT('',(90.5,-90.,1.51));
#7519 = CIRCLE('',#7520,5.500001012403);
#7520 = AXIS2_PLACEMENT_3D('',#7521,#7522,#7523);
#7521 = CARTESIAN_POINT('',(84.999998987597,-90.0000010124,1.51));
#7522 = DIRECTION('',(0.,0.,-1.));
#7523 = DIRECTION('',(1.840732990164E-07,1.,0.));
#7524 = ORIENTED_EDGE('',*,*,#7525,.F.);
#7525 = EDGE_CURVE('',#7526,#7517,#7528,.T.);
#7526 = VERTEX_POINT('',#7527);
#7527 = CARTESIAN_POINT('',(90.5,-90.,0.));
#7528 = LINE('',#7529,#7530);
#7529 = CARTESIAN_POINT('',(90.5,-90.,0.));
#7530 = VECTOR('',#7531,1.);
#7531 = DIRECTION('',(0.,0.,1.));
#7532 = ORIENTED_EDGE('',*,*,#7533,.F.);
#7533 = EDGE_CURVE('',#7507,#7526,#7534,.T.);
#7534 = CIRCLE('',#7535,5.500001012403);
#7535 = AXIS2_PLACEMENT_3D('',#7536,#7537,#7538);
#7536 = CARTESIAN_POINT('',(84.999998987597,-90.0000010124,0.));
#7537 = DIRECTION('',(0.,0.,-1.));
#7538 = DIRECTION('',(1.840732990164E-07,1.,0.));
#7539 = CYLINDRICAL_SURFACE('',#7540,5.500001012403);
#7540 = AXIS2_PLACEMENT_3D('',#7541,#7542,#7543);
#7541 = CARTESIAN_POINT('',(84.999998987597,-90.0000010124,0.));
#7542 = DIRECTION('',(0.,0.,-1.));
#7543 = DIRECTION('',(1.840732990164E-07,1.,0.));
#7544 = ADVANCED_FACE('',(#7545),#7570,.T.);
#7545 = FACE_BOUND('',#7546,.T.);
#7546 = EDGE_LOOP('',(#7547,#7557,#7563,#7564));
#7547 = ORIENTED_EDGE('',*,*,#7548,.T.);
#7548 = EDGE_CURVE('',#7549,#7551,#7553,.T.);
#7549 = VERTEX_POINT('',#7550);
#7550 = CARTESIAN_POINT('',(45.,-84.5,0.));
#7551 = VERTEX_POINT('',#7552);
#7552 = CARTESIAN_POINT('',(45.,-84.5,1.51));
#7553 = LINE('',#7554,#7555);
#7554 = CARTESIAN_POINT('',(45.,-84.5,0.));
#7555 = VECTOR('',#7556,1.);
#7556 = DIRECTION('',(0.,0.,1.));
#7557 = ORIENTED_EDGE('',*,*,#7558,.T.);
#7558 = EDGE_CURVE('',#7551,#7509,#7559,.T.);
#7559 = LINE('',#7560,#7561);
#7560 = CARTESIAN_POINT('',(45.,-84.5,1.51));
#7561 = VECTOR('',#7562,1.);
#7562 = DIRECTION('',(1.,0.,0.));
#7563 = ORIENTED_EDGE('',*,*,#7506,.F.);
#7564 = ORIENTED_EDGE('',*,*,#7565,.F.);
#7565 = EDGE_CURVE('',#7549,#7507,#7566,.T.);
#7566 = LINE('',#7567,#7568);
#7567 = CARTESIAN_POINT('',(45.,-84.5,0.));
#7568 = VECTOR('',#7569,1.);
#7569 = DIRECTION('',(1.,0.,0.));
#7570 = PLANE('',#7571);
#7571 = AXIS2_PLACEMENT_3D('',#7572,#7573,#7574);
#7572 = CARTESIAN_POINT('',(45.,-84.5,0.));
#7573 = DIRECTION('',(0.,1.,0.));
#7574 = DIRECTION('',(1.,0.,0.));
#7575 = ADVANCED_FACE('',(#7576),#7601,.T.);
#7576 = FACE_BOUND('',#7577,.T.);
#7577 = EDGE_LOOP('',(#7578,#7579,#7587,#7595));
#7578 = ORIENTED_EDGE('',*,*,#7525,.T.);
#7579 = ORIENTED_EDGE('',*,*,#7580,.T.);
#7580 = EDGE_CURVE('',#7517,#7581,#7583,.T.);
#7581 = VERTEX_POINT('',#7582);
#7582 = CARTESIAN_POINT('',(90.5,-147.5,1.51));
#7583 = LINE('',#7584,#7585);
#7584 = CARTESIAN_POINT('',(90.5,-90.,1.51));
#7585 = VECTOR('',#7586,1.);
#7586 = DIRECTION('',(0.,-1.,0.));
#7587 = ORIENTED_EDGE('',*,*,#7588,.F.);
#7588 = EDGE_CURVE('',#7589,#7581,#7591,.T.);
#7589 = VERTEX_POINT('',#7590);
#7590 = CARTESIAN_POINT('',(90.5,-147.5,0.));
#7591 = LINE('',#7592,#7593);
#7592 = CARTESIAN_POINT('',(90.5,-147.5,0.));
#7593 = VECTOR('',#7594,1.);
#7594 = DIRECTION('',(0.,0.,1.));
#7595 = ORIENTED_EDGE('',*,*,#7596,.F.);
#7596 = EDGE_CURVE('',#7526,#7589,#7597,.T.);
#7597 = LINE('',#7598,#7599);
#7598 = CARTESIAN_POINT('',(90.5,-90.,0.));
#7599 = VECTOR('',#7600,1.);
#7600 = DIRECTION('',(0.,-1.,0.));
#7601 = PLANE('',#7602);
#7602 = AXIS2_PLACEMENT_3D('',#7603,#7604,#7605);
#7603 = CARTESIAN_POINT('',(90.5,-90.,0.));
#7604 = DIRECTION('',(1.,0.,-0.));
#7605 = DIRECTION('',(0.,-1.,0.));
#7606 = ADVANCED_FACE('',(#7607,#7653,#7664,#7675,#7686,#7697,#7708,
    #7719,#7730,#7741,#7752,#7763,#7774,#7785,#7796,#7807,#7818,#7829,
    #7840,#7851,#7862,#7873,#7884,#7895,#7906,#7917,#7928,#7939,#7950,
    #7961,#7972,#7983,#7994,#8005,#8016,#8027,#8038),#8049,.F.);
#7607 = FACE_BOUND('',#7608,.F.);
#7608 = EDGE_LOOP('',(#7609,#7610,#7611,#7620,#7628,#7637,#7645,#7652));
#7609 = ORIENTED_EDGE('',*,*,#7533,.F.);
#7610 = ORIENTED_EDGE('',*,*,#7565,.F.);
#7611 = ORIENTED_EDGE('',*,*,#7612,.F.);
#7612 = EDGE_CURVE('',#7613,#7549,#7615,.T.);
#7613 = VERTEX_POINT('',#7614);
#7614 = CARTESIAN_POINT('',(39.5,-90.,0.));
#7615 = CIRCLE('',#7616,5.500001012403);
#7616 = AXIS2_PLACEMENT_3D('',#7617,#7618,#7619);
#7617 = CARTESIAN_POINT('',(45.000001012403,-90.0000010124,0.));
#7618 = DIRECTION('',(0.,0.,-1.));
#7619 = DIRECTION('',(-1.,1.840732990164E-07,0.));
#7620 = ORIENTED_EDGE('',*,*,#7621,.F.);
#7621 = EDGE_CURVE('',#7622,#7613,#7624,.T.);
#7622 = VERTEX_POINT('',#7623);
#7623 = CARTESIAN_POINT('',(39.5,-147.5,0.));
#7624 = LINE('',#7625,#7626);
#7625 = CARTESIAN_POINT('',(39.5,-147.5,0.));
#7626 = VECTOR('',#7627,1.);
#7627 = DIRECTION('',(0.,1.,0.));
#7628 = ORIENTED_EDGE('',*,*,#7629,.F.);
#7629 = EDGE_CURVE('',#7630,#7622,#7632,.T.);
#7630 = VERTEX_POINT('',#7631);
#7631 = CARTESIAN_POINT('',(45.,-153.,0.));
#7632 = CIRCLE('',#7633,5.500001012403);
#7633 = AXIS2_PLACEMENT_3D('',#7634,#7635,#7636);
#7634 = CARTESIAN_POINT('',(45.000001012403,-147.4999989875,0.));
#7635 = DIRECTION('',(0.,0.,-1.));
#7636 = DIRECTION('',(-1.840733054759E-07,-1.,-0.));
#7637 = ORIENTED_EDGE('',*,*,#7638,.F.);
#7638 = EDGE_CURVE('',#7639,#7630,#7641,.T.);
#7639 = VERTEX_POINT('',#7640);
#7640 = CARTESIAN_POINT('',(85.,-153.,0.));
#7641 = LINE('',#7642,#7643);
#7642 = CARTESIAN_POINT('',(85.,-153.,0.));
#7643 = VECTOR('',#7644,1.);
#7644 = DIRECTION('',(-1.,0.,0.));
#7645 = ORIENTED_EDGE('',*,*,#7646,.F.);
#7646 = EDGE_CURVE('',#7589,#7639,#7647,.T.);
#7647 = CIRCLE('',#7648,5.500001012403);
#7648 = AXIS2_PLACEMENT_3D('',#7649,#7650,#7651);
#7649 = CARTESIAN_POINT('',(84.999998987597,-147.4999989875,0.));
#7650 = DIRECTION('',(0.,0.,-1.));
#7651 = DIRECTION('',(1.,-1.840733016002E-07,0.));
#7652 = ORIENTED_EDGE('',*,*,#7596,.F.);
#7653 = FACE_BOUND('',#7654,.F.);
#7654 = EDGE_LOOP('',(#7655));
#7655 = ORIENTED_EDGE('',*,*,#7656,.T.);
#7656 = EDGE_CURVE('',#7657,#7657,#7659,.T.);
#7657 = VERTEX_POINT('',#7658);
#7658 = CARTESIAN_POINT('',(45.,-148.6,0.));
#7659 = CIRCLE('',#7660,1.1);
#7660 = AXIS2_PLACEMENT_3D('',#7661,#7662,#7663);
#7661 = CARTESIAN_POINT('',(45.,-147.5,0.));
#7662 = DIRECTION('',(-0.,0.,-1.));
#7663 = DIRECTION('',(-0.,-1.,0.));
#7664 = FACE_BOUND('',#7665,.F.);
#7665 = EDGE_LOOP('',(#7666));
#7666 = ORIENTED_EDGE('',*,*,#7667,.T.);
#7667 = EDGE_CURVE('',#7668,#7668,#7670,.T.);
#7668 = VERTEX_POINT('',#7669);
#7669 = CARTESIAN_POINT('',(85.,-148.6,0.));
#7670 = CIRCLE('',#7671,1.1);
#7671 = AXIS2_PLACEMENT_3D('',#7672,#7673,#7674);
#7672 = CARTESIAN_POINT('',(85.,-147.5,0.));
#7673 = DIRECTION('',(-0.,0.,-1.));
#7674 = DIRECTION('',(-0.,-1.,0.));
#7675 = FACE_BOUND('',#7676,.F.);
#7676 = EDGE_LOOP('',(#7677));
#7677 = ORIENTED_EDGE('',*,*,#7678,.T.);
#7678 = EDGE_CURVE('',#7679,#7679,#7681,.T.);
#7679 = VERTEX_POINT('',#7680);
#7680 = CARTESIAN_POINT('',(78.,-121.8,0.));
#7681 = CIRCLE('',#7682,0.55);
#7682 = AXIS2_PLACEMENT_3D('',#7683,#7684,#7685);
#7683 = CARTESIAN_POINT('',(78.,-121.25,0.));
#7684 = DIRECTION('',(-0.,0.,-1.));
#7685 = DIRECTION('',(-0.,-1.,0.));
#7686 = FACE_BOUND('',#7687,.F.);
#7687 = EDGE_LOOP('',(#7688));
#7688 = ORIENTED_EDGE('',*,*,#7689,.T.);
#7689 = EDGE_CURVE('',#7690,#7690,#7692,.T.);
#7690 = VERTEX_POINT('',#7691);
#7691 = CARTESIAN_POINT('',(84.5,-121.8,0.));
#7692 = CIRCLE('',#7693,0.55);
#7693 = AXIS2_PLACEMENT_3D('',#7694,#7695,#7696);
#7694 = CARTESIAN_POINT('',(84.5,-121.25,0.));
#7695 = DIRECTION('',(-0.,0.,-1.));
#7696 = DIRECTION('',(-0.,-1.,0.));
#7697 = FACE_BOUND('',#7698,.F.);
#7698 = EDGE_LOOP('',(#7699));
#7699 = ORIENTED_EDGE('',*,*,#7700,.T.);
#7700 = EDGE_CURVE('',#7701,#7701,#7703,.T.);
#7701 = VERTEX_POINT('',#7702);
#7702 = CARTESIAN_POINT('',(52.26,-104.9445,0.));
#7703 = CIRCLE('',#7704,0.4445);
#7704 = AXIS2_PLACEMENT_3D('',#7705,#7706,#7707);
#7705 = CARTESIAN_POINT('',(52.26,-104.5,0.));
#7706 = DIRECTION('',(-0.,0.,-1.));
#7707 = DIRECTION('',(-1.598521340293E-14,-1.,0.));
#7708 = FACE_BOUND('',#7709,.F.);
#7709 = EDGE_LOOP('',(#7710));
#7710 = ORIENTED_EDGE('',*,*,#7711,.T.);
#7711 = EDGE_CURVE('',#7712,#7712,#7714,.T.);
#7712 = VERTEX_POINT('',#7713);
#7713 = CARTESIAN_POINT('',(54.8,-110.,0.));
#7714 = CIRCLE('',#7715,0.5);
#7715 = AXIS2_PLACEMENT_3D('',#7716,#7717,#7718);
#7716 = CARTESIAN_POINT('',(54.8,-109.5,0.));
#7717 = DIRECTION('',(-0.,0.,-1.));
#7718 = DIRECTION('',(-0.,-1.,0.));
#7719 = FACE_BOUND('',#7720,.F.);
#7720 = EDGE_LOOP('',(#7721));
#7721 = ORIENTED_EDGE('',*,*,#7722,.T.);
#7722 = EDGE_CURVE('',#7723,#7723,#7725,.T.);
#7723 = VERTEX_POINT('',#7724);
#7724 = CARTESIAN_POINT('',(57.34,-110.,0.));
#7725 = CIRCLE('',#7726,0.5);
#7726 = AXIS2_PLACEMENT_3D('',#7727,#7728,#7729);
#7727 = CARTESIAN_POINT('',(57.34,-109.5,0.));
#7728 = DIRECTION('',(-0.,0.,-1.));
#7729 = DIRECTION('',(-0.,-1.,0.));
#7730 = FACE_BOUND('',#7731,.F.);
#7731 = EDGE_LOOP('',(#7732));
#7732 = ORIENTED_EDGE('',*,*,#7733,.T.);
#7733 = EDGE_CURVE('',#7734,#7734,#7736,.T.);
#7734 = VERTEX_POINT('',#7735);
#7735 = CARTESIAN_POINT('',(59.88,-110.,0.));
#7736 = CIRCLE('',#7737,0.5);
#7737 = AXIS2_PLACEMENT_3D('',#7738,#7739,#7740);
#7738 = CARTESIAN_POINT('',(59.88,-109.5,0.));
#7739 = DIRECTION('',(-0.,0.,-1.));
#7740 = DIRECTION('',(-0.,-1.,0.));
#7741 = FACE_BOUND('',#7742,.F.);
#7742 = EDGE_LOOP('',(#7743));
#7743 = ORIENTED_EDGE('',*,*,#7744,.T.);
#7744 = EDGE_CURVE('',#7745,#7745,#7747,.T.);
#7745 = VERTEX_POINT('',#7746);
#7746 = CARTESIAN_POINT('',(62.42,-110.,0.));
#7747 = CIRCLE('',#7748,0.5);
#7748 = AXIS2_PLACEMENT_3D('',#7749,#7750,#7751);
#7749 = CARTESIAN_POINT('',(62.42,-109.5,0.));
#7750 = DIRECTION('',(-0.,0.,-1.));
#7751 = DIRECTION('',(-0.,-1.,0.));
#7752 = FACE_BOUND('',#7753,.F.);
#7753 = EDGE_LOOP('',(#7754));
#7754 = ORIENTED_EDGE('',*,*,#7755,.T.);
#7755 = EDGE_CURVE('',#7756,#7756,#7758,.T.);
#7756 = VERTEX_POINT('',#7757);
#7757 = CARTESIAN_POINT('',(64.96,-110.,0.));
#7758 = CIRCLE('',#7759,0.5);
#7759 = AXIS2_PLACEMENT_3D('',#7760,#7761,#7762);
#7760 = CARTESIAN_POINT('',(64.96,-109.5,0.));
#7761 = DIRECTION('',(-0.,0.,-1.));
#7762 = DIRECTION('',(-0.,-1.,0.));
#7763 = FACE_BOUND('',#7764,.F.);
#7764 = EDGE_LOOP('',(#7765));
#7765 = ORIENTED_EDGE('',*,*,#7766,.T.);
#7766 = EDGE_CURVE('',#7767,#7767,#7769,.T.);
#7767 = VERTEX_POINT('',#7768);
#7768 = CARTESIAN_POINT('',(52.26,-102.4045,0.));
#7769 = CIRCLE('',#7770,0.4445);
#7770 = AXIS2_PLACEMENT_3D('',#7771,#7772,#7773);
#7771 = CARTESIAN_POINT('',(52.26,-101.96,0.));
#7772 = DIRECTION('',(-0.,0.,-1.));
#7773 = DIRECTION('',(-1.598521340293E-14,-1.,0.));
#7774 = FACE_BOUND('',#7775,.F.);
#7775 = EDGE_LOOP('',(#7776));
#7776 = ORIENTED_EDGE('',*,*,#7777,.T.);
#7777 = EDGE_CURVE('',#7778,#7778,#7780,.T.);
#7778 = VERTEX_POINT('',#7779);
#7779 = CARTESIAN_POINT('',(52.26,-99.8645,0.));
#7780 = CIRCLE('',#7781,0.4445);
#7781 = AXIS2_PLACEMENT_3D('',#7782,#7783,#7784);
#7782 = CARTESIAN_POINT('',(52.26,-99.42,0.));
#7783 = DIRECTION('',(-0.,0.,-1.));
#7784 = DIRECTION('',(-1.598521340293E-14,-1.,0.));
#7785 = FACE_BOUND('',#7786,.F.);
#7786 = EDGE_LOOP('',(#7787));
#7787 = ORIENTED_EDGE('',*,*,#7788,.T.);
#7788 = EDGE_CURVE('',#7789,#7789,#7791,.T.);
#7789 = VERTEX_POINT('',#7790);
#7790 = CARTESIAN_POINT('',(52.26,-97.3245,0.));
#7791 = CIRCLE('',#7792,0.4445);
#7792 = AXIS2_PLACEMENT_3D('',#7793,#7794,#7795);
#7793 = CARTESIAN_POINT('',(52.26,-96.88,0.));
#7794 = DIRECTION('',(-0.,0.,-1.));
#7795 = DIRECTION('',(-1.598521340293E-14,-1.,0.));
#7796 = FACE_BOUND('',#7797,.F.);
#7797 = EDGE_LOOP('',(#7798));
#7798 = ORIENTED_EDGE('',*,*,#7799,.T.);
#7799 = EDGE_CURVE('',#7800,#7800,#7802,.T.);
#7800 = VERTEX_POINT('',#7801);
#7801 = CARTESIAN_POINT('',(45.,-91.1,0.));
#7802 = CIRCLE('',#7803,1.1);
#7803 = AXIS2_PLACEMENT_3D('',#7804,#7805,#7806);
#7804 = CARTESIAN_POINT('',(45.,-90.,0.));
#7805 = DIRECTION('',(-0.,0.,-1.));
#7806 = DIRECTION('',(-0.,-1.,0.));
#7807 = FACE_BOUND('',#7808,.F.);
#7808 = EDGE_LOOP('',(#7809));
#7809 = ORIENTED_EDGE('',*,*,#7810,.T.);
#7810 = EDGE_CURVE('',#7811,#7811,#7813,.T.);
#7811 = VERTEX_POINT('',#7812);
#7812 = CARTESIAN_POINT('',(52.26,-94.7845,0.));
#7813 = CIRCLE('',#7814,0.4445);
#7814 = AXIS2_PLACEMENT_3D('',#7815,#7816,#7817);
#7815 = CARTESIAN_POINT('',(52.26,-94.34,0.));
#7816 = DIRECTION('',(-0.,0.,-1.));
#7817 = DIRECTION('',(-1.598521340293E-14,-1.,0.));
#7818 = FACE_BOUND('',#7819,.F.);
#7819 = EDGE_LOOP('',(#7820));
#7820 = ORIENTED_EDGE('',*,*,#7821,.T.);
#7821 = EDGE_CURVE('',#7822,#7822,#7824,.T.);
#7822 = VERTEX_POINT('',#7823);
#7823 = CARTESIAN_POINT('',(52.26,-92.2445,0.));
#7824 = CIRCLE('',#7825,0.4445);
#7825 = AXIS2_PLACEMENT_3D('',#7826,#7827,#7828);
#7826 = CARTESIAN_POINT('',(52.26,-91.8,0.));
#7827 = DIRECTION('',(-0.,0.,-1.));
#7828 = DIRECTION('',(-1.598521340293E-14,-1.,0.));
#7829 = FACE_BOUND('',#7830,.F.);
#7830 = EDGE_LOOP('',(#7831));
#7831 = ORIENTED_EDGE('',*,*,#7832,.T.);
#7832 = EDGE_CURVE('',#7833,#7833,#7835,.T.);
#7833 = VERTEX_POINT('',#7834);
#7834 = CARTESIAN_POINT('',(52.26,-89.7045,0.));
#7835 = CIRCLE('',#7836,0.4445);
#7836 = AXIS2_PLACEMENT_3D('',#7837,#7838,#7839);
#7837 = CARTESIAN_POINT('',(52.26,-89.26,0.));
#7838 = DIRECTION('',(-0.,0.,-1.));
#7839 = DIRECTION('',(-1.598521340293E-14,-1.,0.));
#7840 = FACE_BOUND('',#7841,.F.);
#7841 = EDGE_LOOP('',(#7842));
#7842 = ORIENTED_EDGE('',*,*,#7843,.T.);
#7843 = EDGE_CURVE('',#7844,#7844,#7846,.T.);
#7844 = VERTEX_POINT('',#7845);
#7845 = CARTESIAN_POINT('',(67.5,-110.,0.));
#7846 = CIRCLE('',#7847,0.5);
#7847 = AXIS2_PLACEMENT_3D('',#7848,#7849,#7850);
#7848 = CARTESIAN_POINT('',(67.5,-109.5,0.));
#7849 = DIRECTION('',(-0.,0.,-1.));
#7850 = DIRECTION('',(-0.,-1.,0.));
#7851 = FACE_BOUND('',#7852,.F.);
#7852 = EDGE_LOOP('',(#7853));
#7853 = ORIENTED_EDGE('',*,*,#7854,.T.);
#7854 = EDGE_CURVE('',#7855,#7855,#7857,.T.);
#7855 = VERTEX_POINT('',#7856);
#7856 = CARTESIAN_POINT('',(67.5,-104.9445,0.));
#7857 = CIRCLE('',#7858,0.4445);
#7858 = AXIS2_PLACEMENT_3D('',#7859,#7860,#7861);
#7859 = CARTESIAN_POINT('',(67.5,-104.5,0.));
#7860 = DIRECTION('',(-0.,0.,-1.));
#7861 = DIRECTION('',(-0.,-1.,0.));
#7862 = FACE_BOUND('',#7863,.F.);
#7863 = EDGE_LOOP('',(#7864));
#7864 = ORIENTED_EDGE('',*,*,#7865,.T.);
#7865 = EDGE_CURVE('',#7866,#7866,#7868,.T.);
#7866 = VERTEX_POINT('',#7867);
#7867 = CARTESIAN_POINT('',(78.,-117.3,0.));
#7868 = CIRCLE('',#7869,0.55);
#7869 = AXIS2_PLACEMENT_3D('',#7870,#7871,#7872);
#7870 = CARTESIAN_POINT('',(78.,-116.75,0.));
#7871 = DIRECTION('',(-0.,0.,-1.));
#7872 = DIRECTION('',(-0.,-1.,0.));
#7873 = FACE_BOUND('',#7874,.F.);
#7874 = EDGE_LOOP('',(#7875));
#7875 = ORIENTED_EDGE('',*,*,#7876,.T.);
#7876 = EDGE_CURVE('',#7877,#7877,#7879,.T.);
#7877 = VERTEX_POINT('',#7878);
#7878 = CARTESIAN_POINT('',(84.5,-117.3,0.));
#7879 = CIRCLE('',#7880,0.55);
#7880 = AXIS2_PLACEMENT_3D('',#7881,#7882,#7883);
#7881 = CARTESIAN_POINT('',(84.5,-116.75,0.));
#7882 = DIRECTION('',(-0.,0.,-1.));
#7883 = DIRECTION('',(-0.,-1.,0.));
#7884 = FACE_BOUND('',#7885,.F.);
#7885 = EDGE_LOOP('',(#7886));
#7886 = ORIENTED_EDGE('',*,*,#7887,.T.);
#7887 = EDGE_CURVE('',#7888,#7888,#7890,.T.);
#7888 = VERTEX_POINT('',#7889);
#7889 = CARTESIAN_POINT('',(78.,-110.55,0.));
#7890 = CIRCLE('',#7891,0.55);
#7891 = AXIS2_PLACEMENT_3D('',#7892,#7893,#7894);
#7892 = CARTESIAN_POINT('',(78.,-110.,0.));
#7893 = DIRECTION('',(-0.,0.,-1.));
#7894 = DIRECTION('',(-0.,-1.,0.));
#7895 = FACE_BOUND('',#7896,.F.);
#7896 = EDGE_LOOP('',(#7897));
#7897 = ORIENTED_EDGE('',*,*,#7898,.T.);
#7898 = EDGE_CURVE('',#7899,#7899,#7901,.T.);
#7899 = VERTEX_POINT('',#7900);
#7900 = CARTESIAN_POINT('',(78.,-106.05,0.));
#7901 = CIRCLE('',#7902,0.55);
#7902 = AXIS2_PLACEMENT_3D('',#7903,#7904,#7905);
#7903 = CARTESIAN_POINT('',(78.,-105.5,0.));
#7904 = DIRECTION('',(-0.,0.,-1.));
#7905 = DIRECTION('',(-0.,-1.,0.));
#7906 = FACE_BOUND('',#7907,.F.);
#7907 = EDGE_LOOP('',(#7908));
#7908 = ORIENTED_EDGE('',*,*,#7909,.T.);
#7909 = EDGE_CURVE('',#7910,#7910,#7912,.T.);
#7910 = VERTEX_POINT('',#7911);
#7911 = CARTESIAN_POINT('',(84.5,-110.55,0.));
#7912 = CIRCLE('',#7913,0.55);
#7913 = AXIS2_PLACEMENT_3D('',#7914,#7915,#7916);
#7914 = CARTESIAN_POINT('',(84.5,-110.,0.));
#7915 = DIRECTION('',(-0.,0.,-1.));
#7916 = DIRECTION('',(-0.,-1.,0.));
#7917 = FACE_BOUND('',#7918,.F.);
#7918 = EDGE_LOOP('',(#7919));
#7919 = ORIENTED_EDGE('',*,*,#7920,.T.);
#7920 = EDGE_CURVE('',#7921,#7921,#7923,.T.);
#7921 = VERTEX_POINT('',#7922);
#7922 = CARTESIAN_POINT('',(84.5,-106.05,0.));
#7923 = CIRCLE('',#7924,0.55);
#7924 = AXIS2_PLACEMENT_3D('',#7925,#7926,#7927);
#7925 = CARTESIAN_POINT('',(84.5,-105.5,0.));
#7926 = DIRECTION('',(-0.,0.,-1.));
#7927 = DIRECTION('',(-0.,-1.,0.));
#7928 = FACE_BOUND('',#7929,.F.);
#7929 = EDGE_LOOP('',(#7930));
#7930 = ORIENTED_EDGE('',*,*,#7931,.T.);
#7931 = EDGE_CURVE('',#7932,#7932,#7934,.T.);
#7932 = VERTEX_POINT('',#7933);
#7933 = CARTESIAN_POINT('',(67.5,-102.4045,0.));
#7934 = CIRCLE('',#7935,0.4445);
#7935 = AXIS2_PLACEMENT_3D('',#7936,#7937,#7938);
#7936 = CARTESIAN_POINT('',(67.5,-101.96,0.));
#7937 = DIRECTION('',(-0.,0.,-1.));
#7938 = DIRECTION('',(-0.,-1.,0.));
#7939 = FACE_BOUND('',#7940,.F.);
#7940 = EDGE_LOOP('',(#7941));
#7941 = ORIENTED_EDGE('',*,*,#7942,.T.);
#7942 = EDGE_CURVE('',#7943,#7943,#7945,.T.);
#7943 = VERTEX_POINT('',#7944);
#7944 = CARTESIAN_POINT('',(67.5,-99.8645,0.));
#7945 = CIRCLE('',#7946,0.4445);
#7946 = AXIS2_PLACEMENT_3D('',#7947,#7948,#7949);
#7947 = CARTESIAN_POINT('',(67.5,-99.42,0.));
#7948 = DIRECTION('',(-0.,0.,-1.));
#7949 = DIRECTION('',(-0.,-1.,0.));
#7950 = FACE_BOUND('',#7951,.F.);
#7951 = EDGE_LOOP('',(#7952));
#7952 = ORIENTED_EDGE('',*,*,#7953,.T.);
#7953 = EDGE_CURVE('',#7954,#7954,#7956,.T.);
#7954 = VERTEX_POINT('',#7955);
#7955 = CARTESIAN_POINT('',(67.5,-97.3245,0.));
#7956 = CIRCLE('',#7957,0.4445);
#7957 = AXIS2_PLACEMENT_3D('',#7958,#7959,#7960);
#7958 = CARTESIAN_POINT('',(67.5,-96.88,0.));
#7959 = DIRECTION('',(-0.,0.,-1.));
#7960 = DIRECTION('',(-0.,-1.,0.));
#7961 = FACE_BOUND('',#7962,.F.);
#7962 = EDGE_LOOP('',(#7963));
#7963 = ORIENTED_EDGE('',*,*,#7964,.T.);
#7964 = EDGE_CURVE('',#7965,#7965,#7967,.T.);
#7965 = VERTEX_POINT('',#7966);
#7966 = CARTESIAN_POINT('',(67.5,-94.7845,0.));
#7967 = CIRCLE('',#7968,0.4445);
#7968 = AXIS2_PLACEMENT_3D('',#7969,#7970,#7971);
#7969 = CARTESIAN_POINT('',(67.5,-94.34,0.));
#7970 = DIRECTION('',(-0.,0.,-1.));
#7971 = DIRECTION('',(-0.,-1.,0.));
#7972 = FACE_BOUND('',#7973,.F.);
#7973 = EDGE_LOOP('',(#7974));
#7974 = ORIENTED_EDGE('',*,*,#7975,.T.);
#7975 = EDGE_CURVE('',#7976,#7976,#7978,.T.);
#7976 = VERTEX_POINT('',#7977);
#7977 = CARTESIAN_POINT('',(67.5,-92.2445,0.));
#7978 = CIRCLE('',#7979,0.4445);
#7979 = AXIS2_PLACEMENT_3D('',#7980,#7981,#7982);
#7980 = CARTESIAN_POINT('',(67.5,-91.8,0.));
#7981 = DIRECTION('',(-0.,0.,-1.));
#7982 = DIRECTION('',(-0.,-1.,0.));
#7983 = FACE_BOUND('',#7984,.F.);
#7984 = EDGE_LOOP('',(#7985));
#7985 = ORIENTED_EDGE('',*,*,#7986,.T.);
#7986 = EDGE_CURVE('',#7987,#7987,#7989,.T.);
#7987 = VERTEX_POINT('',#7988);
#7988 = CARTESIAN_POINT('',(67.5,-89.7045,0.));
#7989 = CIRCLE('',#7990,0.4445);
#7990 = AXIS2_PLACEMENT_3D('',#7991,#7992,#7993);
#7991 = CARTESIAN_POINT('',(67.5,-89.26,0.));
#7992 = DIRECTION('',(-0.,0.,-1.));
#7993 = DIRECTION('',(-0.,-1.,0.));
#7994 = FACE_BOUND('',#7995,.F.);
#7995 = EDGE_LOOP('',(#7996));
#7996 = ORIENTED_EDGE('',*,*,#7997,.T.);
#7997 = EDGE_CURVE('',#7998,#7998,#8000,.T.);
#7998 = VERTEX_POINT('',#7999);
#7999 = CARTESIAN_POINT('',(78.,-100.05,0.));
#8000 = CIRCLE('',#8001,0.55);
#8001 = AXIS2_PLACEMENT_3D('',#8002,#8003,#8004);
#8002 = CARTESIAN_POINT('',(78.,-99.5,0.));
#8003 = DIRECTION('',(-0.,0.,-1.));
#8004 = DIRECTION('',(-0.,-1.,0.));
#8005 = FACE_BOUND('',#8006,.F.);
#8006 = EDGE_LOOP('',(#8007));
#8007 = ORIENTED_EDGE('',*,*,#8008,.T.);
#8008 = EDGE_CURVE('',#8009,#8009,#8011,.T.);
#8009 = VERTEX_POINT('',#8010);
#8010 = CARTESIAN_POINT('',(84.5,-100.05,0.));
#8011 = CIRCLE('',#8012,0.55);
#8012 = AXIS2_PLACEMENT_3D('',#8013,#8014,#8015);
#8013 = CARTESIAN_POINT('',(84.5,-99.5,0.));
#8014 = DIRECTION('',(-0.,0.,-1.));
#8015 = DIRECTION('',(-0.,-1.,0.));
#8016 = FACE_BOUND('',#8017,.F.);
#8017 = EDGE_LOOP('',(#8018));
#8018 = ORIENTED_EDGE('',*,*,#8019,.T.);
#8019 = EDGE_CURVE('',#8020,#8020,#8022,.T.);
#8020 = VERTEX_POINT('',#8021);
#8021 = CARTESIAN_POINT('',(78.,-95.55,0.));
#8022 = CIRCLE('',#8023,0.55);
#8023 = AXIS2_PLACEMENT_3D('',#8024,#8025,#8026);
#8024 = CARTESIAN_POINT('',(78.,-95.,0.));
#8025 = DIRECTION('',(-0.,0.,-1.));
#8026 = DIRECTION('',(-0.,-1.,0.));
#8027 = FACE_BOUND('',#8028,.F.);
#8028 = EDGE_LOOP('',(#8029));
#8029 = ORIENTED_EDGE('',*,*,#8030,.T.);
#8030 = EDGE_CURVE('',#8031,#8031,#8033,.T.);
#8031 = VERTEX_POINT('',#8032);
#8032 = CARTESIAN_POINT('',(84.5,-95.55,0.));
#8033 = CIRCLE('',#8034,0.55);
#8034 = AXIS2_PLACEMENT_3D('',#8035,#8036,#8037);
#8035 = CARTESIAN_POINT('',(84.5,-95.,0.));
#8036 = DIRECTION('',(-0.,0.,-1.));
#8037 = DIRECTION('',(-0.,-1.,0.));
#8038 = FACE_BOUND('',#8039,.F.);
#8039 = EDGE_LOOP('',(#8040));
#8040 = ORIENTED_EDGE('',*,*,#8041,.T.);
#8041 = EDGE_CURVE('',#8042,#8042,#8044,.T.);
#8042 = VERTEX_POINT('',#8043);
#8043 = CARTESIAN_POINT('',(85.,-91.1,0.));
#8044 = CIRCLE('',#8045,1.1);
#8045 = AXIS2_PLACEMENT_3D('',#8046,#8047,#8048);
#8046 = CARTESIAN_POINT('',(85.,-90.,0.));
#8047 = DIRECTION('',(-0.,0.,-1.));
#8048 = DIRECTION('',(-0.,-1.,0.));
#8049 = PLANE('',#8050);
#8050 = AXIS2_PLACEMENT_3D('',#8051,#8052,#8053);
#8051 = CARTESIAN_POINT('',(0.,0.,0.));
#8052 = DIRECTION('',(0.,0.,1.));
#8053 = DIRECTION('',(1.,0.,-0.));
#8054 = ADVANCED_FACE('',(#8055,#8101,#8112,#8123,#8134,#8145,#8156,
    #8167,#8178,#8189,#8200,#8211,#8222,#8233,#8244,#8255,#8266,#8277,
    #8288,#8299,#8310,#8321,#8332,#8343,#8354,#8365,#8376,#8387,#8398,
    #8409,#8420,#8431,#8442,#8453,#8464,#8475,#8486),#8497,.T.);
#8055 = FACE_BOUND('',#8056,.T.);
#8056 = EDGE_LOOP('',(#8057,#8058,#8059,#8068,#8076,#8085,#8093,#8100));
#8057 = ORIENTED_EDGE('',*,*,#7516,.F.);
#8058 = ORIENTED_EDGE('',*,*,#7558,.F.);
#8059 = ORIENTED_EDGE('',*,*,#8060,.F.);
#8060 = EDGE_CURVE('',#8061,#7551,#8063,.T.);
#8061 = VERTEX_POINT('',#8062);
#8062 = CARTESIAN_POINT('',(39.5,-90.,1.51));
#8063 = CIRCLE('',#8064,5.500001012403);
#8064 = AXIS2_PLACEMENT_3D('',#8065,#8066,#8067);
#8065 = CARTESIAN_POINT('',(45.000001012403,-90.0000010124,1.51));
#8066 = DIRECTION('',(0.,0.,-1.));
#8067 = DIRECTION('',(-1.,1.840732990164E-07,0.));
#8068 = ORIENTED_EDGE('',*,*,#8069,.F.);
#8069 = EDGE_CURVE('',#8070,#8061,#8072,.T.);
#8070 = VERTEX_POINT('',#8071);
#8071 = CARTESIAN_POINT('',(39.5,-147.5,1.51));
#8072 = LINE('',#8073,#8074);
#8073 = CARTESIAN_POINT('',(39.5,-147.5,1.51));
#8074 = VECTOR('',#8075,1.);
#8075 = DIRECTION('',(0.,1.,0.));
#8076 = ORIENTED_EDGE('',*,*,#8077,.F.);
#8077 = EDGE_CURVE('',#8078,#8070,#8080,.T.);
#8078 = VERTEX_POINT('',#8079);
#8079 = CARTESIAN_POINT('',(45.,-153.,1.51));
#8080 = CIRCLE('',#8081,5.500001012403);
#8081 = AXIS2_PLACEMENT_3D('',#8082,#8083,#8084);
#8082 = CARTESIAN_POINT('',(45.000001012403,-147.4999989875,1.51));
#8083 = DIRECTION('',(0.,0.,-1.));
#8084 = DIRECTION('',(-1.840733054759E-07,-1.,-0.));
#8085 = ORIENTED_EDGE('',*,*,#8086,.F.);
#8086 = EDGE_CURVE('',#8087,#8078,#8089,.T.);
#8087 = VERTEX_POINT('',#8088);
#8088 = CARTESIAN_POINT('',(85.,-153.,1.51));
#8089 = LINE('',#8090,#8091);
#8090 = CARTESIAN_POINT('',(85.,-153.,1.51));
#8091 = VECTOR('',#8092,1.);
#8092 = DIRECTION('',(-1.,0.,0.));
#8093 = ORIENTED_EDGE('',*,*,#8094,.F.);
#8094 = EDGE_CURVE('',#7581,#8087,#8095,.T.);
#8095 = CIRCLE('',#8096,5.500001012403);
#8096 = AXIS2_PLACEMENT_3D('',#8097,#8098,#8099);
#8097 = CARTESIAN_POINT('',(84.999998987597,-147.4999989875,1.51));
#8098 = DIRECTION('',(0.,0.,-1.));
#8099 = DIRECTION('',(1.,-1.840733016002E-07,0.));
#8100 = ORIENTED_EDGE('',*,*,#7580,.F.);
#8101 = FACE_BOUND('',#8102,.T.);
#8102 = EDGE_LOOP('',(#8103));
#8103 = ORIENTED_EDGE('',*,*,#8104,.T.);
#8104 = EDGE_CURVE('',#8105,#8105,#8107,.T.);
#8105 = VERTEX_POINT('',#8106);
#8106 = CARTESIAN_POINT('',(45.,-148.6,1.51));
#8107 = CIRCLE('',#8108,1.1);
#8108 = AXIS2_PLACEMENT_3D('',#8109,#8110,#8111);
#8109 = CARTESIAN_POINT('',(45.,-147.5,1.51));
#8110 = DIRECTION('',(-0.,0.,-1.));
#8111 = DIRECTION('',(-0.,-1.,0.));
#8112 = FACE_BOUND('',#8113,.T.);
#8113 = EDGE_LOOP('',(#8114));
#8114 = ORIENTED_EDGE('',*,*,#8115,.T.);
#8115 = EDGE_CURVE('',#8116,#8116,#8118,.T.);
#8116 = VERTEX_POINT('',#8117);
#8117 = CARTESIAN_POINT('',(85.,-148.6,1.51));
#8118 = CIRCLE('',#8119,1.1);
#8119 = AXIS2_PLACEMENT_3D('',#8120,#8121,#8122);
#8120 = CARTESIAN_POINT('',(85.,-147.5,1.51));
#8121 = DIRECTION('',(-0.,0.,-1.));
#8122 = DIRECTION('',(-0.,-1.,0.));
#8123 = FACE_BOUND('',#8124,.T.);
#8124 = EDGE_LOOP('',(#8125));
#8125 = ORIENTED_EDGE('',*,*,#8126,.T.);
#8126 = EDGE_CURVE('',#8127,#8127,#8129,.T.);
#8127 = VERTEX_POINT('',#8128);
#8128 = CARTESIAN_POINT('',(78.,-121.8,1.51));
#8129 = CIRCLE('',#8130,0.55);
#8130 = AXIS2_PLACEMENT_3D('',#8131,#8132,#8133);
#8131 = CARTESIAN_POINT('',(78.,-121.25,1.51));
#8132 = DIRECTION('',(-0.,0.,-1.));
#8133 = DIRECTION('',(-0.,-1.,0.));
#8134 = FACE_BOUND('',#8135,.T.);
#8135 = EDGE_LOOP('',(#8136));
#8136 = ORIENTED_EDGE('',*,*,#8137,.T.);
#8137 = EDGE_CURVE('',#8138,#8138,#8140,.T.);
#8138 = VERTEX_POINT('',#8139);
#8139 = CARTESIAN_POINT('',(84.5,-121.8,1.51));
#8140 = CIRCLE('',#8141,0.55);
#8141 = AXIS2_PLACEMENT_3D('',#8142,#8143,#8144);
#8142 = CARTESIAN_POINT('',(84.5,-121.25,1.51));
#8143 = DIRECTION('',(-0.,0.,-1.));
#8144 = DIRECTION('',(-0.,-1.,0.));
#8145 = FACE_BOUND('',#8146,.T.);
#8146 = EDGE_LOOP('',(#8147));
#8147 = ORIENTED_EDGE('',*,*,#8148,.T.);
#8148 = EDGE_CURVE('',#8149,#8149,#8151,.T.);
#8149 = VERTEX_POINT('',#8150);
#8150 = CARTESIAN_POINT('',(52.26,-104.9445,1.51));
#8151 = CIRCLE('',#8152,0.4445);
#8152 = AXIS2_PLACEMENT_3D('',#8153,#8154,#8155);
#8153 = CARTESIAN_POINT('',(52.26,-104.5,1.51));
#8154 = DIRECTION('',(-0.,0.,-1.));
#8155 = DIRECTION('',(-1.598521340293E-14,-1.,0.));
#8156 = FACE_BOUND('',#8157,.T.);
#8157 = EDGE_LOOP('',(#8158));
#8158 = ORIENTED_EDGE('',*,*,#8159,.T.);
#8159 = EDGE_CURVE('',#8160,#8160,#8162,.T.);
#8160 = VERTEX_POINT('',#8161);
#8161 = CARTESIAN_POINT('',(54.8,-110.,1.51));
#8162 = CIRCLE('',#8163,0.5);
#8163 = AXIS2_PLACEMENT_3D('',#8164,#8165,#8166);
#8164 = CARTESIAN_POINT('',(54.8,-109.5,1.51));
#8165 = DIRECTION('',(-0.,0.,-1.));
#8166 = DIRECTION('',(-0.,-1.,0.));
#8167 = FACE_BOUND('',#8168,.T.);
#8168 = EDGE_LOOP('',(#8169));
#8169 = ORIENTED_EDGE('',*,*,#8170,.T.);
#8170 = EDGE_CURVE('',#8171,#8171,#8173,.T.);
#8171 = VERTEX_POINT('',#8172);
#8172 = CARTESIAN_POINT('',(57.34,-110.,1.51));
#8173 = CIRCLE('',#8174,0.5);
#8174 = AXIS2_PLACEMENT_3D('',#8175,#8176,#8177);
#8175 = CARTESIAN_POINT('',(57.34,-109.5,1.51));
#8176 = DIRECTION('',(-0.,0.,-1.));
#8177 = DIRECTION('',(-0.,-1.,0.));
#8178 = FACE_BOUND('',#8179,.T.);
#8179 = EDGE_LOOP('',(#8180));
#8180 = ORIENTED_EDGE('',*,*,#8181,.T.);
#8181 = EDGE_CURVE('',#8182,#8182,#8184,.T.);
#8182 = VERTEX_POINT('',#8183);
#8183 = CARTESIAN_POINT('',(59.88,-110.,1.51));
#8184 = CIRCLE('',#8185,0.5);
#8185 = AXIS2_PLACEMENT_3D('',#8186,#8187,#8188);
#8186 = CARTESIAN_POINT('',(59.88,-109.5,1.51));
#8187 = DIRECTION('',(-0.,0.,-1.));
#8188 = DIRECTION('',(-0.,-1.,0.));
#8189 = FACE_BOUND('',#8190,.T.);
#8190 = EDGE_LOOP('',(#8191));
#8191 = ORIENTED_EDGE('',*,*,#8192,.T.);
#8192 = EDGE_CURVE('',#8193,#8193,#8195,.T.);
#8193 = VERTEX_POINT('',#8194);
#8194 = CARTESIAN_POINT('',(62.42,-110.,1.51));
#8195 = CIRCLE('',#8196,0.5);
#8196 = AXIS2_PLACEMENT_3D('',#8197,#8198,#8199);
#8197 = CARTESIAN_POINT('',(62.42,-109.5,1.51));
#8198 = DIRECTION('',(-0.,0.,-1.));
#8199 = DIRECTION('',(-0.,-1.,0.));
#8200 = FACE_BOUND('',#8201,.T.);
#8201 = EDGE_LOOP('',(#8202));
#8202 = ORIENTED_EDGE('',*,*,#8203,.T.);
#8203 = EDGE_CURVE('',#8204,#8204,#8206,.T.);
#8204 = VERTEX_POINT('',#8205);
#8205 = CARTESIAN_POINT('',(64.96,-110.,1.51));
#8206 = CIRCLE('',#8207,0.5);
#8207 = AXIS2_PLACEMENT_3D('',#8208,#8209,#8210);
#8208 = CARTESIAN_POINT('',(64.96,-109.5,1.51));
#8209 = DIRECTION('',(-0.,0.,-1.));
#8210 = DIRECTION('',(-0.,-1.,0.));
#8211 = FACE_BOUND('',#8212,.T.);
#8212 = EDGE_LOOP('',(#8213));
#8213 = ORIENTED_EDGE('',*,*,#8214,.T.);
#8214 = EDGE_CURVE('',#8215,#8215,#8217,.T.);
#8215 = VERTEX_POINT('',#8216);
#8216 = CARTESIAN_POINT('',(52.26,-102.4045,1.51));
#8217 = CIRCLE('',#8218,0.4445);
#8218 = AXIS2_PLACEMENT_3D('',#8219,#8220,#8221);
#8219 = CARTESIAN_POINT('',(52.26,-101.96,1.51));
#8220 = DIRECTION('',(-0.,0.,-1.));
#8221 = DIRECTION('',(-1.598521340293E-14,-1.,0.));
#8222 = FACE_BOUND('',#8223,.T.);
#8223 = EDGE_LOOP('',(#8224));
#8224 = ORIENTED_EDGE('',*,*,#8225,.T.);
#8225 = EDGE_CURVE('',#8226,#8226,#8228,.T.);
#8226 = VERTEX_POINT('',#8227);
#8227 = CARTESIAN_POINT('',(52.26,-99.8645,1.51));
#8228 = CIRCLE('',#8229,0.4445);
#8229 = AXIS2_PLACEMENT_3D('',#8230,#8231,#8232);
#8230 = CARTESIAN_POINT('',(52.26,-99.42,1.51));
#8231 = DIRECTION('',(-0.,0.,-1.));
#8232 = DIRECTION('',(-1.598521340293E-14,-1.,0.));
#8233 = FACE_BOUND('',#8234,.T.);
#8234 = EDGE_LOOP('',(#8235));
#8235 = ORIENTED_EDGE('',*,*,#8236,.T.);
#8236 = EDGE_CURVE('',#8237,#8237,#8239,.T.);
#8237 = VERTEX_POINT('',#8238);
#8238 = CARTESIAN_POINT('',(52.26,-97.3245,1.51));
#8239 = CIRCLE('',#8240,0.4445);
#8240 = AXIS2_PLACEMENT_3D('',#8241,#8242,#8243);
#8241 = CARTESIAN_POINT('',(52.26,-96.88,1.51));
#8242 = DIRECTION('',(-0.,0.,-1.));
#8243 = DIRECTION('',(-1.598521340293E-14,-1.,0.));
#8244 = FACE_BOUND('',#8245,.T.);
#8245 = EDGE_LOOP('',(#8246));
#8246 = ORIENTED_EDGE('',*,*,#8247,.T.);
#8247 = EDGE_CURVE('',#8248,#8248,#8250,.T.);
#8248 = VERTEX_POINT('',#8249);
#8249 = CARTESIAN_POINT('',(45.,-91.1,1.51));
#8250 = CIRCLE('',#8251,1.1);
#8251 = AXIS2_PLACEMENT_3D('',#8252,#8253,#8254);
#8252 = CARTESIAN_POINT('',(45.,-90.,1.51));
#8253 = DIRECTION('',(-0.,0.,-1.));
#8254 = DIRECTION('',(-0.,-1.,0.));
#8255 = FACE_BOUND('',#8256,.T.);
#8256 = EDGE_LOOP('',(#8257));
#8257 = ORIENTED_EDGE('',*,*,#8258,.T.);
#8258 = EDGE_CURVE('',#8259,#8259,#8261,.T.);
#8259 = VERTEX_POINT('',#8260);
#8260 = CARTESIAN_POINT('',(52.26,-94.7845,1.51));
#8261 = CIRCLE('',#8262,0.4445);
#8262 = AXIS2_PLACEMENT_3D('',#8263,#8264,#8265);
#8263 = CARTESIAN_POINT('',(52.26,-94.34,1.51));
#8264 = DIRECTION('',(-0.,0.,-1.));
#8265 = DIRECTION('',(-1.598521340293E-14,-1.,0.));
#8266 = FACE_BOUND('',#8267,.T.);
#8267 = EDGE_LOOP('',(#8268));
#8268 = ORIENTED_EDGE('',*,*,#8269,.T.);
#8269 = EDGE_CURVE('',#8270,#8270,#8272,.T.);
#8270 = VERTEX_POINT('',#8271);
#8271 = CARTESIAN_POINT('',(52.26,-92.2445,1.51));
#8272 = CIRCLE('',#8273,0.4445);
#8273 = AXIS2_PLACEMENT_3D('',#8274,#8275,#8276);
#8274 = CARTESIAN_POINT('',(52.26,-91.8,1.51));
#8275 = DIRECTION('',(-0.,0.,-1.));
#8276 = DIRECTION('',(-1.598521340293E-14,-1.,0.));
#8277 = FACE_BOUND('',#8278,.T.);
#8278 = EDGE_LOOP('',(#8279));
#8279 = ORIENTED_EDGE('',*,*,#8280,.T.);
#8280 = EDGE_CURVE('',#8281,#8281,#8283,.T.);
#8281 = VERTEX_POINT('',#8282);
#8282 = CARTESIAN_POINT('',(52.26,-89.7045,1.51));
#8283 = CIRCLE('',#8284,0.4445);
#8284 = AXIS2_PLACEMENT_3D('',#8285,#8286,#8287);
#8285 = CARTESIAN_POINT('',(52.26,-89.26,1.51));
#8286 = DIRECTION('',(-0.,0.,-1.));
#8287 = DIRECTION('',(-1.598521340293E-14,-1.,0.));
#8288 = FACE_BOUND('',#8289,.T.);
#8289 = EDGE_LOOP('',(#8290));
#8290 = ORIENTED_EDGE('',*,*,#8291,.T.);
#8291 = EDGE_CURVE('',#8292,#8292,#8294,.T.);
#8292 = VERTEX_POINT('',#8293);
#8293 = CARTESIAN_POINT('',(67.5,-110.,1.51));
#8294 = CIRCLE('',#8295,0.5);
#8295 = AXIS2_PLACEMENT_3D('',#8296,#8297,#8298);
#8296 = CARTESIAN_POINT('',(67.5,-109.5,1.51));
#8297 = DIRECTION('',(-0.,0.,-1.));
#8298 = DIRECTION('',(-0.,-1.,0.));
#8299 = FACE_BOUND('',#8300,.T.);
#8300 = EDGE_LOOP('',(#8301));
#8301 = ORIENTED_EDGE('',*,*,#8302,.T.);
#8302 = EDGE_CURVE('',#8303,#8303,#8305,.T.);
#8303 = VERTEX_POINT('',#8304);
#8304 = CARTESIAN_POINT('',(67.5,-104.9445,1.51));
#8305 = CIRCLE('',#8306,0.4445);
#8306 = AXIS2_PLACEMENT_3D('',#8307,#8308,#8309);
#8307 = CARTESIAN_POINT('',(67.5,-104.5,1.51));
#8308 = DIRECTION('',(-0.,0.,-1.));
#8309 = DIRECTION('',(-0.,-1.,0.));
#8310 = FACE_BOUND('',#8311,.T.);
#8311 = EDGE_LOOP('',(#8312));
#8312 = ORIENTED_EDGE('',*,*,#8313,.T.);
#8313 = EDGE_CURVE('',#8314,#8314,#8316,.T.);
#8314 = VERTEX_POINT('',#8315);
#8315 = CARTESIAN_POINT('',(78.,-117.3,1.51));
#8316 = CIRCLE('',#8317,0.55);
#8317 = AXIS2_PLACEMENT_3D('',#8318,#8319,#8320);
#8318 = CARTESIAN_POINT('',(78.,-116.75,1.51));
#8319 = DIRECTION('',(-0.,0.,-1.));
#8320 = DIRECTION('',(-0.,-1.,0.));
#8321 = FACE_BOUND('',#8322,.T.);
#8322 = EDGE_LOOP('',(#8323));
#8323 = ORIENTED_EDGE('',*,*,#8324,.T.);
#8324 = EDGE_CURVE('',#8325,#8325,#8327,.T.);
#8325 = VERTEX_POINT('',#8326);
#8326 = CARTESIAN_POINT('',(84.5,-117.3,1.51));
#8327 = CIRCLE('',#8328,0.55);
#8328 = AXIS2_PLACEMENT_3D('',#8329,#8330,#8331);
#8329 = CARTESIAN_POINT('',(84.5,-116.75,1.51));
#8330 = DIRECTION('',(-0.,0.,-1.));
#8331 = DIRECTION('',(-0.,-1.,0.));
#8332 = FACE_BOUND('',#8333,.T.);
#8333 = EDGE_LOOP('',(#8334));
#8334 = ORIENTED_EDGE('',*,*,#8335,.T.);
#8335 = EDGE_CURVE('',#8336,#8336,#8338,.T.);
#8336 = VERTEX_POINT('',#8337);
#8337 = CARTESIAN_POINT('',(78.,-110.55,1.51));
#8338 = CIRCLE('',#8339,0.55);
#8339 = AXIS2_PLACEMENT_3D('',#8340,#8341,#8342);
#8340 = CARTESIAN_POINT('',(78.,-110.,1.51));
#8341 = DIRECTION('',(-0.,0.,-1.));
#8342 = DIRECTION('',(-0.,-1.,0.));
#8343 = FACE_BOUND('',#8344,.T.);
#8344 = EDGE_LOOP('',(#8345));
#8345 = ORIENTED_EDGE('',*,*,#8346,.T.);
#8346 = EDGE_CURVE('',#8347,#8347,#8349,.T.);
#8347 = VERTEX_POINT('',#8348);
#8348 = CARTESIAN_POINT('',(78.,-106.05,1.51));
#8349 = CIRCLE('',#8350,0.55);
#8350 = AXIS2_PLACEMENT_3D('',#8351,#8352,#8353);
#8351 = CARTESIAN_POINT('',(78.,-105.5,1.51));
#8352 = DIRECTION('',(-0.,0.,-1.));
#8353 = DIRECTION('',(-0.,-1.,0.));
#8354 = FACE_BOUND('',#8355,.T.);
#8355 = EDGE_LOOP('',(#8356));
#8356 = ORIENTED_EDGE('',*,*,#8357,.T.);
#8357 = EDGE_CURVE('',#8358,#8358,#8360,.T.);
#8358 = VERTEX_POINT('',#8359);
#8359 = CARTESIAN_POINT('',(84.5,-110.55,1.51));
#8360 = CIRCLE('',#8361,0.55);
#8361 = AXIS2_PLACEMENT_3D('',#8362,#8363,#8364);
#8362 = CARTESIAN_POINT('',(84.5,-110.,1.51));
#8363 = DIRECTION('',(-0.,0.,-1.));
#8364 = DIRECTION('',(-0.,-1.,0.));
#8365 = FACE_BOUND('',#8366,.T.);
#8366 = EDGE_LOOP('',(#8367));
#8367 = ORIENTED_EDGE('',*,*,#8368,.T.);
#8368 = EDGE_CURVE('',#8369,#8369,#8371,.T.);
#8369 = VERTEX_POINT('',#8370);
#8370 = CARTESIAN_POINT('',(84.5,-106.05,1.51));
#8371 = CIRCLE('',#8372,0.55);
#8372 = AXIS2_PLACEMENT_3D('',#8373,#8374,#8375);
#8373 = CARTESIAN_POINT('',(84.5,-105.5,1.51));
#8374 = DIRECTION('',(-0.,0.,-1.));
#8375 = DIRECTION('',(-0.,-1.,0.));
#8376 = FACE_BOUND('',#8377,.T.);
#8377 = EDGE_LOOP('',(#8378));
#8378 = ORIENTED_EDGE('',*,*,#8379,.T.);
#8379 = EDGE_CURVE('',#8380,#8380,#8382,.T.);
#8380 = VERTEX_POINT('',#8381);
#8381 = CARTESIAN_POINT('',(67.5,-102.4045,1.51));
#8382 = CIRCLE('',#8383,0.4445);
#8383 = AXIS2_PLACEMENT_3D('',#8384,#8385,#8386);
#8384 = CARTESIAN_POINT('',(67.5,-101.96,1.51));
#8385 = DIRECTION('',(-0.,0.,-1.));
#8386 = DIRECTION('',(-0.,-1.,0.));
#8387 = FACE_BOUND('',#8388,.T.);
#8388 = EDGE_LOOP('',(#8389));
#8389 = ORIENTED_EDGE('',*,*,#8390,.T.);
#8390 = EDGE_CURVE('',#8391,#8391,#8393,.T.);
#8391 = VERTEX_POINT('',#8392);
#8392 = CARTESIAN_POINT('',(67.5,-99.8645,1.51));
#8393 = CIRCLE('',#8394,0.4445);
#8394 = AXIS2_PLACEMENT_3D('',#8395,#8396,#8397);
#8395 = CARTESIAN_POINT('',(67.5,-99.42,1.51));
#8396 = DIRECTION('',(-0.,0.,-1.));
#8397 = DIRECTION('',(-0.,-1.,0.));
#8398 = FACE_BOUND('',#8399,.T.);
#8399 = EDGE_LOOP('',(#8400));
#8400 = ORIENTED_EDGE('',*,*,#8401,.T.);
#8401 = EDGE_CURVE('',#8402,#8402,#8404,.T.);
#8402 = VERTEX_POINT('',#8403);
#8403 = CARTESIAN_POINT('',(67.5,-97.3245,1.51));
#8404 = CIRCLE('',#8405,0.4445);
#8405 = AXIS2_PLACEMENT_3D('',#8406,#8407,#8408);
#8406 = CARTESIAN_POINT('',(67.5,-96.88,1.51));
#8407 = DIRECTION('',(-0.,0.,-1.));
#8408 = DIRECTION('',(-0.,-1.,0.));
#8409 = FACE_BOUND('',#8410,.T.);
#8410 = EDGE_LOOP('',(#8411));
#8411 = ORIENTED_EDGE('',*,*,#8412,.T.);
#8412 = EDGE_CURVE('',#8413,#8413,#8415,.T.);
#8413 = VERTEX_POINT('',#8414);
#8414 = CARTESIAN_POINT('',(67.5,-94.7845,1.51));
#8415 = CIRCLE('',#8416,0.4445);
#8416 = AXIS2_PLACEMENT_3D('',#8417,#8418,#8419);
#8417 = CARTESIAN_POINT('',(67.5,-94.34,1.51));
#8418 = DIRECTION('',(-0.,0.,-1.));
#8419 = DIRECTION('',(-0.,-1.,0.));
#8420 = FACE_BOUND('',#8421,.T.);
#8421 = EDGE_LOOP('',(#8422));
#8422 = ORIENTED_EDGE('',*,*,#8423,.T.);
#8423 = EDGE_CURVE('',#8424,#8424,#8426,.T.);
#8424 = VERTEX_POINT('',#8425);
#8425 = CARTESIAN_POINT('',(67.5,-92.2445,1.51));
#8426 = CIRCLE('',#8427,0.4445);
#8427 = AXIS2_PLACEMENT_3D('',#8428,#8429,#8430);
#8428 = CARTESIAN_POINT('',(67.5,-91.8,1.51));
#8429 = DIRECTION('',(-0.,0.,-1.));
#8430 = DIRECTION('',(-0.,-1.,0.));
#8431 = FACE_BOUND('',#8432,.T.);
#8432 = EDGE_LOOP('',(#8433));
#8433 = ORIENTED_EDGE('',*,*,#8434,.T.);
#8434 = EDGE_CURVE('',#8435,#8435,#8437,.T.);
#8435 = VERTEX_POINT('',#8436);
#8436 = CARTESIAN_POINT('',(67.5,-89.7045,1.51));
#8437 = CIRCLE('',#8438,0.4445);
#8438 = AXIS2_PLACEMENT_3D('',#8439,#8440,#8441);
#8439 = CARTESIAN_POINT('',(67.5,-89.26,1.51));
#8440 = DIRECTION('',(-0.,0.,-1.));
#8441 = DIRECTION('',(-0.,-1.,0.));
#8442 = FACE_BOUND('',#8443,.T.);
#8443 = EDGE_LOOP('',(#8444));
#8444 = ORIENTED_EDGE('',*,*,#8445,.T.);
#8445 = EDGE_CURVE('',#8446,#8446,#8448,.T.);
#8446 = VERTEX_POINT('',#8447);
#8447 = CARTESIAN_POINT('',(78.,-100.05,1.51));
#8448 = CIRCLE('',#8449,0.55);
#8449 = AXIS2_PLACEMENT_3D('',#8450,#8451,#8452);
#8450 = CARTESIAN_POINT('',(78.,-99.5,1.51));
#8451 = DIRECTION('',(-0.,0.,-1.));
#8452 = DIRECTION('',(-0.,-1.,0.));
#8453 = FACE_BOUND('',#8454,.T.);
#8454 = EDGE_LOOP('',(#8455));
#8455 = ORIENTED_EDGE('',*,*,#8456,.T.);
#8456 = EDGE_CURVE('',#8457,#8457,#8459,.T.);
#8457 = VERTEX_POINT('',#8458);
#8458 = CARTESIAN_POINT('',(84.5,-100.05,1.51));
#8459 = CIRCLE('',#8460,0.55);
#8460 = AXIS2_PLACEMENT_3D('',#8461,#8462,#8463);
#8461 = CARTESIAN_POINT('',(84.5,-99.5,1.51));
#8462 = DIRECTION('',(-0.,0.,-1.));
#8463 = DIRECTION('',(-0.,-1.,0.));
#8464 = FACE_BOUND('',#8465,.T.);
#8465 = EDGE_LOOP('',(#8466));
#8466 = ORIENTED_EDGE('',*,*,#8467,.T.);
#8467 = EDGE_CURVE('',#8468,#8468,#8470,.T.);
#8468 = VERTEX_POINT('',#8469);
#8469 = CARTESIAN_POINT('',(78.,-95.55,1.51));
#8470 = CIRCLE('',#8471,0.55);
#8471 = AXIS2_PLACEMENT_3D('',#8472,#8473,#8474);
#8472 = CARTESIAN_POINT('',(78.,-95.,1.51));
#8473 = DIRECTION('',(-0.,0.,-1.));
#8474 = DIRECTION('',(-0.,-1.,0.));
#8475 = FACE_BOUND('',#8476,.T.);
#8476 = EDGE_LOOP('',(#8477));
#8477 = ORIENTED_EDGE('',*,*,#8478,.T.);
#8478 = EDGE_CURVE('',#8479,#8479,#8481,.T.);
#8479 = VERTEX_POINT('',#8480);
#8480 = CARTESIAN_POINT('',(84.5,-95.55,1.51));
#8481 = CIRCLE('',#8482,0.55);
#8482 = AXIS2_PLACEMENT_3D('',#8483,#8484,#8485);
#8483 = CARTESIAN_POINT('',(84.5,-95.,1.51));
#8484 = DIRECTION('',(-0.,0.,-1.));
#8485 = DIRECTION('',(-0.,-1.,0.));
#8486 = FACE_BOUND('',#8487,.T.);
#8487 = EDGE_LOOP('',(#8488));
#8488 = ORIENTED_EDGE('',*,*,#8489,.T.);
#8489 = EDGE_CURVE('',#8490,#8490,#8492,.T.);
#8490 = VERTEX_POINT('',#8491);
#8491 = CARTESIAN_POINT('',(85.,-91.1,1.51));
#8492 = CIRCLE('',#8493,1.1);
#8493 = AXIS2_PLACEMENT_3D('',#8494,#8495,#8496);
#8494 = CARTESIAN_POINT('',(85.,-90.,1.51));
#8495 = DIRECTION('',(-0.,0.,-1.));
#8496 = DIRECTION('',(-0.,-1.,0.));
#8497 = PLANE('',#8498);
#8498 = AXIS2_PLACEMENT_3D('',#8499,#8500,#8501);
#8499 = CARTESIAN_POINT('',(0.,0.,1.51));
#8500 = DIRECTION('',(0.,0.,1.));
#8501 = DIRECTION('',(1.,0.,-0.));
#8502 = ADVANCED_FACE('',(#8503),#8514,.T.);
#8503 = FACE_BOUND('',#8504,.T.);
#8504 = EDGE_LOOP('',(#8505,#8511,#8512,#8513));
#8505 = ORIENTED_EDGE('',*,*,#8506,.T.);
#8506 = EDGE_CURVE('',#7613,#8061,#8507,.T.);
#8507 = LINE('',#8508,#8509);
#8508 = CARTESIAN_POINT('',(39.5,-90.,0.));
#8509 = VECTOR('',#8510,1.);
#8510 = DIRECTION('',(0.,0.,1.));
#8511 = ORIENTED_EDGE('',*,*,#8060,.T.);
#8512 = ORIENTED_EDGE('',*,*,#7548,.F.);
#8513 = ORIENTED_EDGE('',*,*,#7612,.F.);
#8514 = CYLINDRICAL_SURFACE('',#8515,5.500001012403);
#8515 = AXIS2_PLACEMENT_3D('',#8516,#8517,#8518);
#8516 = CARTESIAN_POINT('',(45.000001012403,-90.0000010124,0.));
#8517 = DIRECTION('',(0.,0.,-1.));
#8518 = DIRECTION('',(-1.,1.840732990164E-07,0.));
#8519 = ADVANCED_FACE('',(#8520),#8531,.T.);
#8520 = FACE_BOUND('',#8521,.T.);
#8521 = EDGE_LOOP('',(#8522,#8523,#8524,#8530));
#8522 = ORIENTED_EDGE('',*,*,#7588,.T.);
#8523 = ORIENTED_EDGE('',*,*,#8094,.T.);
#8524 = ORIENTED_EDGE('',*,*,#8525,.F.);
#8525 = EDGE_CURVE('',#7639,#8087,#8526,.T.);
#8526 = LINE('',#8527,#8528);
#8527 = CARTESIAN_POINT('',(85.,-153.,0.));
#8528 = VECTOR('',#8529,1.);
#8529 = DIRECTION('',(0.,0.,1.));
#8530 = ORIENTED_EDGE('',*,*,#7646,.F.);
#8531 = CYLINDRICAL_SURFACE('',#8532,5.500001012403);
#8532 = AXIS2_PLACEMENT_3D('',#8533,#8534,#8535);
#8533 = CARTESIAN_POINT('',(84.999998987597,-147.4999989875,0.));
#8534 = DIRECTION('',(0.,0.,-1.));
#8535 = DIRECTION('',(1.,-1.840733016002E-07,0.));
#8536 = ADVANCED_FACE('',(#8537),#8548,.T.);
#8537 = FACE_BOUND('',#8538,.T.);
#8538 = EDGE_LOOP('',(#8539,#8545,#8546,#8547));
#8539 = ORIENTED_EDGE('',*,*,#8540,.T.);
#8540 = EDGE_CURVE('',#7622,#8070,#8541,.T.);
#8541 = LINE('',#8542,#8543);
#8542 = CARTESIAN_POINT('',(39.5,-147.5,0.));
#8543 = VECTOR('',#8544,1.);
#8544 = DIRECTION('',(0.,0.,1.));
#8545 = ORIENTED_EDGE('',*,*,#8069,.T.);
#8546 = ORIENTED_EDGE('',*,*,#8506,.F.);
#8547 = ORIENTED_EDGE('',*,*,#7621,.F.);
#8548 = PLANE('',#8549);
#8549 = AXIS2_PLACEMENT_3D('',#8550,#8551,#8552);
#8550 = CARTESIAN_POINT('',(39.5,-147.5,0.));
#8551 = DIRECTION('',(-1.,0.,0.));
#8552 = DIRECTION('',(0.,1.,0.));
#8553 = ADVANCED_FACE('',(#8554),#8565,.T.);
#8554 = FACE_BOUND('',#8555,.T.);
#8555 = EDGE_LOOP('',(#8556,#8557,#8558,#8564));
#8556 = ORIENTED_EDGE('',*,*,#8525,.T.);
#8557 = ORIENTED_EDGE('',*,*,#8086,.T.);
#8558 = ORIENTED_EDGE('',*,*,#8559,.F.);
#8559 = EDGE_CURVE('',#7630,#8078,#8560,.T.);
#8560 = LINE('',#8561,#8562);
#8561 = CARTESIAN_POINT('',(45.,-153.,0.));
#8562 = VECTOR('',#8563,1.);
#8563 = DIRECTION('',(0.,0.,1.));
#8564 = ORIENTED_EDGE('',*,*,#7638,.F.);
#8565 = PLANE('',#8566);
#8566 = AXIS2_PLACEMENT_3D('',#8567,#8568,#8569);
#8567 = CARTESIAN_POINT('',(85.,-153.,0.));
#8568 = DIRECTION('',(0.,-1.,0.));
#8569 = DIRECTION('',(-1.,0.,0.));
#8570 = ADVANCED_FACE('',(#8571),#8577,.T.);
#8571 = FACE_BOUND('',#8572,.T.);
#8572 = EDGE_LOOP('',(#8573,#8574,#8575,#8576));
#8573 = ORIENTED_EDGE('',*,*,#8559,.T.);
#8574 = ORIENTED_EDGE('',*,*,#8077,.T.);
#8575 = ORIENTED_EDGE('',*,*,#8540,.F.);
#8576 = ORIENTED_EDGE('',*,*,#7629,.F.);
#8577 = CYLINDRICAL_SURFACE('',#8578,5.500001012403);
#8578 = AXIS2_PLACEMENT_3D('',#8579,#8580,#8581);
#8579 = CARTESIAN_POINT('',(45.000001012403,-147.4999989875,0.));
#8580 = DIRECTION('',(0.,0.,-1.));
#8581 = DIRECTION('',(-1.840733054759E-07,-1.,-0.));
#8582 = ADVANCED_FACE('',(#8583),#8594,.F.);
#8583 = FACE_BOUND('',#8584,.T.);
#8584 = EDGE_LOOP('',(#8585,#8586,#8592,#8593));
#8585 = ORIENTED_EDGE('',*,*,#7656,.T.);
#8586 = ORIENTED_EDGE('',*,*,#8587,.T.);
#8587 = EDGE_CURVE('',#7657,#8105,#8588,.T.);
#8588 = LINE('',#8589,#8590);
#8589 = CARTESIAN_POINT('',(45.,-148.6,-4.6E-02));
#8590 = VECTOR('',#8591,1.);
#8591 = DIRECTION('',(0.,0.,1.));
#8592 = ORIENTED_EDGE('',*,*,#8104,.F.);
#8593 = ORIENTED_EDGE('',*,*,#8587,.F.);
#8594 = CYLINDRICAL_SURFACE('',#8595,1.1);
#8595 = AXIS2_PLACEMENT_3D('',#8596,#8597,#8598);
#8596 = CARTESIAN_POINT('',(45.,-147.5,-4.6E-02));
#8597 = DIRECTION('',(-0.,-0.,-1.));
#8598 = DIRECTION('',(-0.,-1.,0.));
#8599 = ADVANCED_FACE('',(#8600),#8611,.F.);
#8600 = FACE_BOUND('',#8601,.T.);
#8601 = EDGE_LOOP('',(#8602,#8603,#8609,#8610));
#8602 = ORIENTED_EDGE('',*,*,#7667,.T.);
#8603 = ORIENTED_EDGE('',*,*,#8604,.T.);
#8604 = EDGE_CURVE('',#7668,#8116,#8605,.T.);
#8605 = LINE('',#8606,#8607);
#8606 = CARTESIAN_POINT('',(85.,-148.6,-4.6E-02));
#8607 = VECTOR('',#8608,1.);
#8608 = DIRECTION('',(0.,0.,1.));
#8609 = ORIENTED_EDGE('',*,*,#8115,.F.);
#8610 = ORIENTED_EDGE('',*,*,#8604,.F.);
#8611 = CYLINDRICAL_SURFACE('',#8612,1.1);
#8612 = AXIS2_PLACEMENT_3D('',#8613,#8614,#8615);
#8613 = CARTESIAN_POINT('',(85.,-147.5,-4.6E-02));
#8614 = DIRECTION('',(-0.,-0.,-1.));
#8615 = DIRECTION('',(-0.,-1.,0.));
#8616 = ADVANCED_FACE('',(#8617),#8628,.F.);
#8617 = FACE_BOUND('',#8618,.T.);
#8618 = EDGE_LOOP('',(#8619,#8620,#8626,#8627));
#8619 = ORIENTED_EDGE('',*,*,#7678,.T.);
#8620 = ORIENTED_EDGE('',*,*,#8621,.T.);
#8621 = EDGE_CURVE('',#7679,#8127,#8622,.T.);
#8622 = LINE('',#8623,#8624);
#8623 = CARTESIAN_POINT('',(78.,-121.8,-4.6E-02));
#8624 = VECTOR('',#8625,1.);
#8625 = DIRECTION('',(0.,0.,1.));
#8626 = ORIENTED_EDGE('',*,*,#8126,.F.);
#8627 = ORIENTED_EDGE('',*,*,#8621,.F.);
#8628 = CYLINDRICAL_SURFACE('',#8629,0.55);
#8629 = AXIS2_PLACEMENT_3D('',#8630,#8631,#8632);
#8630 = CARTESIAN_POINT('',(78.,-121.25,-4.6E-02));
#8631 = DIRECTION('',(-0.,-0.,-1.));
#8632 = DIRECTION('',(-0.,-1.,0.));
#8633 = ADVANCED_FACE('',(#8634),#8645,.F.);
#8634 = FACE_BOUND('',#8635,.T.);
#8635 = EDGE_LOOP('',(#8636,#8637,#8643,#8644));
#8636 = ORIENTED_EDGE('',*,*,#7689,.T.);
#8637 = ORIENTED_EDGE('',*,*,#8638,.T.);
#8638 = EDGE_CURVE('',#7690,#8138,#8639,.T.);
#8639 = LINE('',#8640,#8641);
#8640 = CARTESIAN_POINT('',(84.5,-121.8,-4.6E-02));
#8641 = VECTOR('',#8642,1.);
#8642 = DIRECTION('',(0.,0.,1.));
#8643 = ORIENTED_EDGE('',*,*,#8137,.F.);
#8644 = ORIENTED_EDGE('',*,*,#8638,.F.);
#8645 = CYLINDRICAL_SURFACE('',#8646,0.55);
#8646 = AXIS2_PLACEMENT_3D('',#8647,#8648,#8649);
#8647 = CARTESIAN_POINT('',(84.5,-121.25,-4.6E-02));
#8648 = DIRECTION('',(-0.,-0.,-1.));
#8649 = DIRECTION('',(-0.,-1.,0.));
#8650 = ADVANCED_FACE('',(#8651),#8662,.F.);
#8651 = FACE_BOUND('',#8652,.T.);
#8652 = EDGE_LOOP('',(#8653,#8654,#8660,#8661));
#8653 = ORIENTED_EDGE('',*,*,#7700,.T.);
#8654 = ORIENTED_EDGE('',*,*,#8655,.T.);
#8655 = EDGE_CURVE('',#7701,#8149,#8656,.T.);
#8656 = LINE('',#8657,#8658);
#8657 = CARTESIAN_POINT('',(52.26,-104.9445,-4.6E-02));
#8658 = VECTOR('',#8659,1.);
#8659 = DIRECTION('',(0.,0.,1.));
#8660 = ORIENTED_EDGE('',*,*,#8148,.F.);
#8661 = ORIENTED_EDGE('',*,*,#8655,.F.);
#8662 = CYLINDRICAL_SURFACE('',#8663,0.4445);
#8663 = AXIS2_PLACEMENT_3D('',#8664,#8665,#8666);
#8664 = CARTESIAN_POINT('',(52.26,-104.5,-4.6E-02));
#8665 = DIRECTION('',(-0.,-0.,-1.));
#8666 = DIRECTION('',(-1.598521340293E-14,-1.,0.));
#8667 = ADVANCED_FACE('',(#8668),#8679,.F.);
#8668 = FACE_BOUND('',#8669,.T.);
#8669 = EDGE_LOOP('',(#8670,#8671,#8677,#8678));
#8670 = ORIENTED_EDGE('',*,*,#7711,.T.);
#8671 = ORIENTED_EDGE('',*,*,#8672,.T.);
#8672 = EDGE_CURVE('',#7712,#8160,#8673,.T.);
#8673 = LINE('',#8674,#8675);
#8674 = CARTESIAN_POINT('',(54.8,-110.,-4.6E-02));
#8675 = VECTOR('',#8676,1.);
#8676 = DIRECTION('',(0.,0.,1.));
#8677 = ORIENTED_EDGE('',*,*,#8159,.F.);
#8678 = ORIENTED_EDGE('',*,*,#8672,.F.);
#8679 = CYLINDRICAL_SURFACE('',#8680,0.5);
#8680 = AXIS2_PLACEMENT_3D('',#8681,#8682,#8683);
#8681 = CARTESIAN_POINT('',(54.8,-109.5,-4.6E-02));
#8682 = DIRECTION('',(-0.,-0.,-1.));
#8683 = DIRECTION('',(-0.,-1.,0.));
#8684 = ADVANCED_FACE('',(#8685),#8696,.F.);
#8685 = FACE_BOUND('',#8686,.T.);
#8686 = EDGE_LOOP('',(#8687,#8688,#8694,#8695));
#8687 = ORIENTED_EDGE('',*,*,#7722,.T.);
#8688 = ORIENTED_EDGE('',*,*,#8689,.T.);
#8689 = EDGE_CURVE('',#7723,#8171,#8690,.T.);
#8690 = LINE('',#8691,#8692);
#8691 = CARTESIAN_POINT('',(57.34,-110.,-4.6E-02));
#8692 = VECTOR('',#8693,1.);
#8693 = DIRECTION('',(0.,0.,1.));
#8694 = ORIENTED_EDGE('',*,*,#8170,.F.);
#8695 = ORIENTED_EDGE('',*,*,#8689,.F.);
#8696 = CYLINDRICAL_SURFACE('',#8697,0.5);
#8697 = AXIS2_PLACEMENT_3D('',#8698,#8699,#8700);
#8698 = CARTESIAN_POINT('',(57.34,-109.5,-4.6E-02));
#8699 = DIRECTION('',(-0.,-0.,-1.));
#8700 = DIRECTION('',(-0.,-1.,0.));
#8701 = ADVANCED_FACE('',(#8702),#8713,.F.);
#8702 = FACE_BOUND('',#8703,.T.);
#8703 = EDGE_LOOP('',(#8704,#8705,#8711,#8712));
#8704 = ORIENTED_EDGE('',*,*,#7733,.T.);
#8705 = ORIENTED_EDGE('',*,*,#8706,.T.);
#8706 = EDGE_CURVE('',#7734,#8182,#8707,.T.);
#8707 = LINE('',#8708,#8709);
#8708 = CARTESIAN_POINT('',(59.88,-110.,-4.6E-02));
#8709 = VECTOR('',#8710,1.);
#8710 = DIRECTION('',(0.,0.,1.));
#8711 = ORIENTED_EDGE('',*,*,#8181,.F.);
#8712 = ORIENTED_EDGE('',*,*,#8706,.F.);
#8713 = CYLINDRICAL_SURFACE('',#8714,0.5);
#8714 = AXIS2_PLACEMENT_3D('',#8715,#8716,#8717);
#8715 = CARTESIAN_POINT('',(59.88,-109.5,-4.6E-02));
#8716 = DIRECTION('',(-0.,-0.,-1.));
#8717 = DIRECTION('',(-0.,-1.,0.));
#8718 = ADVANCED_FACE('',(#8719),#8730,.F.);
#8719 = FACE_BOUND('',#8720,.T.);
#8720 = EDGE_LOOP('',(#8721,#8722,#8728,#8729));
#8721 = ORIENTED_EDGE('',*,*,#7744,.T.);
#8722 = ORIENTED_EDGE('',*,*,#8723,.T.);
#8723 = EDGE_CURVE('',#7745,#8193,#8724,.T.);
#8724 = LINE('',#8725,#8726);
#8725 = CARTESIAN_POINT('',(62.42,-110.,-4.6E-02));
#8726 = VECTOR('',#8727,1.);
#8727 = DIRECTION('',(0.,0.,1.));
#8728 = ORIENTED_EDGE('',*,*,#8192,.F.);
#8729 = ORIENTED_EDGE('',*,*,#8723,.F.);
#8730 = CYLINDRICAL_SURFACE('',#8731,0.5);
#8731 = AXIS2_PLACEMENT_3D('',#8732,#8733,#8734);
#8732 = CARTESIAN_POINT('',(62.42,-109.5,-4.6E-02));
#8733 = DIRECTION('',(-0.,-0.,-1.));
#8734 = DIRECTION('',(-0.,-1.,0.));
#8735 = ADVANCED_FACE('',(#8736),#8747,.F.);
#8736 = FACE_BOUND('',#8737,.T.);
#8737 = EDGE_LOOP('',(#8738,#8739,#8745,#8746));
#8738 = ORIENTED_EDGE('',*,*,#7755,.T.);
#8739 = ORIENTED_EDGE('',*,*,#8740,.T.);
#8740 = EDGE_CURVE('',#7756,#8204,#8741,.T.);
#8741 = LINE('',#8742,#8743);
#8742 = CARTESIAN_POINT('',(64.96,-110.,-4.6E-02));
#8743 = VECTOR('',#8744,1.);
#8744 = DIRECTION('',(0.,0.,1.));
#8745 = ORIENTED_EDGE('',*,*,#8203,.F.);
#8746 = ORIENTED_EDGE('',*,*,#8740,.F.);
#8747 = CYLINDRICAL_SURFACE('',#8748,0.5);
#8748 = AXIS2_PLACEMENT_3D('',#8749,#8750,#8751);
#8749 = CARTESIAN_POINT('',(64.96,-109.5,-4.6E-02));
#8750 = DIRECTION('',(-0.,-0.,-1.));
#8751 = DIRECTION('',(-0.,-1.,0.));
#8752 = ADVANCED_FACE('',(#8753),#8764,.F.);
#8753 = FACE_BOUND('',#8754,.T.);
#8754 = EDGE_LOOP('',(#8755,#8756,#8762,#8763));
#8755 = ORIENTED_EDGE('',*,*,#7766,.T.);
#8756 = ORIENTED_EDGE('',*,*,#8757,.T.);
#8757 = EDGE_CURVE('',#7767,#8215,#8758,.T.);
#8758 = LINE('',#8759,#8760);
#8759 = CARTESIAN_POINT('',(52.26,-102.4045,-4.6E-02));
#8760 = VECTOR('',#8761,1.);
#8761 = DIRECTION('',(0.,0.,1.));
#8762 = ORIENTED_EDGE('',*,*,#8214,.F.);
#8763 = ORIENTED_EDGE('',*,*,#8757,.F.);
#8764 = CYLINDRICAL_SURFACE('',#8765,0.4445);
#8765 = AXIS2_PLACEMENT_3D('',#8766,#8767,#8768);
#8766 = CARTESIAN_POINT('',(52.26,-101.96,-4.6E-02));
#8767 = DIRECTION('',(-0.,-0.,-1.));
#8768 = DIRECTION('',(-1.598521340293E-14,-1.,0.));
#8769 = ADVANCED_FACE('',(#8770),#8781,.F.);
#8770 = FACE_BOUND('',#8771,.T.);
#8771 = EDGE_LOOP('',(#8772,#8773,#8779,#8780));
#8772 = ORIENTED_EDGE('',*,*,#7777,.T.);
#8773 = ORIENTED_EDGE('',*,*,#8774,.T.);
#8774 = EDGE_CURVE('',#7778,#8226,#8775,.T.);
#8775 = LINE('',#8776,#8777);
#8776 = CARTESIAN_POINT('',(52.26,-99.8645,-4.6E-02));
#8777 = VECTOR('',#8778,1.);
#8778 = DIRECTION('',(0.,0.,1.));
#8779 = ORIENTED_EDGE('',*,*,#8225,.F.);
#8780 = ORIENTED_EDGE('',*,*,#8774,.F.);
#8781 = CYLINDRICAL_SURFACE('',#8782,0.4445);
#8782 = AXIS2_PLACEMENT_3D('',#8783,#8784,#8785);
#8783 = CARTESIAN_POINT('',(52.26,-99.42,-4.6E-02));
#8784 = DIRECTION('',(-0.,-0.,-1.));
#8785 = DIRECTION('',(-1.598521340293E-14,-1.,0.));
#8786 = ADVANCED_FACE('',(#8787),#8798,.F.);
#8787 = FACE_BOUND('',#8788,.T.);
#8788 = EDGE_LOOP('',(#8789,#8790,#8796,#8797));
#8789 = ORIENTED_EDGE('',*,*,#7788,.T.);
#8790 = ORIENTED_EDGE('',*,*,#8791,.T.);
#8791 = EDGE_CURVE('',#7789,#8237,#8792,.T.);
#8792 = LINE('',#8793,#8794);
#8793 = CARTESIAN_POINT('',(52.26,-97.3245,-4.6E-02));
#8794 = VECTOR('',#8795,1.);
#8795 = DIRECTION('',(0.,0.,1.));
#8796 = ORIENTED_EDGE('',*,*,#8236,.F.);
#8797 = ORIENTED_EDGE('',*,*,#8791,.F.);
#8798 = CYLINDRICAL_SURFACE('',#8799,0.4445);
#8799 = AXIS2_PLACEMENT_3D('',#8800,#8801,#8802);
#8800 = CARTESIAN_POINT('',(52.26,-96.88,-4.6E-02));
#8801 = DIRECTION('',(-0.,-0.,-1.));
#8802 = DIRECTION('',(-1.598521340293E-14,-1.,0.));
#8803 = ADVANCED_FACE('',(#8804),#8815,.F.);
#8804 = FACE_BOUND('',#8805,.T.);
#8805 = EDGE_LOOP('',(#8806,#8807,#8813,#8814));
#8806 = ORIENTED_EDGE('',*,*,#7799,.T.);
#8807 = ORIENTED_EDGE('',*,*,#8808,.T.);
#8808 = EDGE_CURVE('',#7800,#8248,#8809,.T.);
#8809 = LINE('',#8810,#8811);
#8810 = CARTESIAN_POINT('',(45.,-91.1,-4.6E-02));
#8811 = VECTOR('',#8812,1.);
#8812 = DIRECTION('',(0.,0.,1.));
#8813 = ORIENTED_EDGE('',*,*,#8247,.F.);
#8814 = ORIENTED_EDGE('',*,*,#8808,.F.);
#8815 = CYLINDRICAL_SURFACE('',#8816,1.1);
#8816 = AXIS2_PLACEMENT_3D('',#8817,#8818,#8819);
#8817 = CARTESIAN_POINT('',(45.,-90.,-4.6E-02));
#8818 = DIRECTION('',(-0.,-0.,-1.));
#8819 = DIRECTION('',(-0.,-1.,0.));
#8820 = ADVANCED_FACE('',(#8821),#8832,.F.);
#8821 = FACE_BOUND('',#8822,.T.);
#8822 = EDGE_LOOP('',(#8823,#8824,#8830,#8831));
#8823 = ORIENTED_EDGE('',*,*,#7810,.T.);
#8824 = ORIENTED_EDGE('',*,*,#8825,.T.);
#8825 = EDGE_CURVE('',#7811,#8259,#8826,.T.);
#8826 = LINE('',#8827,#8828);
#8827 = CARTESIAN_POINT('',(52.26,-94.7845,-4.6E-02));
#8828 = VECTOR('',#8829,1.);
#8829 = DIRECTION('',(0.,0.,1.));
#8830 = ORIENTED_EDGE('',*,*,#8258,.F.);
#8831 = ORIENTED_EDGE('',*,*,#8825,.F.);
#8832 = CYLINDRICAL_SURFACE('',#8833,0.4445);
#8833 = AXIS2_PLACEMENT_3D('',#8834,#8835,#8836);
#8834 = CARTESIAN_POINT('',(52.26,-94.34,-4.6E-02));
#8835 = DIRECTION('',(-0.,-0.,-1.));
#8836 = DIRECTION('',(-1.598521340293E-14,-1.,0.));
#8837 = ADVANCED_FACE('',(#8838),#8849,.F.);
#8838 = FACE_BOUND('',#8839,.T.);
#8839 = EDGE_LOOP('',(#8840,#8841,#8847,#8848));
#8840 = ORIENTED_EDGE('',*,*,#7821,.T.);
#8841 = ORIENTED_EDGE('',*,*,#8842,.T.);
#8842 = EDGE_CURVE('',#7822,#8270,#8843,.T.);
#8843 = LINE('',#8844,#8845);
#8844 = CARTESIAN_POINT('',(52.26,-92.2445,-4.6E-02));
#8845 = VECTOR('',#8846,1.);
#8846 = DIRECTION('',(0.,0.,1.));
#8847 = ORIENTED_EDGE('',*,*,#8269,.F.);
#8848 = ORIENTED_EDGE('',*,*,#8842,.F.);
#8849 = CYLINDRICAL_SURFACE('',#8850,0.4445);
#8850 = AXIS2_PLACEMENT_3D('',#8851,#8852,#8853);
#8851 = CARTESIAN_POINT('',(52.26,-91.8,-4.6E-02));
#8852 = DIRECTION('',(-0.,-0.,-1.));
#8853 = DIRECTION('',(-1.598521340293E-14,-1.,0.));
#8854 = ADVANCED_FACE('',(#8855),#8866,.F.);
#8855 = FACE_BOUND('',#8856,.T.);
#8856 = EDGE_LOOP('',(#8857,#8858,#8864,#8865));
#8857 = ORIENTED_EDGE('',*,*,#7832,.T.);
#8858 = ORIENTED_EDGE('',*,*,#8859,.T.);
#8859 = EDGE_CURVE('',#7833,#8281,#8860,.T.);
#8860 = LINE('',#8861,#8862);
#8861 = CARTESIAN_POINT('',(52.26,-89.7045,-4.6E-02));
#8862 = VECTOR('',#8863,1.);
#8863 = DIRECTION('',(0.,0.,1.));
#8864 = ORIENTED_EDGE('',*,*,#8280,.F.);
#8865 = ORIENTED_EDGE('',*,*,#8859,.F.);
#8866 = CYLINDRICAL_SURFACE('',#8867,0.4445);
#8867 = AXIS2_PLACEMENT_3D('',#8868,#8869,#8870);
#8868 = CARTESIAN_POINT('',(52.26,-89.26,-4.6E-02));
#8869 = DIRECTION('',(-0.,-0.,-1.));
#8870 = DIRECTION('',(-1.598521340293E-14,-1.,0.));
#8871 = ADVANCED_FACE('',(#8872),#8883,.F.);
#8872 = FACE_BOUND('',#8873,.T.);
#8873 = EDGE_LOOP('',(#8874,#8875,#8881,#8882));
#8874 = ORIENTED_EDGE('',*,*,#7843,.T.);
#8875 = ORIENTED_EDGE('',*,*,#8876,.T.);
#8876 = EDGE_CURVE('',#7844,#8292,#8877,.T.);
#8877 = LINE('',#8878,#8879);
#8878 = CARTESIAN_POINT('',(67.5,-110.,-4.6E-02));
#8879 = VECTOR('',#8880,1.);
#8880 = DIRECTION('',(0.,0.,1.));
#8881 = ORIENTED_EDGE('',*,*,#8291,.F.);
#8882 = ORIENTED_EDGE('',*,*,#8876,.F.);
#8883 = CYLINDRICAL_SURFACE('',#8884,0.5);
#8884 = AXIS2_PLACEMENT_3D('',#8885,#8886,#8887);
#8885 = CARTESIAN_POINT('',(67.5,-109.5,-4.6E-02));
#8886 = DIRECTION('',(-0.,-0.,-1.));
#8887 = DIRECTION('',(-0.,-1.,0.));
#8888 = ADVANCED_FACE('',(#8889),#8900,.F.);
#8889 = FACE_BOUND('',#8890,.T.);
#8890 = EDGE_LOOP('',(#8891,#8892,#8898,#8899));
#8891 = ORIENTED_EDGE('',*,*,#7854,.T.);
#8892 = ORIENTED_EDGE('',*,*,#8893,.T.);
#8893 = EDGE_CURVE('',#7855,#8303,#8894,.T.);
#8894 = LINE('',#8895,#8896);
#8895 = CARTESIAN_POINT('',(67.5,-104.9445,-4.6E-02));
#8896 = VECTOR('',#8897,1.);
#8897 = DIRECTION('',(0.,0.,1.));
#8898 = ORIENTED_EDGE('',*,*,#8302,.F.);
#8899 = ORIENTED_EDGE('',*,*,#8893,.F.);
#8900 = CYLINDRICAL_SURFACE('',#8901,0.4445);
#8901 = AXIS2_PLACEMENT_3D('',#8902,#8903,#8904);
#8902 = CARTESIAN_POINT('',(67.5,-104.5,-4.6E-02));
#8903 = DIRECTION('',(-0.,-0.,-1.));
#8904 = DIRECTION('',(-0.,-1.,0.));
#8905 = ADVANCED_FACE('',(#8906),#8917,.F.);
#8906 = FACE_BOUND('',#8907,.T.);
#8907 = EDGE_LOOP('',(#8908,#8909,#8915,#8916));
#8908 = ORIENTED_EDGE('',*,*,#7865,.T.);
#8909 = ORIENTED_EDGE('',*,*,#8910,.T.);
#8910 = EDGE_CURVE('',#7866,#8314,#8911,.T.);
#8911 = LINE('',#8912,#8913);
#8912 = CARTESIAN_POINT('',(78.,-117.3,-4.6E-02));
#8913 = VECTOR('',#8914,1.);
#8914 = DIRECTION('',(0.,0.,1.));
#8915 = ORIENTED_EDGE('',*,*,#8313,.F.);
#8916 = ORIENTED_EDGE('',*,*,#8910,.F.);
#8917 = CYLINDRICAL_SURFACE('',#8918,0.55);
#8918 = AXIS2_PLACEMENT_3D('',#8919,#8920,#8921);
#8919 = CARTESIAN_POINT('',(78.,-116.75,-4.6E-02));
#8920 = DIRECTION('',(-0.,-0.,-1.));
#8921 = DIRECTION('',(-0.,-1.,0.));
#8922 = ADVANCED_FACE('',(#8923),#8934,.F.);
#8923 = FACE_BOUND('',#8924,.T.);
#8924 = EDGE_LOOP('',(#8925,#8926,#8932,#8933));
#8925 = ORIENTED_EDGE('',*,*,#7876,.T.);
#8926 = ORIENTED_EDGE('',*,*,#8927,.T.);
#8927 = EDGE_CURVE('',#7877,#8325,#8928,.T.);
#8928 = LINE('',#8929,#8930);
#8929 = CARTESIAN_POINT('',(84.5,-117.3,-4.6E-02));
#8930 = VECTOR('',#8931,1.);
#8931 = DIRECTION('',(0.,0.,1.));
#8932 = ORIENTED_EDGE('',*,*,#8324,.F.);
#8933 = ORIENTED_EDGE('',*,*,#8927,.F.);
#8934 = CYLINDRICAL_SURFACE('',#8935,0.55);
#8935 = AXIS2_PLACEMENT_3D('',#8936,#8937,#8938);
#8936 = CARTESIAN_POINT('',(84.5,-116.75,-4.6E-02));
#8937 = DIRECTION('',(-0.,-0.,-1.));
#8938 = DIRECTION('',(-0.,-1.,0.));
#8939 = ADVANCED_FACE('',(#8940),#8951,.F.);
#8940 = FACE_BOUND('',#8941,.T.);
#8941 = EDGE_LOOP('',(#8942,#8943,#8949,#8950));
#8942 = ORIENTED_EDGE('',*,*,#7887,.T.);
#8943 = ORIENTED_EDGE('',*,*,#8944,.T.);
#8944 = EDGE_CURVE('',#7888,#8336,#8945,.T.);
#8945 = LINE('',#8946,#8947);
#8946 = CARTESIAN_POINT('',(78.,-110.55,-4.6E-02));
#8947 = VECTOR('',#8948,1.);
#8948 = DIRECTION('',(0.,0.,1.));
#8949 = ORIENTED_EDGE('',*,*,#8335,.F.);
#8950 = ORIENTED_EDGE('',*,*,#8944,.F.);
#8951 = CYLINDRICAL_SURFACE('',#8952,0.55);
#8952 = AXIS2_PLACEMENT_3D('',#8953,#8954,#8955);
#8953 = CARTESIAN_POINT('',(78.,-110.,-4.6E-02));
#8954 = DIRECTION('',(-0.,-0.,-1.));
#8955 = DIRECTION('',(-0.,-1.,0.));
#8956 = ADVANCED_FACE('',(#8957),#8968,.F.);
#8957 = FACE_BOUND('',#8958,.T.);
#8958 = EDGE_LOOP('',(#8959,#8960,#8966,#8967));
#8959 = ORIENTED_EDGE('',*,*,#7898,.T.);
#8960 = ORIENTED_EDGE('',*,*,#8961,.T.);
#8961 = EDGE_CURVE('',#7899,#8347,#8962,.T.);
#8962 = LINE('',#8963,#8964);
#8963 = CARTESIAN_POINT('',(78.,-106.05,-4.6E-02));
#8964 = VECTOR('',#8965,1.);
#8965 = DIRECTION('',(0.,0.,1.));
#8966 = ORIENTED_EDGE('',*,*,#8346,.F.);
#8967 = ORIENTED_EDGE('',*,*,#8961,.F.);
#8968 = CYLINDRICAL_SURFACE('',#8969,0.55);
#8969 = AXIS2_PLACEMENT_3D('',#8970,#8971,#8972);
#8970 = CARTESIAN_POINT('',(78.,-105.5,-4.6E-02));
#8971 = DIRECTION('',(-0.,-0.,-1.));
#8972 = DIRECTION('',(-0.,-1.,0.));
#8973 = ADVANCED_FACE('',(#8974),#8985,.F.);
#8974 = FACE_BOUND('',#8975,.T.);
#8975 = EDGE_LOOP('',(#8976,#8977,#8983,#8984));
#8976 = ORIENTED_EDGE('',*,*,#7909,.T.);
#8977 = ORIENTED_EDGE('',*,*,#8978,.T.);
#8978 = EDGE_CURVE('',#7910,#8358,#8979,.T.);
#8979 = LINE('',#8980,#8981);
#8980 = CARTESIAN_POINT('',(84.5,-110.55,-4.6E-02));
#8981 = VECTOR('',#8982,1.);
#8982 = DIRECTION('',(0.,0.,1.));
#8983 = ORIENTED_EDGE('',*,*,#8357,.F.);
#8984 = ORIENTED_EDGE('',*,*,#8978,.F.);
#8985 = CYLINDRICAL_SURFACE('',#8986,0.55);
#8986 = AXIS2_PLACEMENT_3D('',#8987,#8988,#8989);
#8987 = CARTESIAN_POINT('',(84.5,-110.,-4.6E-02));
#8988 = DIRECTION('',(-0.,-0.,-1.));
#8989 = DIRECTION('',(-0.,-1.,0.));
#8990 = ADVANCED_FACE('',(#8991),#9002,.F.);
#8991 = FACE_BOUND('',#8992,.T.);
#8992 = EDGE_LOOP('',(#8993,#8994,#9000,#9001));
#8993 = ORIENTED_EDGE('',*,*,#7920,.T.);
#8994 = ORIENTED_EDGE('',*,*,#8995,.T.);
#8995 = EDGE_CURVE('',#7921,#8369,#8996,.T.);
#8996 = LINE('',#8997,#8998);
#8997 = CARTESIAN_POINT('',(84.5,-106.05,-4.6E-02));
#8998 = VECTOR('',#8999,1.);
#8999 = DIRECTION('',(0.,0.,1.));
#9000 = ORIENTED_EDGE('',*,*,#8368,.F.);
#9001 = ORIENTED_EDGE('',*,*,#8995,.F.);
#9002 = CYLINDRICAL_SURFACE('',#9003,0.55);
#9003 = AXIS2_PLACEMENT_3D('',#9004,#9005,#9006);
#9004 = CARTESIAN_POINT('',(84.5,-105.5,-4.6E-02));
#9005 = DIRECTION('',(-0.,-0.,-1.));
#9006 = DIRECTION('',(-0.,-1.,0.));
#9007 = ADVANCED_FACE('',(#9008),#9019,.F.);
#9008 = FACE_BOUND('',#9009,.T.);
#9009 = EDGE_LOOP('',(#9010,#9011,#9017,#9018));
#9010 = ORIENTED_EDGE('',*,*,#7931,.T.);
#9011 = ORIENTED_EDGE('',*,*,#9012,.T.);
#9012 = EDGE_CURVE('',#7932,#8380,#9013,.T.);
#9013 = LINE('',#9014,#9015);
#9014 = CARTESIAN_POINT('',(67.5,-102.4045,-4.6E-02));
#9015 = VECTOR('',#9016,1.);
#9016 = DIRECTION('',(0.,0.,1.));
#9017 = ORIENTED_EDGE('',*,*,#8379,.F.);
#9018 = ORIENTED_EDGE('',*,*,#9012,.F.);
#9019 = CYLINDRICAL_SURFACE('',#9020,0.4445);
#9020 = AXIS2_PLACEMENT_3D('',#9021,#9022,#9023);
#9021 = CARTESIAN_POINT('',(67.5,-101.96,-4.6E-02));
#9022 = DIRECTION('',(-0.,-0.,-1.));
#9023 = DIRECTION('',(-0.,-1.,0.));
#9024 = ADVANCED_FACE('',(#9025),#9036,.F.);
#9025 = FACE_BOUND('',#9026,.T.);
#9026 = EDGE_LOOP('',(#9027,#9028,#9034,#9035));
#9027 = ORIENTED_EDGE('',*,*,#7942,.T.);
#9028 = ORIENTED_EDGE('',*,*,#9029,.T.);
#9029 = EDGE_CURVE('',#7943,#8391,#9030,.T.);
#9030 = LINE('',#9031,#9032);
#9031 = CARTESIAN_POINT('',(67.5,-99.8645,-4.6E-02));
#9032 = VECTOR('',#9033,1.);
#9033 = DIRECTION('',(0.,0.,1.));
#9034 = ORIENTED_EDGE('',*,*,#8390,.F.);
#9035 = ORIENTED_EDGE('',*,*,#9029,.F.);
#9036 = CYLINDRICAL_SURFACE('',#9037,0.4445);
#9037 = AXIS2_PLACEMENT_3D('',#9038,#9039,#9040);
#9038 = CARTESIAN_POINT('',(67.5,-99.42,-4.6E-02));
#9039 = DIRECTION('',(-0.,-0.,-1.));
#9040 = DIRECTION('',(-0.,-1.,0.));
#9041 = ADVANCED_FACE('',(#9042),#9053,.F.);
#9042 = FACE_BOUND('',#9043,.T.);
#9043 = EDGE_LOOP('',(#9044,#9045,#9051,#9052));
#9044 = ORIENTED_EDGE('',*,*,#7953,.T.);
#9045 = ORIENTED_EDGE('',*,*,#9046,.T.);
#9046 = EDGE_CURVE('',#7954,#8402,#9047,.T.);
#9047 = LINE('',#9048,#9049);
#9048 = CARTESIAN_POINT('',(67.5,-97.3245,-4.6E-02));
#9049 = VECTOR('',#9050,1.);
#9050 = DIRECTION('',(0.,0.,1.));
#9051 = ORIENTED_EDGE('',*,*,#8401,.F.);
#9052 = ORIENTED_EDGE('',*,*,#9046,.F.);
#9053 = CYLINDRICAL_SURFACE('',#9054,0.4445);
#9054 = AXIS2_PLACEMENT_3D('',#9055,#9056,#9057);
#9055 = CARTESIAN_POINT('',(67.5,-96.88,-4.6E-02));
#9056 = DIRECTION('',(-0.,-0.,-1.));
#9057 = DIRECTION('',(-0.,-1.,0.));
#9058 = ADVANCED_FACE('',(#9059),#9070,.F.);
#9059 = FACE_BOUND('',#9060,.T.);
#9060 = EDGE_LOOP('',(#9061,#9062,#9068,#9069));
#9061 = ORIENTED_EDGE('',*,*,#7964,.T.);
#9062 = ORIENTED_EDGE('',*,*,#9063,.T.);
#9063 = EDGE_CURVE('',#7965,#8413,#9064,.T.);
#9064 = LINE('',#9065,#9066);
#9065 = CARTESIAN_POINT('',(67.5,-94.7845,-4.6E-02));
#9066 = VECTOR('',#9067,1.);
#9067 = DIRECTION('',(0.,0.,1.));
#9068 = ORIENTED_EDGE('',*,*,#8412,.F.);
#9069 = ORIENTED_EDGE('',*,*,#9063,.F.);
#9070 = CYLINDRICAL_SURFACE('',#9071,0.4445);
#9071 = AXIS2_PLACEMENT_3D('',#9072,#9073,#9074);
#9072 = CARTESIAN_POINT('',(67.5,-94.34,-4.6E-02));
#9073 = DIRECTION('',(-0.,-0.,-1.));
#9074 = DIRECTION('',(-0.,-1.,0.));
#9075 = ADVANCED_FACE('',(#9076),#9087,.F.);
#9076 = FACE_BOUND('',#9077,.T.);
#9077 = EDGE_LOOP('',(#9078,#9079,#9085,#9086));
#9078 = ORIENTED_EDGE('',*,*,#7975,.T.);
#9079 = ORIENTED_EDGE('',*,*,#9080,.T.);
#9080 = EDGE_CURVE('',#7976,#8424,#9081,.T.);
#9081 = LINE('',#9082,#9083);
#9082 = CARTESIAN_POINT('',(67.5,-92.2445,-4.6E-02));
#9083 = VECTOR('',#9084,1.);
#9084 = DIRECTION('',(0.,0.,1.));
#9085 = ORIENTED_EDGE('',*,*,#8423,.F.);
#9086 = ORIENTED_EDGE('',*,*,#9080,.F.);
#9087 = CYLINDRICAL_SURFACE('',#9088,0.4445);
#9088 = AXIS2_PLACEMENT_3D('',#9089,#9090,#9091);
#9089 = CARTESIAN_POINT('',(67.5,-91.8,-4.6E-02));
#9090 = DIRECTION('',(-0.,-0.,-1.));
#9091 = DIRECTION('',(-0.,-1.,0.));
#9092 = ADVANCED_FACE('',(#9093),#9104,.F.);
#9093 = FACE_BOUND('',#9094,.T.);
#9094 = EDGE_LOOP('',(#9095,#9096,#9102,#9103));
#9095 = ORIENTED_EDGE('',*,*,#7986,.T.);
#9096 = ORIENTED_EDGE('',*,*,#9097,.T.);
#9097 = EDGE_CURVE('',#7987,#8435,#9098,.T.);
#9098 = LINE('',#9099,#9100);
#9099 = CARTESIAN_POINT('',(67.5,-89.7045,-4.6E-02));
#9100 = VECTOR('',#9101,1.);
#9101 = DIRECTION('',(0.,0.,1.));
#9102 = ORIENTED_EDGE('',*,*,#8434,.F.);
#9103 = ORIENTED_EDGE('',*,*,#9097,.F.);
#9104 = CYLINDRICAL_SURFACE('',#9105,0.4445);
#9105 = AXIS2_PLACEMENT_3D('',#9106,#9107,#9108);
#9106 = CARTESIAN_POINT('',(67.5,-89.26,-4.6E-02));
#9107 = DIRECTION('',(-0.,-0.,-1.));
#9108 = DIRECTION('',(-0.,-1.,0.));
#9109 = ADVANCED_FACE('',(#9110),#9121,.F.);
#9110 = FACE_BOUND('',#9111,.T.);
#9111 = EDGE_LOOP('',(#9112,#9113,#9119,#9120));
#9112 = ORIENTED_EDGE('',*,*,#7997,.T.);
#9113 = ORIENTED_EDGE('',*,*,#9114,.T.);
#9114 = EDGE_CURVE('',#7998,#8446,#9115,.T.);
#9115 = LINE('',#9116,#9117);
#9116 = CARTESIAN_POINT('',(78.,-100.05,-4.6E-02));
#9117 = VECTOR('',#9118,1.);
#9118 = DIRECTION('',(0.,0.,1.));
#9119 = ORIENTED_EDGE('',*,*,#8445,.F.);
#9120 = ORIENTED_EDGE('',*,*,#9114,.F.);
#9121 = CYLINDRICAL_SURFACE('',#9122,0.55);
#9122 = AXIS2_PLACEMENT_3D('',#9123,#9124,#9125);
#9123 = CARTESIAN_POINT('',(78.,-99.5,-4.6E-02));
#9124 = DIRECTION('',(-0.,-0.,-1.));
#9125 = DIRECTION('',(-0.,-1.,0.));
#9126 = ADVANCED_FACE('',(#9127),#9138,.F.);
#9127 = FACE_BOUND('',#9128,.T.);
#9128 = EDGE_LOOP('',(#9129,#9130,#9136,#9137));
#9129 = ORIENTED_EDGE('',*,*,#8008,.T.);
#9130 = ORIENTED_EDGE('',*,*,#9131,.T.);
#9131 = EDGE_CURVE('',#8009,#8457,#9132,.T.);
#9132 = LINE('',#9133,#9134);
#9133 = CARTESIAN_POINT('',(84.5,-100.05,-4.6E-02));
#9134 = VECTOR('',#9135,1.);
#9135 = DIRECTION('',(0.,0.,1.));
#9136 = ORIENTED_EDGE('',*,*,#8456,.F.);
#9137 = ORIENTED_EDGE('',*,*,#9131,.F.);
#9138 = CYLINDRICAL_SURFACE('',#9139,0.55);
#9139 = AXIS2_PLACEMENT_3D('',#9140,#9141,#9142);
#9140 = CARTESIAN_POINT('',(84.5,-99.5,-4.6E-02));
#9141 = DIRECTION('',(-0.,-0.,-1.));
#9142 = DIRECTION('',(-0.,-1.,0.));
#9143 = ADVANCED_FACE('',(#9144),#9155,.F.);
#9144 = FACE_BOUND('',#9145,.T.);
#9145 = EDGE_LOOP('',(#9146,#9147,#9153,#9154));
#9146 = ORIENTED_EDGE('',*,*,#8019,.T.);
#9147 = ORIENTED_EDGE('',*,*,#9148,.T.);
#9148 = EDGE_CURVE('',#8020,#8468,#9149,.T.);
#9149 = LINE('',#9150,#9151);
#9150 = CARTESIAN_POINT('',(78.,-95.55,-4.6E-02));
#9151 = VECTOR('',#9152,1.);
#9152 = DIRECTION('',(0.,0.,1.));
#9153 = ORIENTED_EDGE('',*,*,#8467,.F.);
#9154 = ORIENTED_EDGE('',*,*,#9148,.F.);
#9155 = CYLINDRICAL_SURFACE('',#9156,0.55);
#9156 = AXIS2_PLACEMENT_3D('',#9157,#9158,#9159);
#9157 = CARTESIAN_POINT('',(78.,-95.,-4.6E-02));
#9158 = DIRECTION('',(-0.,-0.,-1.));
#9159 = DIRECTION('',(-0.,-1.,0.));
#9160 = ADVANCED_FACE('',(#9161),#9172,.F.);
#9161 = FACE_BOUND('',#9162,.T.);
#9162 = EDGE_LOOP('',(#9163,#9164,#9170,#9171));
#9163 = ORIENTED_EDGE('',*,*,#8030,.T.);
#9164 = ORIENTED_EDGE('',*,*,#9165,.T.);
#9165 = EDGE_CURVE('',#8031,#8479,#9166,.T.);
#9166 = LINE('',#9167,#9168);
#9167 = CARTESIAN_POINT('',(84.5,-95.55,-4.6E-02));
#9168 = VECTOR('',#9169,1.);
#9169 = DIRECTION('',(0.,0.,1.));
#9170 = ORIENTED_EDGE('',*,*,#8478,.F.);
#9171 = ORIENTED_EDGE('',*,*,#9165,.F.);
#9172 = CYLINDRICAL_SURFACE('',#9173,0.55);
#9173 = AXIS2_PLACEMENT_3D('',#9174,#9175,#9176);
#9174 = CARTESIAN_POINT('',(84.5,-95.,-4.6E-02));
#9175 = DIRECTION('',(-0.,-0.,-1.));
#9176 = DIRECTION('',(-0.,-1.,0.));
#9177 = ADVANCED_FACE('',(#9178),#9189,.F.);
#9178 = FACE_BOUND('',#9179,.T.);
#9179 = EDGE_LOOP('',(#9180,#9181,#9187,#9188));
#9180 = ORIENTED_EDGE('',*,*,#8041,.T.);
#9181 = ORIENTED_EDGE('',*,*,#9182,.T.);
#9182 = EDGE_CURVE('',#8042,#8490,#9183,.T.);
#9183 = LINE('',#9184,#9185);
#9184 = CARTESIAN_POINT('',(85.,-91.1,-4.6E-02));
#9185 = VECTOR('',#9186,1.);
#9186 = DIRECTION('',(0.,0.,1.));
#9187 = ORIENTED_EDGE('',*,*,#8489,.F.);
#9188 = ORIENTED_EDGE('',*,*,#9182,.F.);
#9189 = CYLINDRICAL_SURFACE('',#9190,1.1);
#9190 = AXIS2_PLACEMENT_3D('',#9191,#9192,#9193);
#9191 = CARTESIAN_POINT('',(85.,-90.,-4.6E-02));
#9192 = DIRECTION('',(-0.,-0.,-1.));
#9193 = DIRECTION('',(-0.,-1.,0.));
#9194 = ( GEOMETRIC_REPRESENTATION_CONTEXT(3) 
GLOBAL_UNCERTAINTY_ASSIGNED_CONTEXT((#9198)) 
GLOBAL_UNIT_ASSIGNED_CONTEXT((#9195,#9196,#9197)) REPRESENTATION_CONTEXT
('Context #1','3D Context with UNIT and UNCERTAINTY') );
#9195 = ( LENGTH_UNIT() NAMED_UNIT(*) SI_UNIT(.MILLI.,.METRE.) );
#9196 = ( NAMED_UNIT(*) PLANE_ANGLE_UNIT() SI_UNIT($,.RADIAN.) );
#9197 = ( NAMED_UNIT(*) SI_UNIT($,.STERADIAN.) SOLID_ANGLE_UNIT() );
#9198 = UNCERTAINTY_MEASURE_WITH_UNIT(LENGTH_MEASURE(1.E-07),#9195,
  'distance_accuracy_value','confusion accuracy');
#9199 = CONTEXT_DEPENDENT_SHAPE_REPRESENTATION(#9200,#9202);
#9200 = ( REPRESENTATION_RELATIONSHIP('','',#7499,#10) 
REPRESENTATION_RELATIONSHIP_WITH_TRANSFORMATION(#9201) 
SHAPE_REPRESENTATION_RELATIONSHIP() );
#9201 = ITEM_DEFINED_TRANSFORMATION('','',#11,#31);
#9202 = PRODUCT_DEFINITION_SHAPE('Placement','Placement of an item',
  #9203);
#9203 = NEXT_ASSEMBLY_USAGE_OCCURRENCE('7','=>[0:1:1:6]','',#5,#7494,$);
#9204 = PRODUCT_RELATED_PRODUCT_CATEGORY('part',$,(#7496));
#9205 = MECHANICAL_DESIGN_GEOMETRIC_PRESENTATION_REPRESENTATION('',(
    #9206,#9214,#9221,#9229,#9236,#9243,#9250,#9257,#9264,#9271,#9278,
    #9285,#9292,#9299,#9306,#9313,#9320,#9327,#9334,#9341,#9348,#9355,
    #9362,#9369,#9376,#9383,#9390,#9397,#9404,#9411,#9418,#9425,#9432,
    #9439,#9446,#9453,#9460,#9467,#9474,#9481,#9488,#9495,#9502,#9509,
    #9516,#9523,#9530,#9537,#9544,#9551,#9558,#9565,#9572,#9579,#9586,
    #9593,#9600,#9607,#9614,#9621,#9628,#9635,#9642,#9649,#9656,#9663,
    #9670,#9677,#9684,#9691,#9698,#9705,#9712,#9719,#9726,#9733,#9740,
    #9747,#9754,#9761,#9768,#9775,#9782,#9789,#9796,#9803,#9810,#9817,
    #9824,#9831,#9838,#9845,#9852,#9859,#9866,#9873,#9880,#9887,#9894,
    #9901,#9908,#9915,#9922,#9929,#9936),#3301);
#9206 = STYLED_ITEM('color',(#9207),#74);
#9207 = PRESENTATION_STYLE_ASSIGNMENT((#9208));
#9208 = SURFACE_STYLE_USAGE(.BOTH.,#9209);
#9209 = SURFACE_SIDE_STYLE('',(#9210));
#9210 = SURFACE_STYLE_FILL_AREA(#9211);
#9211 = FILL_AREA_STYLE('',(#9212));
#9212 = FILL_AREA_STYLE_COLOUR('',#9213);
#9213 = COLOUR_RGB('',0.147999998088,0.144999993226,0.144999993226);
#9214 = STYLED_ITEM('color',(#9215),#91);
#9215 = PRESENTATION_STYLE_ASSIGNMENT((#9216));
#9216 = SURFACE_STYLE_USAGE(.BOTH.,#9217);
#9217 = SURFACE_SIDE_STYLE('',(#9218));
#9218 = SURFACE_STYLE_FILL_AREA(#9219);
#9219 = FILL_AREA_STYLE('',(#9220));
#9220 = FILL_AREA_STYLE_COLOUR('',#9213);
#9221 = STYLED_ITEM('color',(#9222),#116);
#9222 = PRESENTATION_STYLE_ASSIGNMENT((#9223));
#9223 = SURFACE_STYLE_USAGE(.BOTH.,#9224);
#9224 = SURFACE_SIDE_STYLE('',(#9225));
#9225 = SURFACE_STYLE_FILL_AREA(#9226);
#9226 = FILL_AREA_STYLE('',(#9227));
#9227 = FILL_AREA_STYLE_COLOUR('',#9228);
#9228 = COLOUR_RGB('',0.823999987314,0.819999987296,0.781000009244);
#9229 = STYLED_ITEM('color',(#9230),#239);
#9230 = PRESENTATION_STYLE_ASSIGNMENT((#9231));
#9231 = SURFACE_STYLE_USAGE(.BOTH.,#9232);
#9232 = SURFACE_SIDE_STYLE('',(#9233));
#9233 = SURFACE_STYLE_FILL_AREA(#9234);
#9234 = FILL_AREA_STYLE('',(#9235));
#9235 = FILL_AREA_STYLE_COLOUR('',#9228);
#9236 = STYLED_ITEM('color',(#9237),#270);
#9237 = PRESENTATION_STYLE_ASSIGNMENT((#9238));
#9238 = SURFACE_STYLE_USAGE(.BOTH.,#9239);
#9239 = SURFACE_SIDE_STYLE('',(#9240));
#9240 = SURFACE_STYLE_FILL_AREA(#9241);
#9241 = FILL_AREA_STYLE('',(#9242));
#9242 = FILL_AREA_STYLE_COLOUR('',#9228);
#9243 = STYLED_ITEM('color',(#9244),#295);
#9244 = PRESENTATION_STYLE_ASSIGNMENT((#9245));
#9245 = SURFACE_STYLE_USAGE(.BOTH.,#9246);
#9246 = SURFACE_SIDE_STYLE('',(#9247));
#9247 = SURFACE_STYLE_FILL_AREA(#9248);
#9248 = FILL_AREA_STYLE('',(#9249));
#9249 = FILL_AREA_STYLE_COLOUR('',#9228);
#9250 = STYLED_ITEM('color',(#9251),#320);
#9251 = PRESENTATION_STYLE_ASSIGNMENT((#9252));
#9252 = SURFACE_STYLE_USAGE(.BOTH.,#9253);
#9253 = SURFACE_SIDE_STYLE('',(#9254));
#9254 = SURFACE_STYLE_FILL_AREA(#9255);
#9255 = FILL_AREA_STYLE('',(#9256));
#9256 = FILL_AREA_STYLE_COLOUR('',#9228);
#9257 = STYLED_ITEM('color',(#9258),#344);
#9258 = PRESENTATION_STYLE_ASSIGNMENT((#9259));
#9259 = SURFACE_STYLE_USAGE(.BOTH.,#9260);
#9260 = SURFACE_SIDE_STYLE('',(#9261));
#9261 = SURFACE_STYLE_FILL_AREA(#9262);
#9262 = FILL_AREA_STYLE('',(#9263));
#9263 = FILL_AREA_STYLE_COLOUR('',#9228);
#9264 = STYLED_ITEM('color',(#9265),#368);
#9265 = PRESENTATION_STYLE_ASSIGNMENT((#9266));
#9266 = SURFACE_STYLE_USAGE(.BOTH.,#9267);
#9267 = SURFACE_SIDE_STYLE('',(#9268));
#9268 = SURFACE_STYLE_FILL_AREA(#9269);
#9269 = FILL_AREA_STYLE('',(#9270));
#9270 = FILL_AREA_STYLE_COLOUR('',#9228);
#9271 = STYLED_ITEM('color',(#9272),#393);
#9272 = PRESENTATION_STYLE_ASSIGNMENT((#9273));
#9273 = SURFACE_STYLE_USAGE(.BOTH.,#9274);
#9274 = SURFACE_SIDE_STYLE('',(#9275));
#9275 = SURFACE_STYLE_FILL_AREA(#9276);
#9276 = FILL_AREA_STYLE('',(#9277));
#9277 = FILL_AREA_STYLE_COLOUR('',#9228);
#9278 = STYLED_ITEM('color',(#9279),#418);
#9279 = PRESENTATION_STYLE_ASSIGNMENT((#9280));
#9280 = SURFACE_STYLE_USAGE(.BOTH.,#9281);
#9281 = SURFACE_SIDE_STYLE('',(#9282));
#9282 = SURFACE_STYLE_FILL_AREA(#9283);
#9283 = FILL_AREA_STYLE('',(#9284));
#9284 = FILL_AREA_STYLE_COLOUR('',#9228);
#9285 = STYLED_ITEM('color',(#9286),#435);
#9286 = PRESENTATION_STYLE_ASSIGNMENT((#9287));
#9287 = SURFACE_STYLE_USAGE(.BOTH.,#9288);
#9288 = SURFACE_SIDE_STYLE('',(#9289));
#9289 = SURFACE_STYLE_FILL_AREA(#9290);
#9290 = FILL_AREA_STYLE('',(#9291));
#9291 = FILL_AREA_STYLE_COLOUR('',#9213);
#9292 = STYLED_ITEM('color',(#9293),#460);
#9293 = PRESENTATION_STYLE_ASSIGNMENT((#9294));
#9294 = SURFACE_STYLE_USAGE(.BOTH.,#9295);
#9295 = SURFACE_SIDE_STYLE('',(#9296));
#9296 = SURFACE_STYLE_FILL_AREA(#9297);
#9297 = FILL_AREA_STYLE('',(#9298));
#9298 = FILL_AREA_STYLE_COLOUR('',#9213);
#9299 = STYLED_ITEM('color',(#9300),#485);
#9300 = PRESENTATION_STYLE_ASSIGNMENT((#9301));
#9301 = SURFACE_STYLE_USAGE(.BOTH.,#9302);
#9302 = SURFACE_SIDE_STYLE('',(#9303));
#9303 = SURFACE_STYLE_FILL_AREA(#9304);
#9304 = FILL_AREA_STYLE('',(#9305));
#9305 = FILL_AREA_STYLE_COLOUR('',#9213);
#9306 = STYLED_ITEM('color',(#9307),#510);
#9307 = PRESENTATION_STYLE_ASSIGNMENT((#9308));
#9308 = SURFACE_STYLE_USAGE(.BOTH.,#9309);
#9309 = SURFACE_SIDE_STYLE('',(#9310));
#9310 = SURFACE_STYLE_FILL_AREA(#9311);
#9311 = FILL_AREA_STYLE('',(#9312));
#9312 = FILL_AREA_STYLE_COLOUR('',#9213);
#9313 = STYLED_ITEM('color',(#9314),#535);
#9314 = PRESENTATION_STYLE_ASSIGNMENT((#9315));
#9315 = SURFACE_STYLE_USAGE(.BOTH.,#9316);
#9316 = SURFACE_SIDE_STYLE('',(#9317));
#9317 = SURFACE_STYLE_FILL_AREA(#9318);
#9318 = FILL_AREA_STYLE('',(#9319));
#9319 = FILL_AREA_STYLE_COLOUR('',#9213);
#9320 = STYLED_ITEM('color',(#9321),#566);
#9321 = PRESENTATION_STYLE_ASSIGNMENT((#9322));
#9322 = SURFACE_STYLE_USAGE(.BOTH.,#9323);
#9323 = SURFACE_SIDE_STYLE('',(#9324));
#9324 = SURFACE_STYLE_FILL_AREA(#9325);
#9325 = FILL_AREA_STYLE('',(#9326));
#9326 = FILL_AREA_STYLE_COLOUR('',#9213);
#9327 = STYLED_ITEM('color',(#9328),#591);
#9328 = PRESENTATION_STYLE_ASSIGNMENT((#9329));
#9329 = SURFACE_STYLE_USAGE(.BOTH.,#9330);
#9330 = SURFACE_SIDE_STYLE('',(#9331));
#9331 = SURFACE_STYLE_FILL_AREA(#9332);
#9332 = FILL_AREA_STYLE('',(#9333));
#9333 = FILL_AREA_STYLE_COLOUR('',#9213);
#9334 = STYLED_ITEM('color',(#9335),#616);
#9335 = PRESENTATION_STYLE_ASSIGNMENT((#9336));
#9336 = SURFACE_STYLE_USAGE(.BOTH.,#9337);
#9337 = SURFACE_SIDE_STYLE('',(#9338));
#9338 = SURFACE_STYLE_FILL_AREA(#9339);
#9339 = FILL_AREA_STYLE('',(#9340));
#9340 = FILL_AREA_STYLE_COLOUR('',#9213);
#9341 = STYLED_ITEM('color',(#9342),#704);
#9342 = PRESENTATION_STYLE_ASSIGNMENT((#9343));
#9343 = SURFACE_STYLE_USAGE(.BOTH.,#9344);
#9344 = SURFACE_SIDE_STYLE('',(#9345));
#9345 = SURFACE_STYLE_FILL_AREA(#9346);
#9346 = FILL_AREA_STYLE('',(#9347));
#9347 = FILL_AREA_STYLE_COLOUR('',#9213);
#9348 = STYLED_ITEM('color',(#9349),#792);
#9349 = PRESENTATION_STYLE_ASSIGNMENT((#9350));
#9350 = SURFACE_STYLE_USAGE(.BOTH.,#9351);
#9351 = SURFACE_SIDE_STYLE('',(#9352));
#9352 = SURFACE_STYLE_FILL_AREA(#9353);
#9353 = FILL_AREA_STYLE('',(#9354));
#9354 = FILL_AREA_STYLE_COLOUR('',#9213);
#9355 = STYLED_ITEM('color',(#9356),#817);
#9356 = PRESENTATION_STYLE_ASSIGNMENT((#9357));
#9357 = SURFACE_STYLE_USAGE(.BOTH.,#9358);
#9358 = SURFACE_SIDE_STYLE('',(#9359));
#9359 = SURFACE_STYLE_FILL_AREA(#9360);
#9360 = FILL_AREA_STYLE('',(#9361));
#9361 = FILL_AREA_STYLE_COLOUR('',#9213);
#9362 = STYLED_ITEM('color',(#9363),#842);
#9363 = PRESENTATION_STYLE_ASSIGNMENT((#9364));
#9364 = SURFACE_STYLE_USAGE(.BOTH.,#9365);
#9365 = SURFACE_SIDE_STYLE('',(#9366));
#9366 = SURFACE_STYLE_FILL_AREA(#9367);
#9367 = FILL_AREA_STYLE('',(#9368));
#9368 = FILL_AREA_STYLE_COLOUR('',#9213);
#9369 = STYLED_ITEM('color',(#9370),#859);
#9370 = PRESENTATION_STYLE_ASSIGNMENT((#9371));
#9371 = SURFACE_STYLE_USAGE(.BOTH.,#9372);
#9372 = SURFACE_SIDE_STYLE('',(#9373));
#9373 = SURFACE_STYLE_FILL_AREA(#9374);
#9374 = FILL_AREA_STYLE('',(#9375));
#9375 = FILL_AREA_STYLE_COLOUR('',#9213);
#9376 = STYLED_ITEM('color',(#9377),#868);
#9377 = PRESENTATION_STYLE_ASSIGNMENT((#9378));
#9378 = SURFACE_STYLE_USAGE(.BOTH.,#9379);
#9379 = SURFACE_SIDE_STYLE('',(#9380));
#9380 = SURFACE_STYLE_FILL_AREA(#9381);
#9381 = FILL_AREA_STYLE('',(#9382));
#9382 = FILL_AREA_STYLE_COLOUR('',#9213);
#9383 = STYLED_ITEM('color',(#9384),#894);
#9384 = PRESENTATION_STYLE_ASSIGNMENT((#9385));
#9385 = SURFACE_STYLE_USAGE(.BOTH.,#9386);
#9386 = SURFACE_SIDE_STYLE('',(#9387));
#9387 = SURFACE_STYLE_FILL_AREA(#9388);
#9388 = FILL_AREA_STYLE('',(#9389));
#9389 = FILL_AREA_STYLE_COLOUR('',#9213);
#9390 = STYLED_ITEM('color',(#9391),#903);
#9391 = PRESENTATION_STYLE_ASSIGNMENT((#9392));
#9392 = SURFACE_STYLE_USAGE(.BOTH.,#9393);
#9393 = SURFACE_SIDE_STYLE('',(#9394));
#9394 = SURFACE_STYLE_FILL_AREA(#9395);
#9395 = FILL_AREA_STYLE('',(#9396));
#9396 = FILL_AREA_STYLE_COLOUR('',#9213);
#9397 = STYLED_ITEM('color',(#9398),#912);
#9398 = PRESENTATION_STYLE_ASSIGNMENT((#9399));
#9399 = SURFACE_STYLE_USAGE(.BOTH.,#9400);
#9400 = SURFACE_SIDE_STYLE('',(#9401));
#9401 = SURFACE_STYLE_FILL_AREA(#9402);
#9402 = FILL_AREA_STYLE('',(#9403));
#9403 = FILL_AREA_STYLE_COLOUR('',#9213);
#9404 = STYLED_ITEM('color',(#9405),#956);
#9405 = PRESENTATION_STYLE_ASSIGNMENT((#9406));
#9406 = SURFACE_STYLE_USAGE(.BOTH.,#9407);
#9407 = SURFACE_SIDE_STYLE('',(#9408));
#9408 = SURFACE_STYLE_FILL_AREA(#9409);
#9409 = FILL_AREA_STYLE('',(#9410));
#9410 = FILL_AREA_STYLE_COLOUR('',#9228);
#9411 = STYLED_ITEM('color',(#9412),#1106);
#9412 = PRESENTATION_STYLE_ASSIGNMENT((#9413));
#9413 = SURFACE_STYLE_USAGE(.BOTH.,#9414);
#9414 = SURFACE_SIDE_STYLE('',(#9415));
#9415 = SURFACE_STYLE_FILL_AREA(#9416);
#9416 = FILL_AREA_STYLE('',(#9417));
#9417 = FILL_AREA_STYLE_COLOUR('',#9228);
#9418 = STYLED_ITEM('color',(#9419),#1130);
#9419 = PRESENTATION_STYLE_ASSIGNMENT((#9420));
#9420 = SURFACE_STYLE_USAGE(.BOTH.,#9421);
#9421 = SURFACE_SIDE_STYLE('',(#9422));
#9422 = SURFACE_STYLE_FILL_AREA(#9423);
#9423 = FILL_AREA_STYLE('',(#9424));
#9424 = FILL_AREA_STYLE_COLOUR('',#9228);
#9425 = STYLED_ITEM('color',(#9426),#1273);
#9426 = PRESENTATION_STYLE_ASSIGNMENT((#9427));
#9427 = SURFACE_STYLE_USAGE(.BOTH.,#9428);
#9428 = SURFACE_SIDE_STYLE('',(#9429));
#9429 = SURFACE_STYLE_FILL_AREA(#9430);
#9430 = FILL_AREA_STYLE('',(#9431));
#9431 = FILL_AREA_STYLE_COLOUR('',#9228);
#9432 = STYLED_ITEM('color',(#9433),#1423);
#9433 = PRESENTATION_STYLE_ASSIGNMENT((#9434));
#9434 = SURFACE_STYLE_USAGE(.BOTH.,#9435);
#9435 = SURFACE_SIDE_STYLE('',(#9436));
#9436 = SURFACE_STYLE_FILL_AREA(#9437);
#9437 = FILL_AREA_STYLE('',(#9438));
#9438 = FILL_AREA_STYLE_COLOUR('',#9228);
#9439 = STYLED_ITEM('color',(#9440),#1573);
#9440 = PRESENTATION_STYLE_ASSIGNMENT((#9441));
#9441 = SURFACE_STYLE_USAGE(.BOTH.,#9442);
#9442 = SURFACE_SIDE_STYLE('',(#9443));
#9443 = SURFACE_STYLE_FILL_AREA(#9444);
#9444 = FILL_AREA_STYLE('',(#9445));
#9445 = FILL_AREA_STYLE_COLOUR('',#9228);
#9446 = STYLED_ITEM('color',(#9447),#1590);
#9447 = PRESENTATION_STYLE_ASSIGNMENT((#9448));
#9448 = SURFACE_STYLE_USAGE(.BOTH.,#9449);
#9449 = SURFACE_SIDE_STYLE('',(#9450));
#9450 = SURFACE_STYLE_FILL_AREA(#9451);
#9451 = FILL_AREA_STYLE('',(#9452));
#9452 = FILL_AREA_STYLE_COLOUR('',#9228);
#9453 = STYLED_ITEM('color',(#9454),#1740);
#9454 = PRESENTATION_STYLE_ASSIGNMENT((#9455));
#9455 = SURFACE_STYLE_USAGE(.BOTH.,#9456);
#9456 = SURFACE_SIDE_STYLE('',(#9457));
#9457 = SURFACE_STYLE_FILL_AREA(#9458);
#9458 = FILL_AREA_STYLE('',(#9459));
#9459 = FILL_AREA_STYLE_COLOUR('',#9228);
#9460 = STYLED_ITEM('color',(#9461),#1764);
#9461 = PRESENTATION_STYLE_ASSIGNMENT((#9462));
#9462 = SURFACE_STYLE_USAGE(.BOTH.,#9463);
#9463 = SURFACE_SIDE_STYLE('',(#9464));
#9464 = SURFACE_STYLE_FILL_AREA(#9465);
#9465 = FILL_AREA_STYLE('',(#9466));
#9466 = FILL_AREA_STYLE_COLOUR('',#9228);
#9467 = STYLED_ITEM('color',(#9468),#1907);
#9468 = PRESENTATION_STYLE_ASSIGNMENT((#9469));
#9469 = SURFACE_STYLE_USAGE(.BOTH.,#9470);
#9470 = SURFACE_SIDE_STYLE('',(#9471));
#9471 = SURFACE_STYLE_FILL_AREA(#9472);
#9472 = FILL_AREA_STYLE('',(#9473));
#9473 = FILL_AREA_STYLE_COLOUR('',#9228);
#9474 = STYLED_ITEM('color',(#9475),#2057);
#9475 = PRESENTATION_STYLE_ASSIGNMENT((#9476));
#9476 = SURFACE_STYLE_USAGE(.BOTH.,#9477);
#9477 = SURFACE_SIDE_STYLE('',(#9478));
#9478 = SURFACE_STYLE_FILL_AREA(#9479);
#9479 = FILL_AREA_STYLE('',(#9480));
#9480 = FILL_AREA_STYLE_COLOUR('',#9228);
#9481 = STYLED_ITEM('color',(#9482),#2207);
#9482 = PRESENTATION_STYLE_ASSIGNMENT((#9483));
#9483 = SURFACE_STYLE_USAGE(.BOTH.,#9484);
#9484 = SURFACE_SIDE_STYLE('',(#9485));
#9485 = SURFACE_STYLE_FILL_AREA(#9486);
#9486 = FILL_AREA_STYLE('',(#9487));
#9487 = FILL_AREA_STYLE_COLOUR('',#9228);
#9488 = STYLED_ITEM('color',(#9489),#2224);
#9489 = PRESENTATION_STYLE_ASSIGNMENT((#9490));
#9490 = SURFACE_STYLE_USAGE(.BOTH.,#9491);
#9491 = SURFACE_SIDE_STYLE('',(#9492));
#9492 = SURFACE_STYLE_FILL_AREA(#9493);
#9493 = FILL_AREA_STYLE('',(#9494));
#9494 = FILL_AREA_STYLE_COLOUR('',#9213);
#9495 = STYLED_ITEM('color',(#9496),#2233);
#9496 = PRESENTATION_STYLE_ASSIGNMENT((#9497));
#9497 = SURFACE_STYLE_USAGE(.BOTH.,#9498);
#9498 = SURFACE_SIDE_STYLE('',(#9499));
#9499 = SURFACE_STYLE_FILL_AREA(#9500);
#9500 = FILL_AREA_STYLE('',(#9501));
#9501 = FILL_AREA_STYLE_COLOUR('',#9228);
#9502 = STYLED_ITEM('color',(#9503),#2250);
#9503 = PRESENTATION_STYLE_ASSIGNMENT((#9504));
#9504 = SURFACE_STYLE_USAGE(.BOTH.,#9505);
#9505 = SURFACE_SIDE_STYLE('',(#9506));
#9506 = SURFACE_STYLE_FILL_AREA(#9507);
#9507 = FILL_AREA_STYLE('',(#9508));
#9508 = FILL_AREA_STYLE_COLOUR('',#9228);
#9509 = STYLED_ITEM('color',(#9510),#2267);
#9510 = PRESENTATION_STYLE_ASSIGNMENT((#9511));
#9511 = SURFACE_STYLE_USAGE(.BOTH.,#9512);
#9512 = SURFACE_SIDE_STYLE('',(#9513));
#9513 = SURFACE_STYLE_FILL_AREA(#9514);
#9514 = FILL_AREA_STYLE('',(#9515));
#9515 = FILL_AREA_STYLE_COLOUR('',#9228);
#9516 = STYLED_ITEM('color',(#9517),#2284);
#9517 = PRESENTATION_STYLE_ASSIGNMENT((#9518));
#9518 = SURFACE_STYLE_USAGE(.BOTH.,#9519);
#9519 = SURFACE_SIDE_STYLE('',(#9520));
#9520 = SURFACE_STYLE_FILL_AREA(#9521);
#9521 = FILL_AREA_STYLE('',(#9522));
#9522 = FILL_AREA_STYLE_COLOUR('',#9228);
#9523 = STYLED_ITEM('color',(#9524),#2301);
#9524 = PRESENTATION_STYLE_ASSIGNMENT((#9525));
#9525 = SURFACE_STYLE_USAGE(.BOTH.,#9526);
#9526 = SURFACE_SIDE_STYLE('',(#9527));
#9527 = SURFACE_STYLE_FILL_AREA(#9528);
#9528 = FILL_AREA_STYLE('',(#9529));
#9529 = FILL_AREA_STYLE_COLOUR('',#9228);
#9530 = STYLED_ITEM('color',(#9531),#2323);
#9531 = PRESENTATION_STYLE_ASSIGNMENT((#9532));
#9532 = SURFACE_STYLE_USAGE(.BOTH.,#9533);
#9533 = SURFACE_SIDE_STYLE('',(#9534));
#9534 = SURFACE_STYLE_FILL_AREA(#9535);
#9535 = FILL_AREA_STYLE('',(#9536));
#9536 = FILL_AREA_STYLE_COLOUR('',#9228);
#9537 = STYLED_ITEM('color',(#9538),#2340);
#9538 = PRESENTATION_STYLE_ASSIGNMENT((#9539));
#9539 = SURFACE_STYLE_USAGE(.BOTH.,#9540);
#9540 = SURFACE_SIDE_STYLE('',(#9541));
#9541 = SURFACE_STYLE_FILL_AREA(#9542);
#9542 = FILL_AREA_STYLE('',(#9543));
#9543 = FILL_AREA_STYLE_COLOUR('',#9228);
#9544 = STYLED_ITEM('color',(#9545),#2357);
#9545 = PRESENTATION_STYLE_ASSIGNMENT((#9546));
#9546 = SURFACE_STYLE_USAGE(.BOTH.,#9547);
#9547 = SURFACE_SIDE_STYLE('',(#9548));
#9548 = SURFACE_STYLE_FILL_AREA(#9549);
#9549 = FILL_AREA_STYLE('',(#9550));
#9550 = FILL_AREA_STYLE_COLOUR('',#9228);
#9551 = STYLED_ITEM('color',(#9552),#2374);
#9552 = PRESENTATION_STYLE_ASSIGNMENT((#9553));
#9553 = SURFACE_STYLE_USAGE(.BOTH.,#9554);
#9554 = SURFACE_SIDE_STYLE('',(#9555));
#9555 = SURFACE_STYLE_FILL_AREA(#9556);
#9556 = FILL_AREA_STYLE('',(#9557));
#9557 = FILL_AREA_STYLE_COLOUR('',#9228);
#9558 = STYLED_ITEM('color',(#9559),#2391);
#9559 = PRESENTATION_STYLE_ASSIGNMENT((#9560));
#9560 = SURFACE_STYLE_USAGE(.BOTH.,#9561);
#9561 = SURFACE_SIDE_STYLE('',(#9562));
#9562 = SURFACE_STYLE_FILL_AREA(#9563);
#9563 = FILL_AREA_STYLE('',(#9564));
#9564 = FILL_AREA_STYLE_COLOUR('',#9228);
#9565 = STYLED_ITEM('color',(#9566),#2403);
#9566 = PRESENTATION_STYLE_ASSIGNMENT((#9567));
#9567 = SURFACE_STYLE_USAGE(.BOTH.,#9568);
#9568 = SURFACE_SIDE_STYLE('',(#9569));
#9569 = SURFACE_STYLE_FILL_AREA(#9570);
#9570 = FILL_AREA_STYLE('',(#9571));
#9571 = FILL_AREA_STYLE_COLOUR('',#9228);
#9572 = STYLED_ITEM('color',(#9573),#2420);
#9573 = PRESENTATION_STYLE_ASSIGNMENT((#9574));
#9574 = SURFACE_STYLE_USAGE(.BOTH.,#9575);
#9575 = SURFACE_SIDE_STYLE('',(#9576));
#9576 = SURFACE_STYLE_FILL_AREA(#9577);
#9577 = FILL_AREA_STYLE('',(#9578));
#9578 = FILL_AREA_STYLE_COLOUR('',#9228);
#9579 = STYLED_ITEM('color',(#9580),#2437);
#9580 = PRESENTATION_STYLE_ASSIGNMENT((#9581));
#9581 = SURFACE_STYLE_USAGE(.BOTH.,#9582);
#9582 = SURFACE_SIDE_STYLE('',(#9583));
#9583 = SURFACE_STYLE_FILL_AREA(#9584);
#9584 = FILL_AREA_STYLE('',(#9585));
#9585 = FILL_AREA_STYLE_COLOUR('',#9228);
#9586 = STYLED_ITEM('color',(#9587),#2454);
#9587 = PRESENTATION_STYLE_ASSIGNMENT((#9588));
#9588 = SURFACE_STYLE_USAGE(.BOTH.,#9589);
#9589 = SURFACE_SIDE_STYLE('',(#9590));
#9590 = SURFACE_STYLE_FILL_AREA(#9591);
#9591 = FILL_AREA_STYLE('',(#9592));
#9592 = FILL_AREA_STYLE_COLOUR('',#9228);
#9593 = STYLED_ITEM('color',(#9594),#2471);
#9594 = PRESENTATION_STYLE_ASSIGNMENT((#9595));
#9595 = SURFACE_STYLE_USAGE(.BOTH.,#9596);
#9596 = SURFACE_SIDE_STYLE('',(#9597));
#9597 = SURFACE_STYLE_FILL_AREA(#9598);
#9598 = FILL_AREA_STYLE('',(#9599));
#9599 = FILL_AREA_STYLE_COLOUR('',#9228);
#9600 = STYLED_ITEM('color',(#9601),#2488);
#9601 = PRESENTATION_STYLE_ASSIGNMENT((#9602));
#9602 = SURFACE_STYLE_USAGE(.BOTH.,#9603);
#9603 = SURFACE_SIDE_STYLE('',(#9604));
#9604 = SURFACE_STYLE_FILL_AREA(#9605);
#9605 = FILL_AREA_STYLE('',(#9606));
#9606 = FILL_AREA_STYLE_COLOUR('',#9228);
#9607 = STYLED_ITEM('color',(#9608),#2505);
#9608 = PRESENTATION_STYLE_ASSIGNMENT((#9609));
#9609 = SURFACE_STYLE_USAGE(.BOTH.,#9610);
#9610 = SURFACE_SIDE_STYLE('',(#9611));
#9611 = SURFACE_STYLE_FILL_AREA(#9612);
#9612 = FILL_AREA_STYLE('',(#9613));
#9613 = FILL_AREA_STYLE_COLOUR('',#9228);
#9614 = STYLED_ITEM('color',(#9615),#2522);
#9615 = PRESENTATION_STYLE_ASSIGNMENT((#9616));
#9616 = SURFACE_STYLE_USAGE(.BOTH.,#9617);
#9617 = SURFACE_SIDE_STYLE('',(#9618));
#9618 = SURFACE_STYLE_FILL_AREA(#9619);
#9619 = FILL_AREA_STYLE('',(#9620));
#9620 = FILL_AREA_STYLE_COLOUR('',#9228);
#9621 = STYLED_ITEM('color',(#9622),#2539);
#9622 = PRESENTATION_STYLE_ASSIGNMENT((#9623));
#9623 = SURFACE_STYLE_USAGE(.BOTH.,#9624);
#9624 = SURFACE_SIDE_STYLE('',(#9625));
#9625 = SURFACE_STYLE_FILL_AREA(#9626);
#9626 = FILL_AREA_STYLE('',(#9627));
#9627 = FILL_AREA_STYLE_COLOUR('',#9228);
#9628 = STYLED_ITEM('color',(#9629),#2551);
#9629 = PRESENTATION_STYLE_ASSIGNMENT((#9630));
#9630 = SURFACE_STYLE_USAGE(.BOTH.,#9631);
#9631 = SURFACE_SIDE_STYLE('',(#9632));
#9632 = SURFACE_STYLE_FILL_AREA(#9633);
#9633 = FILL_AREA_STYLE('',(#9634));
#9634 = FILL_AREA_STYLE_COLOUR('',#9228);
#9635 = STYLED_ITEM('color',(#9636),#2573);
#9636 = PRESENTATION_STYLE_ASSIGNMENT((#9637));
#9637 = SURFACE_STYLE_USAGE(.BOTH.,#9638);
#9638 = SURFACE_SIDE_STYLE('',(#9639));
#9639 = SURFACE_STYLE_FILL_AREA(#9640);
#9640 = FILL_AREA_STYLE('',(#9641));
#9641 = FILL_AREA_STYLE_COLOUR('',#9228);
#9642 = STYLED_ITEM('color',(#9643),#2590);
#9643 = PRESENTATION_STYLE_ASSIGNMENT((#9644));
#9644 = SURFACE_STYLE_USAGE(.BOTH.,#9645);
#9645 = SURFACE_SIDE_STYLE('',(#9646));
#9646 = SURFACE_STYLE_FILL_AREA(#9647);
#9647 = FILL_AREA_STYLE('',(#9648));
#9648 = FILL_AREA_STYLE_COLOUR('',#9228);
#9649 = STYLED_ITEM('color',(#9650),#2607);
#9650 = PRESENTATION_STYLE_ASSIGNMENT((#9651));
#9651 = SURFACE_STYLE_USAGE(.BOTH.,#9652);
#9652 = SURFACE_SIDE_STYLE('',(#9653));
#9653 = SURFACE_STYLE_FILL_AREA(#9654);
#9654 = FILL_AREA_STYLE('',(#9655));
#9655 = FILL_AREA_STYLE_COLOUR('',#9228);
#9656 = STYLED_ITEM('color',(#9657),#2624);
#9657 = PRESENTATION_STYLE_ASSIGNMENT((#9658));
#9658 = SURFACE_STYLE_USAGE(.BOTH.,#9659);
#9659 = SURFACE_SIDE_STYLE('',(#9660));
#9660 = SURFACE_STYLE_FILL_AREA(#9661);
#9661 = FILL_AREA_STYLE('',(#9662));
#9662 = FILL_AREA_STYLE_COLOUR('',#9228);
#9663 = STYLED_ITEM('color',(#9664),#2641);
#9664 = PRESENTATION_STYLE_ASSIGNMENT((#9665));
#9665 = SURFACE_STYLE_USAGE(.BOTH.,#9666);
#9666 = SURFACE_SIDE_STYLE('',(#9667));
#9667 = SURFACE_STYLE_FILL_AREA(#9668);
#9668 = FILL_AREA_STYLE('',(#9669));
#9669 = FILL_AREA_STYLE_COLOUR('',#9228);
#9670 = STYLED_ITEM('color',(#9671),#2653);
#9671 = PRESENTATION_STYLE_ASSIGNMENT((#9672));
#9672 = SURFACE_STYLE_USAGE(.BOTH.,#9673);
#9673 = SURFACE_SIDE_STYLE('',(#9674));
#9674 = SURFACE_STYLE_FILL_AREA(#9675);
#9675 = FILL_AREA_STYLE('',(#9676));
#9676 = FILL_AREA_STYLE_COLOUR('',#9228);
#9677 = STYLED_ITEM('color',(#9678),#2670);
#9678 = PRESENTATION_STYLE_ASSIGNMENT((#9679));
#9679 = SURFACE_STYLE_USAGE(.BOTH.,#9680);
#9680 = SURFACE_SIDE_STYLE('',(#9681));
#9681 = SURFACE_STYLE_FILL_AREA(#9682);
#9682 = FILL_AREA_STYLE('',(#9683));
#9683 = FILL_AREA_STYLE_COLOUR('',#9228);
#9684 = STYLED_ITEM('color',(#9685),#2687);
#9685 = PRESENTATION_STYLE_ASSIGNMENT((#9686));
#9686 = SURFACE_STYLE_USAGE(.BOTH.,#9687);
#9687 = SURFACE_SIDE_STYLE('',(#9688));
#9688 = SURFACE_STYLE_FILL_AREA(#9689);
#9689 = FILL_AREA_STYLE('',(#9690));
#9690 = FILL_AREA_STYLE_COLOUR('',#9228);
#9691 = STYLED_ITEM('color',(#9692),#2704);
#9692 = PRESENTATION_STYLE_ASSIGNMENT((#9693));
#9693 = SURFACE_STYLE_USAGE(.BOTH.,#9694);
#9694 = SURFACE_SIDE_STYLE('',(#9695));
#9695 = SURFACE_STYLE_FILL_AREA(#9696);
#9696 = FILL_AREA_STYLE('',(#9697));
#9697 = FILL_AREA_STYLE_COLOUR('',#9228);
#9698 = STYLED_ITEM('color',(#9699),#2721);
#9699 = PRESENTATION_STYLE_ASSIGNMENT((#9700));
#9700 = SURFACE_STYLE_USAGE(.BOTH.,#9701);
#9701 = SURFACE_SIDE_STYLE('',(#9702));
#9702 = SURFACE_STYLE_FILL_AREA(#9703);
#9703 = FILL_AREA_STYLE('',(#9704));
#9704 = FILL_AREA_STYLE_COLOUR('',#9228);
#9705 = STYLED_ITEM('color',(#9706),#2738);
#9706 = PRESENTATION_STYLE_ASSIGNMENT((#9707));
#9707 = SURFACE_STYLE_USAGE(.BOTH.,#9708);
#9708 = SURFACE_SIDE_STYLE('',(#9709));
#9709 = SURFACE_STYLE_FILL_AREA(#9710);
#9710 = FILL_AREA_STYLE('',(#9711));
#9711 = FILL_AREA_STYLE_COLOUR('',#9228);
#9712 = STYLED_ITEM('color',(#9713),#2755);
#9713 = PRESENTATION_STYLE_ASSIGNMENT((#9714));
#9714 = SURFACE_STYLE_USAGE(.BOTH.,#9715);
#9715 = SURFACE_SIDE_STYLE('',(#9716));
#9716 = SURFACE_STYLE_FILL_AREA(#9717);
#9717 = FILL_AREA_STYLE('',(#9718));
#9718 = FILL_AREA_STYLE_COLOUR('',#9228);
#9719 = STYLED_ITEM('color',(#9720),#2772);
#9720 = PRESENTATION_STYLE_ASSIGNMENT((#9721));
#9721 = SURFACE_STYLE_USAGE(.BOTH.,#9722);
#9722 = SURFACE_SIDE_STYLE('',(#9723));
#9723 = SURFACE_STYLE_FILL_AREA(#9724);
#9724 = FILL_AREA_STYLE('',(#9725));
#9725 = FILL_AREA_STYLE_COLOUR('',#9228);
#9726 = STYLED_ITEM('color',(#9727),#2789);
#9727 = PRESENTATION_STYLE_ASSIGNMENT((#9728));
#9728 = SURFACE_STYLE_USAGE(.BOTH.,#9729);
#9729 = SURFACE_SIDE_STYLE('',(#9730));
#9730 = SURFACE_STYLE_FILL_AREA(#9731);
#9731 = FILL_AREA_STYLE('',(#9732));
#9732 = FILL_AREA_STYLE_COLOUR('',#9228);
#9733 = STYLED_ITEM('color',(#9734),#2801);
#9734 = PRESENTATION_STYLE_ASSIGNMENT((#9735));
#9735 = SURFACE_STYLE_USAGE(.BOTH.,#9736);
#9736 = SURFACE_SIDE_STYLE('',(#9737));
#9737 = SURFACE_STYLE_FILL_AREA(#9738);
#9738 = FILL_AREA_STYLE('',(#9739));
#9739 = FILL_AREA_STYLE_COLOUR('',#9228);
#9740 = STYLED_ITEM('color',(#9741),#2823);
#9741 = PRESENTATION_STYLE_ASSIGNMENT((#9742));
#9742 = SURFACE_STYLE_USAGE(.BOTH.,#9743);
#9743 = SURFACE_SIDE_STYLE('',(#9744));
#9744 = SURFACE_STYLE_FILL_AREA(#9745);
#9745 = FILL_AREA_STYLE('',(#9746));
#9746 = FILL_AREA_STYLE_COLOUR('',#9228);
#9747 = STYLED_ITEM('color',(#9748),#2840);
#9748 = PRESENTATION_STYLE_ASSIGNMENT((#9749));
#9749 = SURFACE_STYLE_USAGE(.BOTH.,#9750);
#9750 = SURFACE_SIDE_STYLE('',(#9751));
#9751 = SURFACE_STYLE_FILL_AREA(#9752);
#9752 = FILL_AREA_STYLE('',(#9753));
#9753 = FILL_AREA_STYLE_COLOUR('',#9228);
#9754 = STYLED_ITEM('color',(#9755),#2857);
#9755 = PRESENTATION_STYLE_ASSIGNMENT((#9756));
#9756 = SURFACE_STYLE_USAGE(.BOTH.,#9757);
#9757 = SURFACE_SIDE_STYLE('',(#9758));
#9758 = SURFACE_STYLE_FILL_AREA(#9759);
#9759 = FILL_AREA_STYLE('',(#9760));
#9760 = FILL_AREA_STYLE_COLOUR('',#9228);
#9761 = STYLED_ITEM('color',(#9762),#2874);
#9762 = PRESENTATION_STYLE_ASSIGNMENT((#9763));
#9763 = SURFACE_STYLE_USAGE(.BOTH.,#9764);
#9764 = SURFACE_SIDE_STYLE('',(#9765));
#9765 = SURFACE_STYLE_FILL_AREA(#9766);
#9766 = FILL_AREA_STYLE('',(#9767));
#9767 = FILL_AREA_STYLE_COLOUR('',#9228);
#9768 = STYLED_ITEM('color',(#9769),#2891);
#9769 = PRESENTATION_STYLE_ASSIGNMENT((#9770));
#9770 = SURFACE_STYLE_USAGE(.BOTH.,#9771);
#9771 = SURFACE_SIDE_STYLE('',(#9772));
#9772 = SURFACE_STYLE_FILL_AREA(#9773);
#9773 = FILL_AREA_STYLE('',(#9774));
#9774 = FILL_AREA_STYLE_COLOUR('',#9228);
#9775 = STYLED_ITEM('color',(#9776),#2903);
#9776 = PRESENTATION_STYLE_ASSIGNMENT((#9777));
#9777 = SURFACE_STYLE_USAGE(.BOTH.,#9778);
#9778 = SURFACE_SIDE_STYLE('',(#9779));
#9779 = SURFACE_STYLE_FILL_AREA(#9780);
#9780 = FILL_AREA_STYLE('',(#9781));
#9781 = FILL_AREA_STYLE_COLOUR('',#9228);
#9782 = STYLED_ITEM('color',(#9783),#2920);
#9783 = PRESENTATION_STYLE_ASSIGNMENT((#9784));
#9784 = SURFACE_STYLE_USAGE(.BOTH.,#9785);
#9785 = SURFACE_SIDE_STYLE('',(#9786));
#9786 = SURFACE_STYLE_FILL_AREA(#9787);
#9787 = FILL_AREA_STYLE('',(#9788));
#9788 = FILL_AREA_STYLE_COLOUR('',#9228);
#9789 = STYLED_ITEM('color',(#9790),#2937);
#9790 = PRESENTATION_STYLE_ASSIGNMENT((#9791));
#9791 = SURFACE_STYLE_USAGE(.BOTH.,#9792);
#9792 = SURFACE_SIDE_STYLE('',(#9793));
#9793 = SURFACE_STYLE_FILL_AREA(#9794);
#9794 = FILL_AREA_STYLE('',(#9795));
#9795 = FILL_AREA_STYLE_COLOUR('',#9228);
#9796 = STYLED_ITEM('color',(#9797),#2954);
#9797 = PRESENTATION_STYLE_ASSIGNMENT((#9798));
#9798 = SURFACE_STYLE_USAGE(.BOTH.,#9799);
#9799 = SURFACE_SIDE_STYLE('',(#9800));
#9800 = SURFACE_STYLE_FILL_AREA(#9801);
#9801 = FILL_AREA_STYLE('',(#9802));
#9802 = FILL_AREA_STYLE_COLOUR('',#9228);
#9803 = STYLED_ITEM('color',(#9804),#2971);
#9804 = PRESENTATION_STYLE_ASSIGNMENT((#9805));
#9805 = SURFACE_STYLE_USAGE(.BOTH.,#9806);
#9806 = SURFACE_SIDE_STYLE('',(#9807));
#9807 = SURFACE_STYLE_FILL_AREA(#9808);
#9808 = FILL_AREA_STYLE('',(#9809));
#9809 = FILL_AREA_STYLE_COLOUR('',#9228);
#9810 = STYLED_ITEM('color',(#9811),#2988);
#9811 = PRESENTATION_STYLE_ASSIGNMENT((#9812));
#9812 = SURFACE_STYLE_USAGE(.BOTH.,#9813);
#9813 = SURFACE_SIDE_STYLE('',(#9814));
#9814 = SURFACE_STYLE_FILL_AREA(#9815);
#9815 = FILL_AREA_STYLE('',(#9816));
#9816 = FILL_AREA_STYLE_COLOUR('',#9228);
#9817 = STYLED_ITEM('color',(#9818),#3005);
#9818 = PRESENTATION_STYLE_ASSIGNMENT((#9819));
#9819 = SURFACE_STYLE_USAGE(.BOTH.,#9820);
#9820 = SURFACE_SIDE_STYLE('',(#9821));
#9821 = SURFACE_STYLE_FILL_AREA(#9822);
#9822 = FILL_AREA_STYLE('',(#9823));
#9823 = FILL_AREA_STYLE_COLOUR('',#9228);
#9824 = STYLED_ITEM('color',(#9825),#3022);
#9825 = PRESENTATION_STYLE_ASSIGNMENT((#9826));
#9826 = SURFACE_STYLE_USAGE(.BOTH.,#9827);
#9827 = SURFACE_SIDE_STYLE('',(#9828));
#9828 = SURFACE_STYLE_FILL_AREA(#9829);
#9829 = FILL_AREA_STYLE('',(#9830));
#9830 = FILL_AREA_STYLE_COLOUR('',#9228);
#9831 = STYLED_ITEM('color',(#9832),#3039);
#9832 = PRESENTATION_STYLE_ASSIGNMENT((#9833));
#9833 = SURFACE_STYLE_USAGE(.BOTH.,#9834);
#9834 = SURFACE_SIDE_STYLE('',(#9835));
#9835 = SURFACE_STYLE_FILL_AREA(#9836);
#9836 = FILL_AREA_STYLE('',(#9837));
#9837 = FILL_AREA_STYLE_COLOUR('',#9228);
#9838 = STYLED_ITEM('color',(#9839),#3051);
#9839 = PRESENTATION_STYLE_ASSIGNMENT((#9840));
#9840 = SURFACE_STYLE_USAGE(.BOTH.,#9841);
#9841 = SURFACE_SIDE_STYLE('',(#9842));
#9842 = SURFACE_STYLE_FILL_AREA(#9843);
#9843 = FILL_AREA_STYLE('',(#9844));
#9844 = FILL_AREA_STYLE_COLOUR('',#9228);
#9845 = STYLED_ITEM('color',(#9846),#3073);
#9846 = PRESENTATION_STYLE_ASSIGNMENT((#9847));
#9847 = SURFACE_STYLE_USAGE(.BOTH.,#9848);
#9848 = SURFACE_SIDE_STYLE('',(#9849));
#9849 = SURFACE_STYLE_FILL_AREA(#9850);
#9850 = FILL_AREA_STYLE('',(#9851));
#9851 = FILL_AREA_STYLE_COLOUR('',#9228);
#9852 = STYLED_ITEM('color',(#9853),#3090);
#9853 = PRESENTATION_STYLE_ASSIGNMENT((#9854));
#9854 = SURFACE_STYLE_USAGE(.BOTH.,#9855);
#9855 = SURFACE_SIDE_STYLE('',(#9856));
#9856 = SURFACE_STYLE_FILL_AREA(#9857);
#9857 = FILL_AREA_STYLE('',(#9858));
#9858 = FILL_AREA_STYLE_COLOUR('',#9228);
#9859 = STYLED_ITEM('color',(#9860),#3107);
#9860 = PRESENTATION_STYLE_ASSIGNMENT((#9861));
#9861 = SURFACE_STYLE_USAGE(.BOTH.,#9862);
#9862 = SURFACE_SIDE_STYLE('',(#9863));
#9863 = SURFACE_STYLE_FILL_AREA(#9864);
#9864 = FILL_AREA_STYLE('',(#9865));
#9865 = FILL_AREA_STYLE_COLOUR('',#9228);
#9866 = STYLED_ITEM('color',(#9867),#3124);
#9867 = PRESENTATION_STYLE_ASSIGNMENT((#9868));
#9868 = SURFACE_STYLE_USAGE(.BOTH.,#9869);
#9869 = SURFACE_SIDE_STYLE('',(#9870));
#9870 = SURFACE_STYLE_FILL_AREA(#9871);
#9871 = FILL_AREA_STYLE('',(#9872));
#9872 = FILL_AREA_STYLE_COLOUR('',#9228);
#9873 = STYLED_ITEM('color',(#9874),#3141);
#9874 = PRESENTATION_STYLE_ASSIGNMENT((#9875));
#9875 = SURFACE_STYLE_USAGE(.BOTH.,#9876);
#9876 = SURFACE_SIDE_STYLE('',(#9877));
#9877 = SURFACE_STYLE_FILL_AREA(#9878);
#9878 = FILL_AREA_STYLE('',(#9879));
#9879 = FILL_AREA_STYLE_COLOUR('',#9228);
#9880 = STYLED_ITEM('color',(#9881),#3153);
#9881 = PRESENTATION_STYLE_ASSIGNMENT((#9882));
#9882 = SURFACE_STYLE_USAGE(.BOTH.,#9883);
#9883 = SURFACE_SIDE_STYLE('',(#9884));
#9884 = SURFACE_STYLE_FILL_AREA(#9885);
#9885 = FILL_AREA_STYLE('',(#9886));
#9886 = FILL_AREA_STYLE_COLOUR('',#9228);
#9887 = STYLED_ITEM('color',(#9888),#3170);
#9888 = PRESENTATION_STYLE_ASSIGNMENT((#9889));
#9889 = SURFACE_STYLE_USAGE(.BOTH.,#9890);
#9890 = SURFACE_SIDE_STYLE('',(#9891));
#9891 = SURFACE_STYLE_FILL_AREA(#9892);
#9892 = FILL_AREA_STYLE('',(#9893));
#9893 = FILL_AREA_STYLE_COLOUR('',#9228);
#9894 = STYLED_ITEM('color',(#9895),#3187);
#9895 = PRESENTATION_STYLE_ASSIGNMENT((#9896));
#9896 = SURFACE_STYLE_USAGE(.BOTH.,#9897);
#9897 = SURFACE_SIDE_STYLE('',(#9898));
#9898 = SURFACE_STYLE_FILL_AREA(#9899);
#9899 = FILL_AREA_STYLE('',(#9900));
#9900 = FILL_AREA_STYLE_COLOUR('',#9228);
#9901 = STYLED_ITEM('color',(#9902),#3204);
#9902 = PRESENTATION_STYLE_ASSIGNMENT((#9903));
#9903 = SURFACE_STYLE_USAGE(.BOTH.,#9904);
#9904 = SURFACE_SIDE_STYLE('',(#9905));
#9905 = SURFACE_STYLE_FILL_AREA(#9906);
#9906 = FILL_AREA_STYLE('',(#9907));
#9907 = FILL_AREA_STYLE_COLOUR('',#9228);
#9908 = STYLED_ITEM('color',(#9909),#3221);
#9909 = PRESENTATION_STYLE_ASSIGNMENT((#9910));
#9910 = SURFACE_STYLE_USAGE(.BOTH.,#9911);
#9911 = SURFACE_SIDE_STYLE('',(#9912));
#9912 = SURFACE_STYLE_FILL_AREA(#9913);
#9913 = FILL_AREA_STYLE('',(#9914));
#9914 = FILL_AREA_STYLE_COLOUR('',#9228);
#9915 = STYLED_ITEM('color',(#9916),#3238);
#9916 = PRESENTATION_STYLE_ASSIGNMENT((#9917));
#9917 = SURFACE_STYLE_USAGE(.BOTH.,#9918);
#9918 = SURFACE_SIDE_STYLE('',(#9919));
#9919 = SURFACE_STYLE_FILL_AREA(#9920);
#9920 = FILL_AREA_STYLE('',(#9921));
#9921 = FILL_AREA_STYLE_COLOUR('',#9228);
#9922 = STYLED_ITEM('color',(#9923),#3255);
#9923 = PRESENTATION_STYLE_ASSIGNMENT((#9924));
#9924 = SURFACE_STYLE_USAGE(.BOTH.,#9925);
#9925 = SURFACE_SIDE_STYLE('',(#9926));
#9926 = SURFACE_STYLE_FILL_AREA(#9927);
#9927 = FILL_AREA_STYLE('',(#9928));
#9928 = FILL_AREA_STYLE_COLOUR('',#9228);
#9929 = STYLED_ITEM('color',(#9930),#3272);
#9930 = PRESENTATION_STYLE_ASSIGNMENT((#9931));
#9931 = SURFACE_STYLE_USAGE(.BOTH.,#9932);
#9932 = SURFACE_SIDE_STYLE('',(#9933));
#9933 = SURFACE_STYLE_FILL_AREA(#9934);
#9934 = FILL_AREA_STYLE('',(#9935));
#9935 = FILL_AREA_STYLE_COLOUR('',#9228);
#9936 = STYLED_ITEM('color',(#9937),#3289);
#9937 = PRESENTATION_STYLE_ASSIGNMENT((#9938));
#9938 = SURFACE_STYLE_USAGE(.BOTH.,#9939);
#9939 = SURFACE_SIDE_STYLE('',(#9940));
#9940 = SURFACE_STYLE_FILL_AREA(#9941);
#9941 = FILL_AREA_STYLE('',(#9942));
#9942 = FILL_AREA_STYLE_COLOUR('',#9228);
#9943 = MECHANICAL_DESIGN_GEOMETRIC_PRESENTATION_REPRESENTATION('',(
    #9944,#9951,#9958,#9965,#9972,#9979,#9986,#9993,#10000,#10007,#10014
    ,#10021,#10028,#10035,#10042,#10049,#10056,#10063,#10070,#10077,
    #10084,#10091,#10098,#10105,#10112,#10119,#10126,#10133,#10140,
    #10147,#10154,#10161,#10168,#10175,#10182,#10189,#10196,#10203,
    #10210,#10217,#10224,#10232,#10239,#10246,#10253,#10260,#10267,
    #10274,#10281,#10288,#10295,#10302,#10309,#10316,#10323,#10330,
    #10337,#10344,#10351,#10358,#10365,#10372,#10379,#10386,#10393,
    #10400,#10407,#10414,#10421,#10428,#10435,#10442,#10449,#10456,
    #10463,#10470,#10477,#10484,#10491,#10498,#10505,#10512,#10519,
    #10526,#10533,#10540,#10547,#10554,#10561,#10568,#10575,#10582,
    #10589,#10596,#10603,#10610,#10617,#10624,#10631,#10638,#10645,
    #10652,#10659,#10666,#10673,#10680,#10687,#10694,#10701,#10708,
    #10715,#10722,#10729,#10736,#10743,#10750,#10757,#10764,#10771,
    #10778,#10785,#10792,#10799,#10806,#10813,#10820,#10827,#10834,
    #10841,#10848,#10855,#10862,#10869,#10876,#10883,#10890,#10897,
    #10904,#10911,#10918,#10925,#10932,#10939,#10946,#10953,#10960,
    #10967,#10974),#7471);
#9944 = STYLED_ITEM('color',(#9945),#3345);
#9945 = PRESENTATION_STYLE_ASSIGNMENT((#9946));
#9946 = SURFACE_STYLE_USAGE(.BOTH.,#9947);
#9947 = SURFACE_SIDE_STYLE('',(#9948));
#9948 = SURFACE_STYLE_FILL_AREA(#9949);
#9949 = FILL_AREA_STYLE('',(#9950));
#9950 = FILL_AREA_STYLE_COLOUR('',#9213);
#9951 = STYLED_ITEM('color',(#9952),#3385);
#9952 = PRESENTATION_STYLE_ASSIGNMENT((#9953));
#9953 = SURFACE_STYLE_USAGE(.BOTH.,#9954);
#9954 = SURFACE_SIDE_STYLE('',(#9955));
#9955 = SURFACE_STYLE_FILL_AREA(#9956);
#9956 = FILL_AREA_STYLE('',(#9957));
#9957 = FILL_AREA_STYLE_COLOUR('',#9213);
#9958 = STYLED_ITEM('color',(#9959),#3416);
#9959 = PRESENTATION_STYLE_ASSIGNMENT((#9960));
#9960 = SURFACE_STYLE_USAGE(.BOTH.,#9961);
#9961 = SURFACE_SIDE_STYLE('',(#9962));
#9962 = SURFACE_STYLE_FILL_AREA(#9963);
#9963 = FILL_AREA_STYLE('',(#9964));
#9964 = FILL_AREA_STYLE_COLOUR('',#9213);
#9965 = STYLED_ITEM('color',(#9966),#3447);
#9966 = PRESENTATION_STYLE_ASSIGNMENT((#9967));
#9967 = SURFACE_STYLE_USAGE(.BOTH.,#9968);
#9968 = SURFACE_SIDE_STYLE('',(#9969));
#9969 = SURFACE_STYLE_FILL_AREA(#9970);
#9970 = FILL_AREA_STYLE('',(#9971));
#9971 = FILL_AREA_STYLE_COLOUR('',#9213);
#9972 = STYLED_ITEM('color',(#9973),#3940);
#9973 = PRESENTATION_STYLE_ASSIGNMENT((#9974));
#9974 = SURFACE_STYLE_USAGE(.BOTH.,#9975);
#9975 = SURFACE_SIDE_STYLE('',(#9976));
#9976 = SURFACE_STYLE_FILL_AREA(#9977);
#9977 = FILL_AREA_STYLE('',(#9978));
#9978 = FILL_AREA_STYLE_COLOUR('',#9213);
#9979 = STYLED_ITEM('color',(#9980),#4433);
#9980 = PRESENTATION_STYLE_ASSIGNMENT((#9981));
#9981 = SURFACE_STYLE_USAGE(.BOTH.,#9982);
#9982 = SURFACE_SIDE_STYLE('',(#9983));
#9983 = SURFACE_STYLE_FILL_AREA(#9984);
#9984 = FILL_AREA_STYLE('',(#9985));
#9985 = FILL_AREA_STYLE_COLOUR('',#9213);
#9986 = STYLED_ITEM('color',(#9987),#4450);
#9987 = PRESENTATION_STYLE_ASSIGNMENT((#9988));
#9988 = SURFACE_STYLE_USAGE(.BOTH.,#9989);
#9989 = SURFACE_SIDE_STYLE('',(#9990));
#9990 = SURFACE_STYLE_FILL_AREA(#9991);
#9991 = FILL_AREA_STYLE('',(#9992));
#9992 = FILL_AREA_STYLE_COLOUR('',#9213);
#9993 = STYLED_ITEM('color',(#9994),#4467);
#9994 = PRESENTATION_STYLE_ASSIGNMENT((#9995));
#9995 = SURFACE_STYLE_USAGE(.BOTH.,#9996);
#9996 = SURFACE_SIDE_STYLE('',(#9997));
#9997 = SURFACE_STYLE_FILL_AREA(#9998);
#9998 = FILL_AREA_STYLE('',(#9999));
#9999 = FILL_AREA_STYLE_COLOUR('',#9213);
#10000 = STYLED_ITEM('color',(#10001),#4484);
#10001 = PRESENTATION_STYLE_ASSIGNMENT((#10002));
#10002 = SURFACE_STYLE_USAGE(.BOTH.,#10003);
#10003 = SURFACE_SIDE_STYLE('',(#10004));
#10004 = SURFACE_STYLE_FILL_AREA(#10005);
#10005 = FILL_AREA_STYLE('',(#10006));
#10006 = FILL_AREA_STYLE_COLOUR('',#9213);
#10007 = STYLED_ITEM('color',(#10008),#4501);
#10008 = PRESENTATION_STYLE_ASSIGNMENT((#10009));
#10009 = SURFACE_STYLE_USAGE(.BOTH.,#10010);
#10010 = SURFACE_SIDE_STYLE('',(#10011));
#10011 = SURFACE_STYLE_FILL_AREA(#10012);
#10012 = FILL_AREA_STYLE('',(#10013));
#10013 = FILL_AREA_STYLE_COLOUR('',#9213);
#10014 = STYLED_ITEM('color',(#10015),#4518);
#10015 = PRESENTATION_STYLE_ASSIGNMENT((#10016));
#10016 = SURFACE_STYLE_USAGE(.BOTH.,#10017);
#10017 = SURFACE_SIDE_STYLE('',(#10018));
#10018 = SURFACE_STYLE_FILL_AREA(#10019);
#10019 = FILL_AREA_STYLE('',(#10020));
#10020 = FILL_AREA_STYLE_COLOUR('',#9213);
#10021 = STYLED_ITEM('color',(#10022),#4535);
#10022 = PRESENTATION_STYLE_ASSIGNMENT((#10023));
#10023 = SURFACE_STYLE_USAGE(.BOTH.,#10024);
#10024 = SURFACE_SIDE_STYLE('',(#10025));
#10025 = SURFACE_STYLE_FILL_AREA(#10026);
#10026 = FILL_AREA_STYLE('',(#10027));
#10027 = FILL_AREA_STYLE_COLOUR('',#9213);
#10028 = STYLED_ITEM('color',(#10029),#4552);
#10029 = PRESENTATION_STYLE_ASSIGNMENT((#10030));
#10030 = SURFACE_STYLE_USAGE(.BOTH.,#10031);
#10031 = SURFACE_SIDE_STYLE('',(#10032));
#10032 = SURFACE_STYLE_FILL_AREA(#10033);
#10033 = FILL_AREA_STYLE('',(#10034));
#10034 = FILL_AREA_STYLE_COLOUR('',#9213);
#10035 = STYLED_ITEM('color',(#10036),#4569);
#10036 = PRESENTATION_STYLE_ASSIGNMENT((#10037));
#10037 = SURFACE_STYLE_USAGE(.BOTH.,#10038);
#10038 = SURFACE_SIDE_STYLE('',(#10039));
#10039 = SURFACE_STYLE_FILL_AREA(#10040);
#10040 = FILL_AREA_STYLE('',(#10041));
#10041 = FILL_AREA_STYLE_COLOUR('',#9213);
#10042 = STYLED_ITEM('color',(#10043),#4586);
#10043 = PRESENTATION_STYLE_ASSIGNMENT((#10044));
#10044 = SURFACE_STYLE_USAGE(.BOTH.,#10045);
#10045 = SURFACE_SIDE_STYLE('',(#10046));
#10046 = SURFACE_STYLE_FILL_AREA(#10047);
#10047 = FILL_AREA_STYLE('',(#10048));
#10048 = FILL_AREA_STYLE_COLOUR('',#9213);
#10049 = STYLED_ITEM('color',(#10050),#4603);
#10050 = PRESENTATION_STYLE_ASSIGNMENT((#10051));
#10051 = SURFACE_STYLE_USAGE(.BOTH.,#10052);
#10052 = SURFACE_SIDE_STYLE('',(#10053));
#10053 = SURFACE_STYLE_FILL_AREA(#10054);
#10054 = FILL_AREA_STYLE('',(#10055));
#10055 = FILL_AREA_STYLE_COLOUR('',#9213);
#10056 = STYLED_ITEM('color',(#10057),#4620);
#10057 = PRESENTATION_STYLE_ASSIGNMENT((#10058));
#10058 = SURFACE_STYLE_USAGE(.BOTH.,#10059);
#10059 = SURFACE_SIDE_STYLE('',(#10060));
#10060 = SURFACE_STYLE_FILL_AREA(#10061);
#10061 = FILL_AREA_STYLE('',(#10062));
#10062 = FILL_AREA_STYLE_COLOUR('',#9213);
#10063 = STYLED_ITEM('color',(#10064),#4637);
#10064 = PRESENTATION_STYLE_ASSIGNMENT((#10065));
#10065 = SURFACE_STYLE_USAGE(.BOTH.,#10066);
#10066 = SURFACE_SIDE_STYLE('',(#10067));
#10067 = SURFACE_STYLE_FILL_AREA(#10068);
#10068 = FILL_AREA_STYLE('',(#10069));
#10069 = FILL_AREA_STYLE_COLOUR('',#9213);
#10070 = STYLED_ITEM('color',(#10071),#4654);
#10071 = PRESENTATION_STYLE_ASSIGNMENT((#10072));
#10072 = SURFACE_STYLE_USAGE(.BOTH.,#10073);
#10073 = SURFACE_SIDE_STYLE('',(#10074));
#10074 = SURFACE_STYLE_FILL_AREA(#10075);
#10075 = FILL_AREA_STYLE('',(#10076));
#10076 = FILL_AREA_STYLE_COLOUR('',#9213);
#10077 = STYLED_ITEM('color',(#10078),#4671);
#10078 = PRESENTATION_STYLE_ASSIGNMENT((#10079));
#10079 = SURFACE_STYLE_USAGE(.BOTH.,#10080);
#10080 = SURFACE_SIDE_STYLE('',(#10081));
#10081 = SURFACE_STYLE_FILL_AREA(#10082);
#10082 = FILL_AREA_STYLE('',(#10083));
#10083 = FILL_AREA_STYLE_COLOUR('',#9213);
#10084 = STYLED_ITEM('color',(#10085),#4688);
#10085 = PRESENTATION_STYLE_ASSIGNMENT((#10086));
#10086 = SURFACE_STYLE_USAGE(.BOTH.,#10087);
#10087 = SURFACE_SIDE_STYLE('',(#10088));
#10088 = SURFACE_STYLE_FILL_AREA(#10089);
#10089 = FILL_AREA_STYLE('',(#10090));
#10090 = FILL_AREA_STYLE_COLOUR('',#9213);
#10091 = STYLED_ITEM('color',(#10092),#4705);
#10092 = PRESENTATION_STYLE_ASSIGNMENT((#10093));
#10093 = SURFACE_STYLE_USAGE(.BOTH.,#10094);
#10094 = SURFACE_SIDE_STYLE('',(#10095));
#10095 = SURFACE_STYLE_FILL_AREA(#10096);
#10096 = FILL_AREA_STYLE('',(#10097));
#10097 = FILL_AREA_STYLE_COLOUR('',#9213);
#10098 = STYLED_ITEM('color',(#10099),#4722);
#10099 = PRESENTATION_STYLE_ASSIGNMENT((#10100));
#10100 = SURFACE_STYLE_USAGE(.BOTH.,#10101);
#10101 = SURFACE_SIDE_STYLE('',(#10102));
#10102 = SURFACE_STYLE_FILL_AREA(#10103);
#10103 = FILL_AREA_STYLE('',(#10104));
#10104 = FILL_AREA_STYLE_COLOUR('',#9213);
#10105 = STYLED_ITEM('color',(#10106),#4739);
#10106 = PRESENTATION_STYLE_ASSIGNMENT((#10107));
#10107 = SURFACE_STYLE_USAGE(.BOTH.,#10108);
#10108 = SURFACE_SIDE_STYLE('',(#10109));
#10109 = SURFACE_STYLE_FILL_AREA(#10110);
#10110 = FILL_AREA_STYLE('',(#10111));
#10111 = FILL_AREA_STYLE_COLOUR('',#9213);
#10112 = STYLED_ITEM('color',(#10113),#4756);
#10113 = PRESENTATION_STYLE_ASSIGNMENT((#10114));
#10114 = SURFACE_STYLE_USAGE(.BOTH.,#10115);
#10115 = SURFACE_SIDE_STYLE('',(#10116));
#10116 = SURFACE_STYLE_FILL_AREA(#10117);
#10117 = FILL_AREA_STYLE('',(#10118));
#10118 = FILL_AREA_STYLE_COLOUR('',#9213);
#10119 = STYLED_ITEM('color',(#10120),#4773);
#10120 = PRESENTATION_STYLE_ASSIGNMENT((#10121));
#10121 = SURFACE_STYLE_USAGE(.BOTH.,#10122);
#10122 = SURFACE_SIDE_STYLE('',(#10123));
#10123 = SURFACE_STYLE_FILL_AREA(#10124);
#10124 = FILL_AREA_STYLE('',(#10125));
#10125 = FILL_AREA_STYLE_COLOUR('',#9213);
#10126 = STYLED_ITEM('color',(#10127),#4790);
#10127 = PRESENTATION_STYLE_ASSIGNMENT((#10128));
#10128 = SURFACE_STYLE_USAGE(.BOTH.,#10129);
#10129 = SURFACE_SIDE_STYLE('',(#10130));
#10130 = SURFACE_STYLE_FILL_AREA(#10131);
#10131 = FILL_AREA_STYLE('',(#10132));
#10132 = FILL_AREA_STYLE_COLOUR('',#9213);
#10133 = STYLED_ITEM('color',(#10134),#4807);
#10134 = PRESENTATION_STYLE_ASSIGNMENT((#10135));
#10135 = SURFACE_STYLE_USAGE(.BOTH.,#10136);
#10136 = SURFACE_SIDE_STYLE('',(#10137));
#10137 = SURFACE_STYLE_FILL_AREA(#10138);
#10138 = FILL_AREA_STYLE('',(#10139));
#10139 = FILL_AREA_STYLE_COLOUR('',#9213);
#10140 = STYLED_ITEM('color',(#10141),#4824);
#10141 = PRESENTATION_STYLE_ASSIGNMENT((#10142));
#10142 = SURFACE_STYLE_USAGE(.BOTH.,#10143);
#10143 = SURFACE_SIDE_STYLE('',(#10144));
#10144 = SURFACE_STYLE_FILL_AREA(#10145);
#10145 = FILL_AREA_STYLE('',(#10146));
#10146 = FILL_AREA_STYLE_COLOUR('',#9213);
#10147 = STYLED_ITEM('color',(#10148),#4841);
#10148 = PRESENTATION_STYLE_ASSIGNMENT((#10149));
#10149 = SURFACE_STYLE_USAGE(.BOTH.,#10150);
#10150 = SURFACE_SIDE_STYLE('',(#10151));
#10151 = SURFACE_STYLE_FILL_AREA(#10152);
#10152 = FILL_AREA_STYLE('',(#10153));
#10153 = FILL_AREA_STYLE_COLOUR('',#9213);
#10154 = STYLED_ITEM('color',(#10155),#4858);
#10155 = PRESENTATION_STYLE_ASSIGNMENT((#10156));
#10156 = SURFACE_STYLE_USAGE(.BOTH.,#10157);
#10157 = SURFACE_SIDE_STYLE('',(#10158));
#10158 = SURFACE_STYLE_FILL_AREA(#10159);
#10159 = FILL_AREA_STYLE('',(#10160));
#10160 = FILL_AREA_STYLE_COLOUR('',#9213);
#10161 = STYLED_ITEM('color',(#10162),#4875);
#10162 = PRESENTATION_STYLE_ASSIGNMENT((#10163));
#10163 = SURFACE_STYLE_USAGE(.BOTH.,#10164);
#10164 = SURFACE_SIDE_STYLE('',(#10165));
#10165 = SURFACE_STYLE_FILL_AREA(#10166);
#10166 = FILL_AREA_STYLE('',(#10167));
#10167 = FILL_AREA_STYLE_COLOUR('',#9213);
#10168 = STYLED_ITEM('color',(#10169),#4892);
#10169 = PRESENTATION_STYLE_ASSIGNMENT((#10170));
#10170 = SURFACE_STYLE_USAGE(.BOTH.,#10171);
#10171 = SURFACE_SIDE_STYLE('',(#10172));
#10172 = SURFACE_STYLE_FILL_AREA(#10173);
#10173 = FILL_AREA_STYLE('',(#10174));
#10174 = FILL_AREA_STYLE_COLOUR('',#9213);
#10175 = STYLED_ITEM('color',(#10176),#4909);
#10176 = PRESENTATION_STYLE_ASSIGNMENT((#10177));
#10177 = SURFACE_STYLE_USAGE(.BOTH.,#10178);
#10178 = SURFACE_SIDE_STYLE('',(#10179));
#10179 = SURFACE_STYLE_FILL_AREA(#10180);
#10180 = FILL_AREA_STYLE('',(#10181));
#10181 = FILL_AREA_STYLE_COLOUR('',#9213);
#10182 = STYLED_ITEM('color',(#10183),#4926);
#10183 = PRESENTATION_STYLE_ASSIGNMENT((#10184));
#10184 = SURFACE_STYLE_USAGE(.BOTH.,#10185);
#10185 = SURFACE_SIDE_STYLE('',(#10186));
#10186 = SURFACE_STYLE_FILL_AREA(#10187);
#10187 = FILL_AREA_STYLE('',(#10188));
#10188 = FILL_AREA_STYLE_COLOUR('',#9213);
#10189 = STYLED_ITEM('color',(#10190),#4943);
#10190 = PRESENTATION_STYLE_ASSIGNMENT((#10191));
#10191 = SURFACE_STYLE_USAGE(.BOTH.,#10192);
#10192 = SURFACE_SIDE_STYLE('',(#10193));
#10193 = SURFACE_STYLE_FILL_AREA(#10194);
#10194 = FILL_AREA_STYLE('',(#10195));
#10195 = FILL_AREA_STYLE_COLOUR('',#9213);
#10196 = STYLED_ITEM('color',(#10197),#4960);
#10197 = PRESENTATION_STYLE_ASSIGNMENT((#10198));
#10198 = SURFACE_STYLE_USAGE(.BOTH.,#10199);
#10199 = SURFACE_SIDE_STYLE('',(#10200));
#10200 = SURFACE_STYLE_FILL_AREA(#10201);
#10201 = FILL_AREA_STYLE('',(#10202));
#10202 = FILL_AREA_STYLE_COLOUR('',#9213);
#10203 = STYLED_ITEM('color',(#10204),#4977);
#10204 = PRESENTATION_STYLE_ASSIGNMENT((#10205));
#10205 = SURFACE_STYLE_USAGE(.BOTH.,#10206);
#10206 = SURFACE_SIDE_STYLE('',(#10207));
#10207 = SURFACE_STYLE_FILL_AREA(#10208);
#10208 = FILL_AREA_STYLE('',(#10209));
#10209 = FILL_AREA_STYLE_COLOUR('',#9213);
#10210 = STYLED_ITEM('color',(#10211),#4994);
#10211 = PRESENTATION_STYLE_ASSIGNMENT((#10212));
#10212 = SURFACE_STYLE_USAGE(.BOTH.,#10213);
#10213 = SURFACE_SIDE_STYLE('',(#10214));
#10214 = SURFACE_STYLE_FILL_AREA(#10215);
#10215 = FILL_AREA_STYLE('',(#10216));
#10216 = FILL_AREA_STYLE_COLOUR('',#9213);
#10217 = STYLED_ITEM('color',(#10218),#5011);
#10218 = PRESENTATION_STYLE_ASSIGNMENT((#10219));
#10219 = SURFACE_STYLE_USAGE(.BOTH.,#10220);
#10220 = SURFACE_SIDE_STYLE('',(#10221));
#10221 = SURFACE_STYLE_FILL_AREA(#10222);
#10222 = FILL_AREA_STYLE('',(#10223));
#10223 = FILL_AREA_STYLE_COLOUR('',#9213);
#10224 = STYLED_ITEM('color',(#10225),#5023);
#10225 = PRESENTATION_STYLE_ASSIGNMENT((#10226));
#10226 = SURFACE_STYLE_USAGE(.BOTH.,#10227);
#10227 = SURFACE_SIDE_STYLE('',(#10228));
#10228 = SURFACE_STYLE_FILL_AREA(#10229);
#10229 = FILL_AREA_STYLE('',(#10230));
#10230 = FILL_AREA_STYLE_COLOUR('',#10231);
#10231 = COLOUR_RGB('',0.859000020776,0.737999965183,0.495999988746);
#10232 = STYLED_ITEM('color',(#10233),#5054);
#10233 = PRESENTATION_STYLE_ASSIGNMENT((#10234));
#10234 = SURFACE_STYLE_USAGE(.BOTH.,#10235);
#10235 = SURFACE_SIDE_STYLE('',(#10236));
#10236 = SURFACE_STYLE_FILL_AREA(#10237);
#10237 = FILL_AREA_STYLE('',(#10238));
#10238 = FILL_AREA_STYLE_COLOUR('',#10231);
#10239 = STYLED_ITEM('color',(#10240),#5078);
#10240 = PRESENTATION_STYLE_ASSIGNMENT((#10241));
#10241 = SURFACE_STYLE_USAGE(.BOTH.,#10242);
#10242 = SURFACE_SIDE_STYLE('',(#10243));
#10243 = SURFACE_STYLE_FILL_AREA(#10244);
#10244 = FILL_AREA_STYLE('',(#10245));
#10245 = FILL_AREA_STYLE_COLOUR('',#10231);
#10246 = STYLED_ITEM('color',(#10247),#5102);
#10247 = PRESENTATION_STYLE_ASSIGNMENT((#10248));
#10248 = SURFACE_STYLE_USAGE(.BOTH.,#10249);
#10249 = SURFACE_SIDE_STYLE('',(#10250));
#10250 = SURFACE_STYLE_FILL_AREA(#10251);
#10251 = FILL_AREA_STYLE('',(#10252));
#10252 = FILL_AREA_STYLE_COLOUR('',#10231);
#10253 = STYLED_ITEM('color',(#10254),#5119);
#10254 = PRESENTATION_STYLE_ASSIGNMENT((#10255));
#10255 = SURFACE_STYLE_USAGE(.BOTH.,#10256);
#10256 = SURFACE_SIDE_STYLE('',(#10257));
#10257 = SURFACE_STYLE_FILL_AREA(#10258);
#10258 = FILL_AREA_STYLE('',(#10259));
#10259 = FILL_AREA_STYLE_COLOUR('',#10231);
#10260 = STYLED_ITEM('color',(#10261),#5150);
#10261 = PRESENTATION_STYLE_ASSIGNMENT((#10262));
#10262 = SURFACE_STYLE_USAGE(.BOTH.,#10263);
#10263 = SURFACE_SIDE_STYLE('',(#10264));
#10264 = SURFACE_STYLE_FILL_AREA(#10265);
#10265 = FILL_AREA_STYLE('',(#10266));
#10266 = FILL_AREA_STYLE_COLOUR('',#10231);
#10267 = STYLED_ITEM('color',(#10268),#5174);
#10268 = PRESENTATION_STYLE_ASSIGNMENT((#10269));
#10269 = SURFACE_STYLE_USAGE(.BOTH.,#10270);
#10270 = SURFACE_SIDE_STYLE('',(#10271));
#10271 = SURFACE_STYLE_FILL_AREA(#10272);
#10272 = FILL_AREA_STYLE('',(#10273));
#10273 = FILL_AREA_STYLE_COLOUR('',#10231);
#10274 = STYLED_ITEM('color',(#10275),#5198);
#10275 = PRESENTATION_STYLE_ASSIGNMENT((#10276));
#10276 = SURFACE_STYLE_USAGE(.BOTH.,#10277);
#10277 = SURFACE_SIDE_STYLE('',(#10278));
#10278 = SURFACE_STYLE_FILL_AREA(#10279);
#10279 = FILL_AREA_STYLE('',(#10280));
#10280 = FILL_AREA_STYLE_COLOUR('',#10231);
#10281 = STYLED_ITEM('color',(#10282),#5215);
#10282 = PRESENTATION_STYLE_ASSIGNMENT((#10283));
#10283 = SURFACE_STYLE_USAGE(.BOTH.,#10284);
#10284 = SURFACE_SIDE_STYLE('',(#10285));
#10285 = SURFACE_STYLE_FILL_AREA(#10286);
#10286 = FILL_AREA_STYLE('',(#10287));
#10287 = FILL_AREA_STYLE_COLOUR('',#10231);
#10288 = STYLED_ITEM('color',(#10289),#5246);
#10289 = PRESENTATION_STYLE_ASSIGNMENT((#10290));
#10290 = SURFACE_STYLE_USAGE(.BOTH.,#10291);
#10291 = SURFACE_SIDE_STYLE('',(#10292));
#10292 = SURFACE_STYLE_FILL_AREA(#10293);
#10293 = FILL_AREA_STYLE('',(#10294));
#10294 = FILL_AREA_STYLE_COLOUR('',#10231);
#10295 = STYLED_ITEM('color',(#10296),#5270);
#10296 = PRESENTATION_STYLE_ASSIGNMENT((#10297));
#10297 = SURFACE_STYLE_USAGE(.BOTH.,#10298);
#10298 = SURFACE_SIDE_STYLE('',(#10299));
#10299 = SURFACE_STYLE_FILL_AREA(#10300);
#10300 = FILL_AREA_STYLE('',(#10301));
#10301 = FILL_AREA_STYLE_COLOUR('',#10231);
#10302 = STYLED_ITEM('color',(#10303),#5294);
#10303 = PRESENTATION_STYLE_ASSIGNMENT((#10304));
#10304 = SURFACE_STYLE_USAGE(.BOTH.,#10305);
#10305 = SURFACE_SIDE_STYLE('',(#10306));
#10306 = SURFACE_STYLE_FILL_AREA(#10307);
#10307 = FILL_AREA_STYLE('',(#10308));
#10308 = FILL_AREA_STYLE_COLOUR('',#10231);
#10309 = STYLED_ITEM('color',(#10310),#5311);
#10310 = PRESENTATION_STYLE_ASSIGNMENT((#10311));
#10311 = SURFACE_STYLE_USAGE(.BOTH.,#10312);
#10312 = SURFACE_SIDE_STYLE('',(#10313));
#10313 = SURFACE_STYLE_FILL_AREA(#10314);
#10314 = FILL_AREA_STYLE('',(#10315));
#10315 = FILL_AREA_STYLE_COLOUR('',#10231);
#10316 = STYLED_ITEM('color',(#10317),#5342);
#10317 = PRESENTATION_STYLE_ASSIGNMENT((#10318));
#10318 = SURFACE_STYLE_USAGE(.BOTH.,#10319);
#10319 = SURFACE_SIDE_STYLE('',(#10320));
#10320 = SURFACE_STYLE_FILL_AREA(#10321);
#10321 = FILL_AREA_STYLE('',(#10322));
#10322 = FILL_AREA_STYLE_COLOUR('',#10231);
#10323 = STYLED_ITEM('color',(#10324),#5366);
#10324 = PRESENTATION_STYLE_ASSIGNMENT((#10325));
#10325 = SURFACE_STYLE_USAGE(.BOTH.,#10326);
#10326 = SURFACE_SIDE_STYLE('',(#10327));
#10327 = SURFACE_STYLE_FILL_AREA(#10328);
#10328 = FILL_AREA_STYLE('',(#10329));
#10329 = FILL_AREA_STYLE_COLOUR('',#10231);
#10330 = STYLED_ITEM('color',(#10331),#5390);
#10331 = PRESENTATION_STYLE_ASSIGNMENT((#10332));
#10332 = SURFACE_STYLE_USAGE(.BOTH.,#10333);
#10333 = SURFACE_SIDE_STYLE('',(#10334));
#10334 = SURFACE_STYLE_FILL_AREA(#10335);
#10335 = FILL_AREA_STYLE('',(#10336));
#10336 = FILL_AREA_STYLE_COLOUR('',#10231);
#10337 = STYLED_ITEM('color',(#10338),#5407);
#10338 = PRESENTATION_STYLE_ASSIGNMENT((#10339));
#10339 = SURFACE_STYLE_USAGE(.BOTH.,#10340);
#10340 = SURFACE_SIDE_STYLE('',(#10341));
#10341 = SURFACE_STYLE_FILL_AREA(#10342);
#10342 = FILL_AREA_STYLE('',(#10343));
#10343 = FILL_AREA_STYLE_COLOUR('',#10231);
#10344 = STYLED_ITEM('color',(#10345),#5438);
#10345 = PRESENTATION_STYLE_ASSIGNMENT((#10346));
#10346 = SURFACE_STYLE_USAGE(.BOTH.,#10347);
#10347 = SURFACE_SIDE_STYLE('',(#10348));
#10348 = SURFACE_STYLE_FILL_AREA(#10349);
#10349 = FILL_AREA_STYLE('',(#10350));
#10350 = FILL_AREA_STYLE_COLOUR('',#10231);
#10351 = STYLED_ITEM('color',(#10352),#5462);
#10352 = PRESENTATION_STYLE_ASSIGNMENT((#10353));
#10353 = SURFACE_STYLE_USAGE(.BOTH.,#10354);
#10354 = SURFACE_SIDE_STYLE('',(#10355));
#10355 = SURFACE_STYLE_FILL_AREA(#10356);
#10356 = FILL_AREA_STYLE('',(#10357));
#10357 = FILL_AREA_STYLE_COLOUR('',#10231);
#10358 = STYLED_ITEM('color',(#10359),#5486);
#10359 = PRESENTATION_STYLE_ASSIGNMENT((#10360));
#10360 = SURFACE_STYLE_USAGE(.BOTH.,#10361);
#10361 = SURFACE_SIDE_STYLE('',(#10362));
#10362 = SURFACE_STYLE_FILL_AREA(#10363);
#10363 = FILL_AREA_STYLE('',(#10364));
#10364 = FILL_AREA_STYLE_COLOUR('',#10231);
#10365 = STYLED_ITEM('color',(#10366),#5503);
#10366 = PRESENTATION_STYLE_ASSIGNMENT((#10367));
#10367 = SURFACE_STYLE_USAGE(.BOTH.,#10368);
#10368 = SURFACE_SIDE_STYLE('',(#10369));
#10369 = SURFACE_STYLE_FILL_AREA(#10370);
#10370 = FILL_AREA_STYLE('',(#10371));
#10371 = FILL_AREA_STYLE_COLOUR('',#10231);
#10372 = STYLED_ITEM('color',(#10373),#5534);
#10373 = PRESENTATION_STYLE_ASSIGNMENT((#10374));
#10374 = SURFACE_STYLE_USAGE(.BOTH.,#10375);
#10375 = SURFACE_SIDE_STYLE('',(#10376));
#10376 = SURFACE_STYLE_FILL_AREA(#10377);
#10377 = FILL_AREA_STYLE('',(#10378));
#10378 = FILL_AREA_STYLE_COLOUR('',#10231);
#10379 = STYLED_ITEM('color',(#10380),#5558);
#10380 = PRESENTATION_STYLE_ASSIGNMENT((#10381));
#10381 = SURFACE_STYLE_USAGE(.BOTH.,#10382);
#10382 = SURFACE_SIDE_STYLE('',(#10383));
#10383 = SURFACE_STYLE_FILL_AREA(#10384);
#10384 = FILL_AREA_STYLE('',(#10385));
#10385 = FILL_AREA_STYLE_COLOUR('',#10231);
#10386 = STYLED_ITEM('color',(#10387),#5582);
#10387 = PRESENTATION_STYLE_ASSIGNMENT((#10388));
#10388 = SURFACE_STYLE_USAGE(.BOTH.,#10389);
#10389 = SURFACE_SIDE_STYLE('',(#10390));
#10390 = SURFACE_STYLE_FILL_AREA(#10391);
#10391 = FILL_AREA_STYLE('',(#10392));
#10392 = FILL_AREA_STYLE_COLOUR('',#10231);
#10393 = STYLED_ITEM('color',(#10394),#5599);
#10394 = PRESENTATION_STYLE_ASSIGNMENT((#10395));
#10395 = SURFACE_STYLE_USAGE(.BOTH.,#10396);
#10396 = SURFACE_SIDE_STYLE('',(#10397));
#10397 = SURFACE_STYLE_FILL_AREA(#10398);
#10398 = FILL_AREA_STYLE('',(#10399));
#10399 = FILL_AREA_STYLE_COLOUR('',#10231);
#10400 = STYLED_ITEM('color',(#10401),#5630);
#10401 = PRESENTATION_STYLE_ASSIGNMENT((#10402));
#10402 = SURFACE_STYLE_USAGE(.BOTH.,#10403);
#10403 = SURFACE_SIDE_STYLE('',(#10404));
#10404 = SURFACE_STYLE_FILL_AREA(#10405);
#10405 = FILL_AREA_STYLE('',(#10406));
#10406 = FILL_AREA_STYLE_COLOUR('',#10231);
#10407 = STYLED_ITEM('color',(#10408),#5654);
#10408 = PRESENTATION_STYLE_ASSIGNMENT((#10409));
#10409 = SURFACE_STYLE_USAGE(.BOTH.,#10410);
#10410 = SURFACE_SIDE_STYLE('',(#10411));
#10411 = SURFACE_STYLE_FILL_AREA(#10412);
#10412 = FILL_AREA_STYLE('',(#10413));
#10413 = FILL_AREA_STYLE_COLOUR('',#10231);
#10414 = STYLED_ITEM('color',(#10415),#5678);
#10415 = PRESENTATION_STYLE_ASSIGNMENT((#10416));
#10416 = SURFACE_STYLE_USAGE(.BOTH.,#10417);
#10417 = SURFACE_SIDE_STYLE('',(#10418));
#10418 = SURFACE_STYLE_FILL_AREA(#10419);
#10419 = FILL_AREA_STYLE('',(#10420));
#10420 = FILL_AREA_STYLE_COLOUR('',#10231);
#10421 = STYLED_ITEM('color',(#10422),#5695);
#10422 = PRESENTATION_STYLE_ASSIGNMENT((#10423));
#10423 = SURFACE_STYLE_USAGE(.BOTH.,#10424);
#10424 = SURFACE_SIDE_STYLE('',(#10425));
#10425 = SURFACE_STYLE_FILL_AREA(#10426);
#10426 = FILL_AREA_STYLE('',(#10427));
#10427 = FILL_AREA_STYLE_COLOUR('',#10231);
#10428 = STYLED_ITEM('color',(#10429),#5726);
#10429 = PRESENTATION_STYLE_ASSIGNMENT((#10430));
#10430 = SURFACE_STYLE_USAGE(.BOTH.,#10431);
#10431 = SURFACE_SIDE_STYLE('',(#10432));
#10432 = SURFACE_STYLE_FILL_AREA(#10433);
#10433 = FILL_AREA_STYLE('',(#10434));
#10434 = FILL_AREA_STYLE_COLOUR('',#10231);
#10435 = STYLED_ITEM('color',(#10436),#5750);
#10436 = PRESENTATION_STYLE_ASSIGNMENT((#10437));
#10437 = SURFACE_STYLE_USAGE(.BOTH.,#10438);
#10438 = SURFACE_SIDE_STYLE('',(#10439));
#10439 = SURFACE_STYLE_FILL_AREA(#10440);
#10440 = FILL_AREA_STYLE('',(#10441));
#10441 = FILL_AREA_STYLE_COLOUR('',#10231);
#10442 = STYLED_ITEM('color',(#10443),#5774);
#10443 = PRESENTATION_STYLE_ASSIGNMENT((#10444));
#10444 = SURFACE_STYLE_USAGE(.BOTH.,#10445);
#10445 = SURFACE_SIDE_STYLE('',(#10446));
#10446 = SURFACE_STYLE_FILL_AREA(#10447);
#10447 = FILL_AREA_STYLE('',(#10448));
#10448 = FILL_AREA_STYLE_COLOUR('',#10231);
#10449 = STYLED_ITEM('color',(#10450),#5791);
#10450 = PRESENTATION_STYLE_ASSIGNMENT((#10451));
#10451 = SURFACE_STYLE_USAGE(.BOTH.,#10452);
#10452 = SURFACE_SIDE_STYLE('',(#10453));
#10453 = SURFACE_STYLE_FILL_AREA(#10454);
#10454 = FILL_AREA_STYLE('',(#10455));
#10455 = FILL_AREA_STYLE_COLOUR('',#10231);
#10456 = STYLED_ITEM('color',(#10457),#5822);
#10457 = PRESENTATION_STYLE_ASSIGNMENT((#10458));
#10458 = SURFACE_STYLE_USAGE(.BOTH.,#10459);
#10459 = SURFACE_SIDE_STYLE('',(#10460));
#10460 = SURFACE_STYLE_FILL_AREA(#10461);
#10461 = FILL_AREA_STYLE('',(#10462));
#10462 = FILL_AREA_STYLE_COLOUR('',#10231);
#10463 = STYLED_ITEM('color',(#10464),#5846);
#10464 = PRESENTATION_STYLE_ASSIGNMENT((#10465));
#10465 = SURFACE_STYLE_USAGE(.BOTH.,#10466);
#10466 = SURFACE_SIDE_STYLE('',(#10467));
#10467 = SURFACE_STYLE_FILL_AREA(#10468);
#10468 = FILL_AREA_STYLE('',(#10469));
#10469 = FILL_AREA_STYLE_COLOUR('',#10231);
#10470 = STYLED_ITEM('color',(#10471),#5870);
#10471 = PRESENTATION_STYLE_ASSIGNMENT((#10472));
#10472 = SURFACE_STYLE_USAGE(.BOTH.,#10473);
#10473 = SURFACE_SIDE_STYLE('',(#10474));
#10474 = SURFACE_STYLE_FILL_AREA(#10475);
#10475 = FILL_AREA_STYLE('',(#10476));
#10476 = FILL_AREA_STYLE_COLOUR('',#10231);
#10477 = STYLED_ITEM('color',(#10478),#5887);
#10478 = PRESENTATION_STYLE_ASSIGNMENT((#10479));
#10479 = SURFACE_STYLE_USAGE(.BOTH.,#10480);
#10480 = SURFACE_SIDE_STYLE('',(#10481));
#10481 = SURFACE_STYLE_FILL_AREA(#10482);
#10482 = FILL_AREA_STYLE('',(#10483));
#10483 = FILL_AREA_STYLE_COLOUR('',#10231);
#10484 = STYLED_ITEM('color',(#10485),#5918);
#10485 = PRESENTATION_STYLE_ASSIGNMENT((#10486));
#10486 = SURFACE_STYLE_USAGE(.BOTH.,#10487);
#10487 = SURFACE_SIDE_STYLE('',(#10488));
#10488 = SURFACE_STYLE_FILL_AREA(#10489);
#10489 = FILL_AREA_STYLE('',(#10490));
#10490 = FILL_AREA_STYLE_COLOUR('',#10231);
#10491 = STYLED_ITEM('color',(#10492),#5942);
#10492 = PRESENTATION_STYLE_ASSIGNMENT((#10493));
#10493 = SURFACE_STYLE_USAGE(.BOTH.,#10494);
#10494 = SURFACE_SIDE_STYLE('',(#10495));
#10495 = SURFACE_STYLE_FILL_AREA(#10496);
#10496 = FILL_AREA_STYLE('',(#10497));
#10497 = FILL_AREA_STYLE_COLOUR('',#10231);
#10498 = STYLED_ITEM('color',(#10499),#5966);
#10499 = PRESENTATION_STYLE_ASSIGNMENT((#10500));
#10500 = SURFACE_STYLE_USAGE(.BOTH.,#10501);
#10501 = SURFACE_SIDE_STYLE('',(#10502));
#10502 = SURFACE_STYLE_FILL_AREA(#10503);
#10503 = FILL_AREA_STYLE('',(#10504));
#10504 = FILL_AREA_STYLE_COLOUR('',#10231);
#10505 = STYLED_ITEM('color',(#10506),#5983);
#10506 = PRESENTATION_STYLE_ASSIGNMENT((#10507));
#10507 = SURFACE_STYLE_USAGE(.BOTH.,#10508);
#10508 = SURFACE_SIDE_STYLE('',(#10509));
#10509 = SURFACE_STYLE_FILL_AREA(#10510);
#10510 = FILL_AREA_STYLE('',(#10511));
#10511 = FILL_AREA_STYLE_COLOUR('',#10231);
#10512 = STYLED_ITEM('color',(#10513),#6014);
#10513 = PRESENTATION_STYLE_ASSIGNMENT((#10514));
#10514 = SURFACE_STYLE_USAGE(.BOTH.,#10515);
#10515 = SURFACE_SIDE_STYLE('',(#10516));
#10516 = SURFACE_STYLE_FILL_AREA(#10517);
#10517 = FILL_AREA_STYLE('',(#10518));
#10518 = FILL_AREA_STYLE_COLOUR('',#10231);
#10519 = STYLED_ITEM('color',(#10520),#6038);
#10520 = PRESENTATION_STYLE_ASSIGNMENT((#10521));
#10521 = SURFACE_STYLE_USAGE(.BOTH.,#10522);
#10522 = SURFACE_SIDE_STYLE('',(#10523));
#10523 = SURFACE_STYLE_FILL_AREA(#10524);
#10524 = FILL_AREA_STYLE('',(#10525));
#10525 = FILL_AREA_STYLE_COLOUR('',#10231);
#10526 = STYLED_ITEM('color',(#10527),#6062);
#10527 = PRESENTATION_STYLE_ASSIGNMENT((#10528));
#10528 = SURFACE_STYLE_USAGE(.BOTH.,#10529);
#10529 = SURFACE_SIDE_STYLE('',(#10530));
#10530 = SURFACE_STYLE_FILL_AREA(#10531);
#10531 = FILL_AREA_STYLE('',(#10532));
#10532 = FILL_AREA_STYLE_COLOUR('',#10231);
#10533 = STYLED_ITEM('color',(#10534),#6079);
#10534 = PRESENTATION_STYLE_ASSIGNMENT((#10535));
#10535 = SURFACE_STYLE_USAGE(.BOTH.,#10536);
#10536 = SURFACE_SIDE_STYLE('',(#10537));
#10537 = SURFACE_STYLE_FILL_AREA(#10538);
#10538 = FILL_AREA_STYLE('',(#10539));
#10539 = FILL_AREA_STYLE_COLOUR('',#10231);
#10540 = STYLED_ITEM('color',(#10541),#6110);
#10541 = PRESENTATION_STYLE_ASSIGNMENT((#10542));
#10542 = SURFACE_STYLE_USAGE(.BOTH.,#10543);
#10543 = SURFACE_SIDE_STYLE('',(#10544));
#10544 = SURFACE_STYLE_FILL_AREA(#10545);
#10545 = FILL_AREA_STYLE('',(#10546));
#10546 = FILL_AREA_STYLE_COLOUR('',#10231);
#10547 = STYLED_ITEM('color',(#10548),#6134);
#10548 = PRESENTATION_STYLE_ASSIGNMENT((#10549));
#10549 = SURFACE_STYLE_USAGE(.BOTH.,#10550);
#10550 = SURFACE_SIDE_STYLE('',(#10551));
#10551 = SURFACE_STYLE_FILL_AREA(#10552);
#10552 = FILL_AREA_STYLE('',(#10553));
#10553 = FILL_AREA_STYLE_COLOUR('',#10231);
#10554 = STYLED_ITEM('color',(#10555),#6158);
#10555 = PRESENTATION_STYLE_ASSIGNMENT((#10556));
#10556 = SURFACE_STYLE_USAGE(.BOTH.,#10557);
#10557 = SURFACE_SIDE_STYLE('',(#10558));
#10558 = SURFACE_STYLE_FILL_AREA(#10559);
#10559 = FILL_AREA_STYLE('',(#10560));
#10560 = FILL_AREA_STYLE_COLOUR('',#10231);
#10561 = STYLED_ITEM('color',(#10562),#6175);
#10562 = PRESENTATION_STYLE_ASSIGNMENT((#10563));
#10563 = SURFACE_STYLE_USAGE(.BOTH.,#10564);
#10564 = SURFACE_SIDE_STYLE('',(#10565));
#10565 = SURFACE_STYLE_FILL_AREA(#10566);
#10566 = FILL_AREA_STYLE('',(#10567));
#10567 = FILL_AREA_STYLE_COLOUR('',#10231);
#10568 = STYLED_ITEM('color',(#10569),#6206);
#10569 = PRESENTATION_STYLE_ASSIGNMENT((#10570));
#10570 = SURFACE_STYLE_USAGE(.BOTH.,#10571);
#10571 = SURFACE_SIDE_STYLE('',(#10572));
#10572 = SURFACE_STYLE_FILL_AREA(#10573);
#10573 = FILL_AREA_STYLE('',(#10574));
#10574 = FILL_AREA_STYLE_COLOUR('',#10231);
#10575 = STYLED_ITEM('color',(#10576),#6230);
#10576 = PRESENTATION_STYLE_ASSIGNMENT((#10577));
#10577 = SURFACE_STYLE_USAGE(.BOTH.,#10578);
#10578 = SURFACE_SIDE_STYLE('',(#10579));
#10579 = SURFACE_STYLE_FILL_AREA(#10580);
#10580 = FILL_AREA_STYLE('',(#10581));
#10581 = FILL_AREA_STYLE_COLOUR('',#10231);
#10582 = STYLED_ITEM('color',(#10583),#6254);
#10583 = PRESENTATION_STYLE_ASSIGNMENT((#10584));
#10584 = SURFACE_STYLE_USAGE(.BOTH.,#10585);
#10585 = SURFACE_SIDE_STYLE('',(#10586));
#10586 = SURFACE_STYLE_FILL_AREA(#10587);
#10587 = FILL_AREA_STYLE('',(#10588));
#10588 = FILL_AREA_STYLE_COLOUR('',#10231);
#10589 = STYLED_ITEM('color',(#10590),#6271);
#10590 = PRESENTATION_STYLE_ASSIGNMENT((#10591));
#10591 = SURFACE_STYLE_USAGE(.BOTH.,#10592);
#10592 = SURFACE_SIDE_STYLE('',(#10593));
#10593 = SURFACE_STYLE_FILL_AREA(#10594);
#10594 = FILL_AREA_STYLE('',(#10595));
#10595 = FILL_AREA_STYLE_COLOUR('',#10231);
#10596 = STYLED_ITEM('color',(#10597),#6302);
#10597 = PRESENTATION_STYLE_ASSIGNMENT((#10598));
#10598 = SURFACE_STYLE_USAGE(.BOTH.,#10599);
#10599 = SURFACE_SIDE_STYLE('',(#10600));
#10600 = SURFACE_STYLE_FILL_AREA(#10601);
#10601 = FILL_AREA_STYLE('',(#10602));
#10602 = FILL_AREA_STYLE_COLOUR('',#10231);
#10603 = STYLED_ITEM('color',(#10604),#6326);
#10604 = PRESENTATION_STYLE_ASSIGNMENT((#10605));
#10605 = SURFACE_STYLE_USAGE(.BOTH.,#10606);
#10606 = SURFACE_SIDE_STYLE('',(#10607));
#10607 = SURFACE_STYLE_FILL_AREA(#10608);
#10608 = FILL_AREA_STYLE('',(#10609));
#10609 = FILL_AREA_STYLE_COLOUR('',#10231);
#10610 = STYLED_ITEM('color',(#10611),#6350);
#10611 = PRESENTATION_STYLE_ASSIGNMENT((#10612));
#10612 = SURFACE_STYLE_USAGE(.BOTH.,#10613);
#10613 = SURFACE_SIDE_STYLE('',(#10614));
#10614 = SURFACE_STYLE_FILL_AREA(#10615);
#10615 = FILL_AREA_STYLE('',(#10616));
#10616 = FILL_AREA_STYLE_COLOUR('',#10231);
#10617 = STYLED_ITEM('color',(#10618),#6367);
#10618 = PRESENTATION_STYLE_ASSIGNMENT((#10619));
#10619 = SURFACE_STYLE_USAGE(.BOTH.,#10620);
#10620 = SURFACE_SIDE_STYLE('',(#10621));
#10621 = SURFACE_STYLE_FILL_AREA(#10622);
#10622 = FILL_AREA_STYLE('',(#10623));
#10623 = FILL_AREA_STYLE_COLOUR('',#10231);
#10624 = STYLED_ITEM('color',(#10625),#6398);
#10625 = PRESENTATION_STYLE_ASSIGNMENT((#10626));
#10626 = SURFACE_STYLE_USAGE(.BOTH.,#10627);
#10627 = SURFACE_SIDE_STYLE('',(#10628));
#10628 = SURFACE_STYLE_FILL_AREA(#10629);
#10629 = FILL_AREA_STYLE('',(#10630));
#10630 = FILL_AREA_STYLE_COLOUR('',#10231);
#10631 = STYLED_ITEM('color',(#10632),#6422);
#10632 = PRESENTATION_STYLE_ASSIGNMENT((#10633));
#10633 = SURFACE_STYLE_USAGE(.BOTH.,#10634);
#10634 = SURFACE_SIDE_STYLE('',(#10635));
#10635 = SURFACE_STYLE_FILL_AREA(#10636);
#10636 = FILL_AREA_STYLE('',(#10637));
#10637 = FILL_AREA_STYLE_COLOUR('',#10231);
#10638 = STYLED_ITEM('color',(#10639),#6446);
#10639 = PRESENTATION_STYLE_ASSIGNMENT((#10640));
#10640 = SURFACE_STYLE_USAGE(.BOTH.,#10641);
#10641 = SURFACE_SIDE_STYLE('',(#10642));
#10642 = SURFACE_STYLE_FILL_AREA(#10643);
#10643 = FILL_AREA_STYLE('',(#10644));
#10644 = FILL_AREA_STYLE_COLOUR('',#10231);
#10645 = STYLED_ITEM('color',(#10646),#6463);
#10646 = PRESENTATION_STYLE_ASSIGNMENT((#10647));
#10647 = SURFACE_STYLE_USAGE(.BOTH.,#10648);
#10648 = SURFACE_SIDE_STYLE('',(#10649));
#10649 = SURFACE_STYLE_FILL_AREA(#10650);
#10650 = FILL_AREA_STYLE('',(#10651));
#10651 = FILL_AREA_STYLE_COLOUR('',#10231);
#10652 = STYLED_ITEM('color',(#10653),#6494);
#10653 = PRESENTATION_STYLE_ASSIGNMENT((#10654));
#10654 = SURFACE_STYLE_USAGE(.BOTH.,#10655);
#10655 = SURFACE_SIDE_STYLE('',(#10656));
#10656 = SURFACE_STYLE_FILL_AREA(#10657);
#10657 = FILL_AREA_STYLE('',(#10658));
#10658 = FILL_AREA_STYLE_COLOUR('',#10231);
#10659 = STYLED_ITEM('color',(#10660),#6518);
#10660 = PRESENTATION_STYLE_ASSIGNMENT((#10661));
#10661 = SURFACE_STYLE_USAGE(.BOTH.,#10662);
#10662 = SURFACE_SIDE_STYLE('',(#10663));
#10663 = SURFACE_STYLE_FILL_AREA(#10664);
#10664 = FILL_AREA_STYLE('',(#10665));
#10665 = FILL_AREA_STYLE_COLOUR('',#10231);
#10666 = STYLED_ITEM('color',(#10667),#6542);
#10667 = PRESENTATION_STYLE_ASSIGNMENT((#10668));
#10668 = SURFACE_STYLE_USAGE(.BOTH.,#10669);
#10669 = SURFACE_SIDE_STYLE('',(#10670));
#10670 = SURFACE_STYLE_FILL_AREA(#10671);
#10671 = FILL_AREA_STYLE('',(#10672));
#10672 = FILL_AREA_STYLE_COLOUR('',#10231);
#10673 = STYLED_ITEM('color',(#10674),#6559);
#10674 = PRESENTATION_STYLE_ASSIGNMENT((#10675));
#10675 = SURFACE_STYLE_USAGE(.BOTH.,#10676);
#10676 = SURFACE_SIDE_STYLE('',(#10677));
#10677 = SURFACE_STYLE_FILL_AREA(#10678);
#10678 = FILL_AREA_STYLE('',(#10679));
#10679 = FILL_AREA_STYLE_COLOUR('',#10231);
#10680 = STYLED_ITEM('color',(#10681),#6590);
#10681 = PRESENTATION_STYLE_ASSIGNMENT((#10682));
#10682 = SURFACE_STYLE_USAGE(.BOTH.,#10683);
#10683 = SURFACE_SIDE_STYLE('',(#10684));
#10684 = SURFACE_STYLE_FILL_AREA(#10685);
#10685 = FILL_AREA_STYLE('',(#10686));
#10686 = FILL_AREA_STYLE_COLOUR('',#10231);
#10687 = STYLED_ITEM('color',(#10688),#6614);
#10688 = PRESENTATION_STYLE_ASSIGNMENT((#10689));
#10689 = SURFACE_STYLE_USAGE(.BOTH.,#10690);
#10690 = SURFACE_SIDE_STYLE('',(#10691));
#10691 = SURFACE_STYLE_FILL_AREA(#10692);
#10692 = FILL_AREA_STYLE('',(#10693));
#10693 = FILL_AREA_STYLE_COLOUR('',#10231);
#10694 = STYLED_ITEM('color',(#10695),#6638);
#10695 = PRESENTATION_STYLE_ASSIGNMENT((#10696));
#10696 = SURFACE_STYLE_USAGE(.BOTH.,#10697);
#10697 = SURFACE_SIDE_STYLE('',(#10698));
#10698 = SURFACE_STYLE_FILL_AREA(#10699);
#10699 = FILL_AREA_STYLE('',(#10700));
#10700 = FILL_AREA_STYLE_COLOUR('',#10231);
#10701 = STYLED_ITEM('color',(#10702),#6655);
#10702 = PRESENTATION_STYLE_ASSIGNMENT((#10703));
#10703 = SURFACE_STYLE_USAGE(.BOTH.,#10704);
#10704 = SURFACE_SIDE_STYLE('',(#10705));
#10705 = SURFACE_STYLE_FILL_AREA(#10706);
#10706 = FILL_AREA_STYLE('',(#10707));
#10707 = FILL_AREA_STYLE_COLOUR('',#10231);
#10708 = STYLED_ITEM('color',(#10709),#6686);
#10709 = PRESENTATION_STYLE_ASSIGNMENT((#10710));
#10710 = SURFACE_STYLE_USAGE(.BOTH.,#10711);
#10711 = SURFACE_SIDE_STYLE('',(#10712));
#10712 = SURFACE_STYLE_FILL_AREA(#10713);
#10713 = FILL_AREA_STYLE('',(#10714));
#10714 = FILL_AREA_STYLE_COLOUR('',#10231);
#10715 = STYLED_ITEM('color',(#10716),#6710);
#10716 = PRESENTATION_STYLE_ASSIGNMENT((#10717));
#10717 = SURFACE_STYLE_USAGE(.BOTH.,#10718);
#10718 = SURFACE_SIDE_STYLE('',(#10719));
#10719 = SURFACE_STYLE_FILL_AREA(#10720);
#10720 = FILL_AREA_STYLE('',(#10721));
#10721 = FILL_AREA_STYLE_COLOUR('',#10231);
#10722 = STYLED_ITEM('color',(#10723),#6734);
#10723 = PRESENTATION_STYLE_ASSIGNMENT((#10724));
#10724 = SURFACE_STYLE_USAGE(.BOTH.,#10725);
#10725 = SURFACE_SIDE_STYLE('',(#10726));
#10726 = SURFACE_STYLE_FILL_AREA(#10727);
#10727 = FILL_AREA_STYLE('',(#10728));
#10728 = FILL_AREA_STYLE_COLOUR('',#10231);
#10729 = STYLED_ITEM('color',(#10730),#6751);
#10730 = PRESENTATION_STYLE_ASSIGNMENT((#10731));
#10731 = SURFACE_STYLE_USAGE(.BOTH.,#10732);
#10732 = SURFACE_SIDE_STYLE('',(#10733));
#10733 = SURFACE_STYLE_FILL_AREA(#10734);
#10734 = FILL_AREA_STYLE('',(#10735));
#10735 = FILL_AREA_STYLE_COLOUR('',#10231);
#10736 = STYLED_ITEM('color',(#10737),#6782);
#10737 = PRESENTATION_STYLE_ASSIGNMENT((#10738));
#10738 = SURFACE_STYLE_USAGE(.BOTH.,#10739);
#10739 = SURFACE_SIDE_STYLE('',(#10740));
#10740 = SURFACE_STYLE_FILL_AREA(#10741);
#10741 = FILL_AREA_STYLE('',(#10742));
#10742 = FILL_AREA_STYLE_COLOUR('',#10231);
#10743 = STYLED_ITEM('color',(#10744),#6806);
#10744 = PRESENTATION_STYLE_ASSIGNMENT((#10745));
#10745 = SURFACE_STYLE_USAGE(.BOTH.,#10746);
#10746 = SURFACE_SIDE_STYLE('',(#10747));
#10747 = SURFACE_STYLE_FILL_AREA(#10748);
#10748 = FILL_AREA_STYLE('',(#10749));
#10749 = FILL_AREA_STYLE_COLOUR('',#10231);
#10750 = STYLED_ITEM('color',(#10751),#6830);
#10751 = PRESENTATION_STYLE_ASSIGNMENT((#10752));
#10752 = SURFACE_STYLE_USAGE(.BOTH.,#10753);
#10753 = SURFACE_SIDE_STYLE('',(#10754));
#10754 = SURFACE_STYLE_FILL_AREA(#10755);
#10755 = FILL_AREA_STYLE('',(#10756));
#10756 = FILL_AREA_STYLE_COLOUR('',#10231);
#10757 = STYLED_ITEM('color',(#10758),#6847);
#10758 = PRESENTATION_STYLE_ASSIGNMENT((#10759));
#10759 = SURFACE_STYLE_USAGE(.BOTH.,#10760);
#10760 = SURFACE_SIDE_STYLE('',(#10761));
#10761 = SURFACE_STYLE_FILL_AREA(#10762);
#10762 = FILL_AREA_STYLE('',(#10763));
#10763 = FILL_AREA_STYLE_COLOUR('',#10231);
#10764 = STYLED_ITEM('color',(#10765),#6878);
#10765 = PRESENTATION_STYLE_ASSIGNMENT((#10766));
#10766 = SURFACE_STYLE_USAGE(.BOTH.,#10767);
#10767 = SURFACE_SIDE_STYLE('',(#10768));
#10768 = SURFACE_STYLE_FILL_AREA(#10769);
#10769 = FILL_AREA_STYLE('',(#10770));
#10770 = FILL_AREA_STYLE_COLOUR('',#10231);
#10771 = STYLED_ITEM('color',(#10772),#6902);
#10772 = PRESENTATION_STYLE_ASSIGNMENT((#10773));
#10773 = SURFACE_STYLE_USAGE(.BOTH.,#10774);
#10774 = SURFACE_SIDE_STYLE('',(#10775));
#10775 = SURFACE_STYLE_FILL_AREA(#10776);
#10776 = FILL_AREA_STYLE('',(#10777));
#10777 = FILL_AREA_STYLE_COLOUR('',#10231);
#10778 = STYLED_ITEM('color',(#10779),#6926);
#10779 = PRESENTATION_STYLE_ASSIGNMENT((#10780));
#10780 = SURFACE_STYLE_USAGE(.BOTH.,#10781);
#10781 = SURFACE_SIDE_STYLE('',(#10782));
#10782 = SURFACE_STYLE_FILL_AREA(#10783);
#10783 = FILL_AREA_STYLE('',(#10784));
#10784 = FILL_AREA_STYLE_COLOUR('',#10231);
#10785 = STYLED_ITEM('color',(#10786),#6943);
#10786 = PRESENTATION_STYLE_ASSIGNMENT((#10787));
#10787 = SURFACE_STYLE_USAGE(.BOTH.,#10788);
#10788 = SURFACE_SIDE_STYLE('',(#10789));
#10789 = SURFACE_STYLE_FILL_AREA(#10790);
#10790 = FILL_AREA_STYLE('',(#10791));
#10791 = FILL_AREA_STYLE_COLOUR('',#10231);
#10792 = STYLED_ITEM('color',(#10793),#6974);
#10793 = PRESENTATION_STYLE_ASSIGNMENT((#10794));
#10794 = SURFACE_STYLE_USAGE(.BOTH.,#10795);
#10795 = SURFACE_SIDE_STYLE('',(#10796));
#10796 = SURFACE_STYLE_FILL_AREA(#10797);
#10797 = FILL_AREA_STYLE('',(#10798));
#10798 = FILL_AREA_STYLE_COLOUR('',#10231);
#10799 = STYLED_ITEM('color',(#10800),#6998);
#10800 = PRESENTATION_STYLE_ASSIGNMENT((#10801));
#10801 = SURFACE_STYLE_USAGE(.BOTH.,#10802);
#10802 = SURFACE_SIDE_STYLE('',(#10803));
#10803 = SURFACE_STYLE_FILL_AREA(#10804);
#10804 = FILL_AREA_STYLE('',(#10805));
#10805 = FILL_AREA_STYLE_COLOUR('',#10231);
#10806 = STYLED_ITEM('color',(#10807),#7022);
#10807 = PRESENTATION_STYLE_ASSIGNMENT((#10808));
#10808 = SURFACE_STYLE_USAGE(.BOTH.,#10809);
#10809 = SURFACE_SIDE_STYLE('',(#10810));
#10810 = SURFACE_STYLE_FILL_AREA(#10811);
#10811 = FILL_AREA_STYLE('',(#10812));
#10812 = FILL_AREA_STYLE_COLOUR('',#10231);
#10813 = STYLED_ITEM('color',(#10814),#7039);
#10814 = PRESENTATION_STYLE_ASSIGNMENT((#10815));
#10815 = SURFACE_STYLE_USAGE(.BOTH.,#10816);
#10816 = SURFACE_SIDE_STYLE('',(#10817));
#10817 = SURFACE_STYLE_FILL_AREA(#10818);
#10818 = FILL_AREA_STYLE('',(#10819));
#10819 = FILL_AREA_STYLE_COLOUR('',#10231);
#10820 = STYLED_ITEM('color',(#10821),#7070);
#10821 = PRESENTATION_STYLE_ASSIGNMENT((#10822));
#10822 = SURFACE_STYLE_USAGE(.BOTH.,#10823);
#10823 = SURFACE_SIDE_STYLE('',(#10824));
#10824 = SURFACE_STYLE_FILL_AREA(#10825);
#10825 = FILL_AREA_STYLE('',(#10826));
#10826 = FILL_AREA_STYLE_COLOUR('',#10231);
#10827 = STYLED_ITEM('color',(#10828),#7094);
#10828 = PRESENTATION_STYLE_ASSIGNMENT((#10829));
#10829 = SURFACE_STYLE_USAGE(.BOTH.,#10830);
#10830 = SURFACE_SIDE_STYLE('',(#10831));
#10831 = SURFACE_STYLE_FILL_AREA(#10832);
#10832 = FILL_AREA_STYLE('',(#10833));
#10833 = FILL_AREA_STYLE_COLOUR('',#10231);
#10834 = STYLED_ITEM('color',(#10835),#7118);
#10835 = PRESENTATION_STYLE_ASSIGNMENT((#10836));
#10836 = SURFACE_STYLE_USAGE(.BOTH.,#10837);
#10837 = SURFACE_SIDE_STYLE('',(#10838));
#10838 = SURFACE_STYLE_FILL_AREA(#10839);
#10839 = FILL_AREA_STYLE('',(#10840));
#10840 = FILL_AREA_STYLE_COLOUR('',#10231);
#10841 = STYLED_ITEM('color',(#10842),#7135);
#10842 = PRESENTATION_STYLE_ASSIGNMENT((#10843));
#10843 = SURFACE_STYLE_USAGE(.BOTH.,#10844);
#10844 = SURFACE_SIDE_STYLE('',(#10845));
#10845 = SURFACE_STYLE_FILL_AREA(#10846);
#10846 = FILL_AREA_STYLE('',(#10847));
#10847 = FILL_AREA_STYLE_COLOUR('',#10231);
#10848 = STYLED_ITEM('color',(#10849),#7166);
#10849 = PRESENTATION_STYLE_ASSIGNMENT((#10850));
#10850 = SURFACE_STYLE_USAGE(.BOTH.,#10851);
#10851 = SURFACE_SIDE_STYLE('',(#10852));
#10852 = SURFACE_STYLE_FILL_AREA(#10853);
#10853 = FILL_AREA_STYLE('',(#10854));
#10854 = FILL_AREA_STYLE_COLOUR('',#10231);
#10855 = STYLED_ITEM('color',(#10856),#7190);
#10856 = PRESENTATION_STYLE_ASSIGNMENT((#10857));
#10857 = SURFACE_STYLE_USAGE(.BOTH.,#10858);
#10858 = SURFACE_SIDE_STYLE('',(#10859));
#10859 = SURFACE_STYLE_FILL_AREA(#10860);
#10860 = FILL_AREA_STYLE('',(#10861));
#10861 = FILL_AREA_STYLE_COLOUR('',#10231);
#10862 = STYLED_ITEM('color',(#10863),#7214);
#10863 = PRESENTATION_STYLE_ASSIGNMENT((#10864));
#10864 = SURFACE_STYLE_USAGE(.BOTH.,#10865);
#10865 = SURFACE_SIDE_STYLE('',(#10866));
#10866 = SURFACE_STYLE_FILL_AREA(#10867);
#10867 = FILL_AREA_STYLE('',(#10868));
#10868 = FILL_AREA_STYLE_COLOUR('',#10231);
#10869 = STYLED_ITEM('color',(#10870),#7231);
#10870 = PRESENTATION_STYLE_ASSIGNMENT((#10871));
#10871 = SURFACE_STYLE_USAGE(.BOTH.,#10872);
#10872 = SURFACE_SIDE_STYLE('',(#10873));
#10873 = SURFACE_STYLE_FILL_AREA(#10874);
#10874 = FILL_AREA_STYLE('',(#10875));
#10875 = FILL_AREA_STYLE_COLOUR('',#10231);
#10876 = STYLED_ITEM('color',(#10877),#7262);
#10877 = PRESENTATION_STYLE_ASSIGNMENT((#10878));
#10878 = SURFACE_STYLE_USAGE(.BOTH.,#10879);
#10879 = SURFACE_SIDE_STYLE('',(#10880));
#10880 = SURFACE_STYLE_FILL_AREA(#10881);
#10881 = FILL_AREA_STYLE('',(#10882));
#10882 = FILL_AREA_STYLE_COLOUR('',#10231);
#10883 = STYLED_ITEM('color',(#10884),#7286);
#10884 = PRESENTATION_STYLE_ASSIGNMENT((#10885));
#10885 = SURFACE_STYLE_USAGE(.BOTH.,#10886);
#10886 = SURFACE_SIDE_STYLE('',(#10887));
#10887 = SURFACE_STYLE_FILL_AREA(#10888);
#10888 = FILL_AREA_STYLE('',(#10889));
#10889 = FILL_AREA_STYLE_COLOUR('',#10231);
#10890 = STYLED_ITEM('color',(#10891),#7310);
#10891 = PRESENTATION_STYLE_ASSIGNMENT((#10892));
#10892 = SURFACE_STYLE_USAGE(.BOTH.,#10893);
#10893 = SURFACE_SIDE_STYLE('',(#10894));
#10894 = SURFACE_STYLE_FILL_AREA(#10895);
#10895 = FILL_AREA_STYLE('',(#10896));
#10896 = FILL_AREA_STYLE_COLOUR('',#10231);
#10897 = STYLED_ITEM('color',(#10898),#7327);
#10898 = PRESENTATION_STYLE_ASSIGNMENT((#10899));
#10899 = SURFACE_STYLE_USAGE(.BOTH.,#10900);
#10900 = SURFACE_SIDE_STYLE('',(#10901));
#10901 = SURFACE_STYLE_FILL_AREA(#10902);
#10902 = FILL_AREA_STYLE('',(#10903));
#10903 = FILL_AREA_STYLE_COLOUR('',#10231);
#10904 = STYLED_ITEM('color',(#10905),#7339);
#10905 = PRESENTATION_STYLE_ASSIGNMENT((#10906));
#10906 = SURFACE_STYLE_USAGE(.BOTH.,#10907);
#10907 = SURFACE_SIDE_STYLE('',(#10908));
#10908 = SURFACE_STYLE_FILL_AREA(#10909);
#10909 = FILL_AREA_STYLE('',(#10910));
#10910 = FILL_AREA_STYLE_COLOUR('',#10231);
#10911 = STYLED_ITEM('color',(#10912),#7351);
#10912 = PRESENTATION_STYLE_ASSIGNMENT((#10913));
#10913 = SURFACE_STYLE_USAGE(.BOTH.,#10914);
#10914 = SURFACE_SIDE_STYLE('',(#10915));
#10915 = SURFACE_STYLE_FILL_AREA(#10916);
#10916 = FILL_AREA_STYLE('',(#10917));
#10917 = FILL_AREA_STYLE_COLOUR('',#10231);
#10918 = STYLED_ITEM('color',(#10919),#7363);
#10919 = PRESENTATION_STYLE_ASSIGNMENT((#10920));
#10920 = SURFACE_STYLE_USAGE(.BOTH.,#10921);
#10921 = SURFACE_SIDE_STYLE('',(#10922));
#10922 = SURFACE_STYLE_FILL_AREA(#10923);
#10923 = FILL_AREA_STYLE('',(#10924));
#10924 = FILL_AREA_STYLE_COLOUR('',#10231);
#10925 = STYLED_ITEM('color',(#10926),#7375);
#10926 = PRESENTATION_STYLE_ASSIGNMENT((#10927));
#10927 = SURFACE_STYLE_USAGE(.BOTH.,#10928);
#10928 = SURFACE_SIDE_STYLE('',(#10929));
#10929 = SURFACE_STYLE_FILL_AREA(#10930);
#10930 = FILL_AREA_STYLE('',(#10931));
#10931 = FILL_AREA_STYLE_COLOUR('',#10231);
#10932 = STYLED_ITEM('color',(#10933),#7387);
#10933 = PRESENTATION_STYLE_ASSIGNMENT((#10934));
#10934 = SURFACE_STYLE_USAGE(.BOTH.,#10935);
#10935 = SURFACE_SIDE_STYLE('',(#10936));
#10936 = SURFACE_STYLE_FILL_AREA(#10937);
#10937 = FILL_AREA_STYLE('',(#10938));
#10938 = FILL_AREA_STYLE_COLOUR('',#10231);
#10939 = STYLED_ITEM('color',(#10940),#7399);
#10940 = PRESENTATION_STYLE_ASSIGNMENT((#10941));
#10941 = SURFACE_STYLE_USAGE(.BOTH.,#10942);
#10942 = SURFACE_SIDE_STYLE('',(#10943));
#10943 = SURFACE_STYLE_FILL_AREA(#10944);
#10944 = FILL_AREA_STYLE('',(#10945));
#10945 = FILL_AREA_STYLE_COLOUR('',#10231);
#10946 = STYLED_ITEM('color',(#10947),#7411);
#10947 = PRESENTATION_STYLE_ASSIGNMENT((#10948));
#10948 = SURFACE_STYLE_USAGE(.BOTH.,#10949);
#10949 = SURFACE_SIDE_STYLE('',(#10950));
#10950 = SURFACE_STYLE_FILL_AREA(#10951);
#10951 = FILL_AREA_STYLE('',(#10952));
#10952 = FILL_AREA_STYLE_COLOUR('',#10231);
#10953 = STYLED_ITEM('color',(#10954),#7423);
#10954 = PRESENTATION_STYLE_ASSIGNMENT((#10955));
#10955 = SURFACE_STYLE_USAGE(.BOTH.,#10956);
#10956 = SURFACE_SIDE_STYLE('',(#10957));
#10957 = SURFACE_STYLE_FILL_AREA(#10958);
#10958 = FILL_AREA_STYLE('',(#10959));
#10959 = FILL_AREA_STYLE_COLOUR('',#10231);
#10960 = STYLED_ITEM('color',(#10961),#7435);
#10961 = PRESENTATION_STYLE_ASSIGNMENT((#10962));
#10962 = SURFACE_STYLE_USAGE(.BOTH.,#10963);
#10963 = SURFACE_SIDE_STYLE('',(#10964));
#10964 = SURFACE_STYLE_FILL_AREA(#10965);
#10965 = FILL_AREA_STYLE('',(#10966));
#10966 = FILL_AREA_STYLE_COLOUR('',#10231);
#10967 = STYLED_ITEM('color',(#10968),#7447);
#10968 = PRESENTATION_STYLE_ASSIGNMENT((#10969));
#10969 = SURFACE_STYLE_USAGE(.BOTH.,#10970);
#10970 = SURFACE_SIDE_STYLE('',(#10971));
#10971 = SURFACE_STYLE_FILL_AREA(#10972);
#10972 = FILL_AREA_STYLE('',(#10973));
#10973 = FILL_AREA_STYLE_COLOUR('',#10231);
#10974 = STYLED_ITEM('color',(#10975),#7459);
#10975 = PRESENTATION_STYLE_ASSIGNMENT((#10976));
#10976 = SURFACE_STYLE_USAGE(.BOTH.,#10977);
#10977 = SURFACE_SIDE_STYLE('',(#10978));
#10978 = SURFACE_STYLE_FILL_AREA(#10979);
#10979 = FILL_AREA_STYLE('',(#10980));
#10980 = FILL_AREA_STYLE_COLOUR('',#10231);
#10981 = MECHANICAL_DESIGN_GEOMETRIC_PRESENTATION_REPRESENTATION('',(
    #10982),#9194);
#10982 = STYLED_ITEM('color',(#10983),#7500);
#10983 = PRESENTATION_STYLE_ASSIGNMENT((#10984));
#10984 = SURFACE_STYLE_USAGE(.BOTH.,#10985);
#10985 = SURFACE_SIDE_STYLE('',(#10986));
#10986 = SURFACE_STYLE_FILL_AREA(#10987);
#10987 = FILL_AREA_STYLE('',(#10988));
#10988 = FILL_AREA_STYLE_COLOUR('',#10989);
#10989 = COLOUR_RGB('',0.313304153717,0.484529207832,0.410020903123);
ENDSEC;
END-ISO-10303-21;
